tract_geoid,ALAND,AWATER,acs_geographic_name,state_fips,county_fips,tract_code,borough,total_households_estimate,total_households_moe,zero_vehicle_households_estimate,zero_vehicle_households_moe,total_households_lower,total_households_upper,zero_vehicle_households_lower,zero_vehicle_households_upper,zero_vehicle_household_rate,zero_vehicle_rate_se,zero_vehicle_rate_moe,zero_vehicle_rate_ci_lower,zero_vehicle_rate_ci_upper,zero_vehicle_rate_ci_width,zero_vehicle_rate_cv,zero_vehicle_rate_moe_method,rate_cv_reference_group
36081003400,213987,0,Census Tract 34; Queens County; New York,36,081,003400,Queens,728,104,304,116,624,832,188,420,0.4175824175824176,0.08981908609630626,0.1477523966284238,0.2698300209539938,0.5653348142108414,0.29550479325684764,0.2150930745990492,proportion approximation,CV <= 30% diagnostic reference
36081003900,146970,0,Census Tract 39; Queens County; New York,36,081,003900,Queens,519,192,170,58,327,711,112,228,0.32755298651252407,0.10020693372294864,0.1648404059742505,0.16271258053827356,0.4923933924867746,0.3296808119485011,0.3059258741306491,alternative ratio approximation,CV > 30% diagnostic reference
36081003600,180006,0,Census Tract 36; Queens County; New York,36,081,003600,Queens,1070,237,369,195,833,1307,174,564,0.3448598130841122,0.10058515303672869,0.1654625767454187,0.17939723633869348,0.5103223898295308,0.33092515349083734,0.2916696849574517,proportion approximation,CV <= 30% diagnostic reference
36081003700,386629,14591,Census Tract 37; Queens County; New York,36,081,003700,Queens,0,14,0,14,0,14,0,14,,,,,,,,not calculated,CV unavailable
36081003800,176214,0,Census Tract 38; Queens County; New York,36,081,003800,Queens,702,90,246,90,612,792,156,336,0.3504273504273504,0.07299430416214323,0.12007563034672561,0.2303517200806248,0.47050298077407604,0.24015126069345125,0.20830081919440874,proportion approximation,CV <= 30% diagnostic reference
36081004001,174292,0,Census Tract 40.01; Queens County; New York,36,081,004001,Queens,670,98,151,67,572,768,84,218,0.2253731343283582,0.05739228716851093,0.09441031239220048,0.13096282193615771,0.3197834467205587,0.18882062478440098,0.2546545192245187,proportion approximation,CV <= 30% diagnostic reference
36081004200,200287,0,Census Tract 42; Queens County; New York,36,081,004200,Queens,1155,138,286,128,1017,1293,158,414,0.24761904761904763,0.06492423435676732,0.10680036551688224,0.1408186821021654,0.35441941313592984,0.21360073103376445,0.26219402336386805,proportion approximation,CV <= 30% diagnostic reference
36081004300,170813,0,Census Tract 43; Queens County; New York,36,081,004300,Queens,1008,151,677,177,857,1159,500,854,0.6716269841269841,0.08748554009340537,0.14391371345365184,0.5277132706733323,0.8155406975806359,0.28782742690730356,0.13025912025724168,proportion approximation,CV <= 30% diagnostic reference
36081077907,216834,0,Census Tract 779.07; Queens County; New York,36,081,077907,Queens,1100,207,417,205,893,1307,212,622,0.3790909090909091,0.1046622316919058,0.17216937113318506,0.20692153795772403,0.5512602802240941,0.34433874226637007,0.27608742172924794,proportion approximation,CV <= 30% diagnostic reference
36081024000,269563,0,Census Tract 240; Queens County; New York,36,081,024000,Queens,2215,343,1398,266,1872,2558,1132,1664,0.6311512415349887,0.04242004798875017,0.06978097894149403,0.5613702625934947,0.7009322204764827,0.13956195788298809,0.06721059105513708,proportion approximation,CV <= 30% diagnostic reference
36081024300,540128,0,Census Tract 243; Queens County; New York,36,081,024300,Queens,2344,421,614,185,1923,2765,429,799,0.2619453924914676,0.0385224665367416,0.06336945745293994,0.19857593503852766,0.3253148499444075,0.12673891490587985,0.14706296671355426,proportion approximation,CV <= 30% diagnostic reference
36081077908,200497,0,Census Tract 779.08; Queens County; New York,36,081,077908,Queens,1194,120,409,162,1074,1314,247,571,0.3425460636515913,0.07977996924693866,0.13123804941121409,0.2113080142403772,0.4737841130628054,0.26247609882242817,0.2329028931071999,proportion approximation,CV <= 30% diagnostic reference
36081024500,257660,0,Census Tract 245; Queens County; New York,36,081,024500,Queens,2198,204,684,225,1994,2402,459,909,0.3111919927206551,0.059700166685193005,0.0982067741971425,0.21298521852351263,0.40939876691779764,0.19641354839428501,0.19184351809072256,proportion approximation,CV <= 30% diagnostic reference
36081024900,204083,0,Census Tract 249; Queens County; New York,36,081,024900,Queens,2118,302,889,184,1816,2420,705,1073,0.4197355996222852,0.038279833778450956,0.06297032656555182,0.35676527305673333,0.48270592618783703,0.1259406531311037,0.09119987395136009,proportion approximation,CV <= 30% diagnostic reference
36081025100,245619,0,Census Tract 251; Queens County; New York,36,081,025100,Queens,2535,255,1429,295,2280,2790,1134,1724,0.5637080867850098,0.06177554212199316,0.10162076679067875,0.46208731999433106,0.6653288535756886,0.20324153358135755,0.10958782314853231,proportion approximation,CV <= 30% diagnostic reference
36081025500,218248,0,Census Tract 255; Queens County; New York,36,081,025500,Queens,494,62,204,94,432,556,110,298,0.41295546558704455,0.11130031343363976,0.1830890155983374,0.22986644998870714,0.596044481185382,0.36617803119667486,0.26952134723636295,proportion approximation,CV <= 30% diagnostic reference
36081025700,150587,0,Census Tract 257; Queens County; New York,36,081,025700,Queens,595,88,255,79,507,683,176,334,0.42857142857142855,0.07092168440149595,0.11666617084046084,0.3119052577309677,0.5452375994118894,0.2333323416809217,0.1654839302701572,proportion approximation,CV <= 30% diagnostic reference
36081097204,391826,0,Census Tract 972.04; Queens County; New York,36,081,097204,Queens,1315,175,668,187,1140,1490,481,855,0.5079847908745247,0.07605407619075241,0.1251089553337877,0.382875835540737,0.6330937462083125,0.2502179106675755,0.14971723082460991,proportion approximation,CV <= 30% diagnostic reference
36081100801,644973,361333,Census Tract 1008.01; Queens County; New York,36,081,100801,Queens,706,104,137,74,602,810,63,211,0.19405099150141644,0.06130252077947968,0.10084264668224407,0.09320834481917237,0.29489363818366054,0.20168529336448818,0.31590934065921644,proportion approximation,CV > 30% diagnostic reference
36081102900,490509,0,Census Tract 1029; Queens County; New York,36,081,102900,Queens,1575,297,115,74,1278,1872,41,189,0.07301587301587302,0.027307833181234694,0.04492138558313107,0.028094487432741948,0.11793725859900409,0.08984277116626213,0.3739985848734317,proportion approximation,CV > 30% diagnostic reference
36047021100,271830,0,Census Tract 211; Kings County; New York,36,047,021100,Brooklyn,1137,152,780,168,985,1289,612,948,0.6860158311345647,0.07042615657710409,0.11585102756933624,0.5701648035652285,0.8018668587039008,0.23170205513867237,0.10265966670277865,proportion approximation,CV <= 30% diagnostic reference
36081025800,211843,0,Census Tract 258; Queens County; New York,36,081,025800,Queens,586,89,28,28,497,675,0,56,0.04778156996587031,0.028709589166789617,0.04722727417936892,0.0005542957865013881,0.09500884414523923,0.09445454835873784,0.6008506875620969,proportion approximation,CV > 30% diagnostic reference
36081026000,178376,0,Census Tract 260; Queens County; New York,36,081,026000,Queens,745,103,317,91,642,848,226,408,0.425503355704698,0.06507489420601738,0.1070482009688986,0.3184551547357994,0.5325515566735965,0.21409640193779716,0.1529362655630377,proportion approximation,CV <= 30% diagnostic reference
36081026200,143393,0,Census Tract 262; Queens County; New York,36,081,026200,Queens,402,101,42,29,301,503,13,71,0.1044776119402985,0.040847493682155456,0.06719412710714573,0.037283484833152775,0.17167173904744423,0.13438825421429146,0.3909688681006308,proportion approximation,CV > 30% diagnostic reference
36081026300,207862,0,Census Tract 263; Queens County; New York,36,081,026300,Queens,2113,557,1188,365,1556,2670,823,1553,0.5622337908187411,0.05394073379957286,0.08873250710029736,0.4735012837184438,0.6509662979190385,0.17746501420059468,0.09594004252398775,proportion approximation,CV <= 30% diagnostic reference
36081026600,172998,0,Census Tract 266; Queens County; New York,36,081,026600,Queens,724,104,324,74,620,828,250,398,0.44751381215469616,0.04830617159246974,0.07946365226961273,0.36805015988508344,0.5269774644243089,0.1589273045392255,0.10794342047206201,proportion approximation,CV <= 30% diagnostic reference
36047048500,581535,0,Census Tract 485; Kings County; New York,36,047,048500,Brooklyn,1046,105,645,106,941,1151,539,751,0.6166347992351816,0.04877621587198581,0.08023687510941666,0.5363979241257649,0.6968716743445983,0.16047375021883337,0.07910065395673978,proportion approximation,CV <= 30% diagnostic reference
36081107202,6705170,17182460,Census Tract 1072.02; Queens County; New York,36,081,107202,Queens,0,14,0,14,0,14,0,14,,,,,,,,not calculated,CV unavailable
36081103201,399541,28173,Census Tract 1032.01; Queens County; New York,36,081,103201,Queens,1930,161,846,289,1769,2091,557,1135,0.4383419689119171,0.08827210103624482,0.14520760620462272,0.2931343627072944,0.5835495751165398,0.2904152124092454,0.20137725177299348,proportion approximation,CV <= 30% diagnostic reference
36081103202,716368,0,Census Tract 1032.02; Queens County; New York,36,081,103202,Queens,2392,420,780,335,1972,2812,445,1115,0.32608695652173914,0.07769698936940007,0.12781154751266313,0.198275409009076,0.45389850403440224,0.2556230950253262,0.23827076739949354,proportion approximation,CV <= 30% diagnostic reference
36081103900,869052,0,Census Tract 1039; Queens County; New York,36,081,103900,Queens,2316,370,114,99,1946,2686,15,213,0.04922279792746114,0.025541985012784357,0.042016565346030266,0.007206232581430876,0.09123936327349141,0.08403313069206053,0.5189055902597243,proportion approximation,CV > 30% diagnostic reference
36081104700,841802,0,Census Tract 1047; Queens County; New York,36,081,104700,Queens,2825,342,551,246,2483,3167,305,797,0.19504424778761062,0.05095268552474234,0.08381716768820115,0.11122708009940947,0.2788614154758118,0.16763433537640232,0.2612365455669639,proportion approximation,CV <= 30% diagnostic reference
36081105900,649580,0,Census Tract 1059; Queens County; New York,36,081,105900,Queens,1326,251,105,68,1075,1577,37,173,0.07918552036199095,0.029813122148288324,0.04904258593393429,0.030142934428056656,0.12822810629592524,0.09808517186786858,0.376497142558384,proportion approximation,CV > 30% diagnostic reference
36081027000,185072,0,Census Tract 270; Queens County; New York,36,081,027000,Queens,491,71,96,50,420,562,46,146,0.1955193482688391,0.05947083477283348,0.09782952320131107,0.09768982506752803,0.29334887147015015,0.1956590464026221,0.30416854034855456,proportion approximation,CV > 30% diagnostic reference
36081027200,153668,0,Census Tract 272; Queens County; New York,36,081,027200,Queens,562,99,174,81,463,661,93,255,0.3096085409252669,0.08110057510539666,0.1334104460483775,0.1761980948768894,0.4430189869736444,0.26682089209675497,0.2619455356852467,proportion approximation,CV <= 30% diagnostic reference
36081027400,143723,0,Census Tract 274; Queens County; New York,36,081,027400,Queens,663,171,92,44,492,834,48,136,0.138763197586727,0.0339741961510026,0.055887552668399273,0.08287564491832773,0.1946507502551263,0.11177510533679856,0.24483578313168175,proportion approximation,CV <= 30% diagnostic reference
36081027800,175380,0,Census Tract 278; Queens County; New York,36,081,027800,Queens,873,127,434,104,746,1000,330,538,0.49713631156930127,0.05754717952093444,0.09466511031193715,0.40247120125736413,0.5918014218812384,0.18933022062387428,0.11575734498105014,proportion approximation,CV <= 30% diagnostic reference
36081027900,177155,0,Census Tract 279; Queens County; New York,36,081,027900,Queens,2404,305,816,329,2099,2709,487,1145,0.33943427620632277,0.07896839442991682,0.12990300883721317,0.2095312673691096,0.46933728504353595,0.25980601767442635,0.2326470835900981,proportion approximation,CV <= 30% diagnostic reference
36081028000,165398,0,Census Tract 280; Queens County; New York,36,081,028000,Queens,556,76,83,40,480,632,43,123,0.14928057553956833,0.04193797992408834,0.06898797697512532,0.08029259856444301,0.21826855251469365,0.13797595395025064,0.28093393780473636,proportion approximation,CV <= 30% diagnostic reference
36081028100,174441,0,Census Tract 281; Queens County; New York,36,081,028100,Queens,2495,274,1080,262,2221,2769,818,1342,0.43286573146292584,0.056920354730341904,0.09363398353141243,0.3392317479315134,0.5264997149943382,0.18726796706282484,0.13149656023352135,proportion approximation,CV <= 30% diagnostic reference
36081028200,182472,0,Census Tract 282; Queens County; New York,36,081,028200,Queens,562,113,170,118,449,675,52,288,0.302491103202847,0.12216552363969263,0.20096228638729438,0.10152881681555262,0.5034533895901414,0.4019245727745888,0.40386484873827794,proportion approximation,CV > 30% diagnostic reference
36081028400,429455,0,Census Tract 284; Queens County; New York,36,081,028400,Queens,1127,202,232,119,925,1329,113,351,0.20585625554569653,0.06014204441229169,0.09893366305821984,0.1069225924874767,0.30478991860391635,0.19786732611643965,0.29215553470971006,proportion approximation,CV <= 30% diagnostic reference
36081094500,1527718,872808,Census Tract 945; Queens County; New York,36,081,094500,Queens,1375,122,214,114,1253,1497,100,328,0.15563636363636363,0.04969664769958877,0.08175098546582353,0.0738853781705401,0.23738734910218717,0.1635019709316471,0.31931257283614284,proportion approximation,CV > 30% diagnostic reference
36081094700,272641,0,Census Tract 947; Queens County; New York,36,081,094700,Queens,765,115,157,109,650,880,48,266,0.20522875816993463,0.08456140238026269,0.13910350691553214,0.0661252512544025,0.34433226508546677,0.2782070138310643,0.41203485873185325,proportion approximation,CV > 30% diagnostic reference
36081096400,862705,615737,Census Tract 964; Queens County; New York,36,081,096400,Queens,2245,265,364,226,1980,2510,138,590,0.1621380846325167,0.06008030177227224,0.09883209641538784,0.06330598821712885,0.26097018104790454,0.1976641928307757,0.3705502128537121,proportion approximation,CV > 30% diagnostic reference
36047062000,319578,34799,Census Tract 620; Kings County; New York,36,047,062000,Brooklyn,618,116,139,98,502,734,41,237,0.22491909385113268,0.09291971701477324,0.15285293448930198,0.0720661593618307,0.37777202834043466,0.30570586897860397,0.4131250727707184,proportion approximation,CV > 30% diagnostic reference
36081097300,528721,191606,Census Tract 973; Queens County; New York,36,081,097300,Queens,803,88,89,63,715,891,26,152,0.11083437110834371,0.047118462780481485,0.07750987127389204,0.03332449983445167,0.18834424238223574,0.15501974254778406,0.4251250068845689,proportion approximation,CV > 30% diagnostic reference
36081098100,650601,922899,Census Tract 981; Queens County; New York,36,081,098100,Queens,891,82,57,39,809,973,18,96,0.06397306397306397,0.02636673429184818,0.043373277910090255,0.02059978606297372,0.10734634188315423,0.08674655582018051,0.412153688667311,proportion approximation,CV > 30% diagnostic reference
36081098700,667301,731613,Census Tract 987; Queens County; New York,36,081,098700,Queens,1010,111,148,87,899,1121,61,235,0.14653465346534653,0.05144061384640269,0.08461980977733242,0.0619148436880141,0.23115446324267896,0.16923961955466488,0.35104743233018054,proportion approximation,CV > 30% diagnostic reference
36081099100,1085050,432743,Census Tract 991; Queens County; New York,36,081,099100,Queens,2868,254,240,127,2614,3122,113,367,0.08368200836820083,0.026539296750837896,0.043657143155128336,0.0400248652130725,0.12733915152332917,0.08731428631025667,0.3171445961725129,proportion approximation,CV > 30% diagnostic reference
36081099200,581564,324488,Census Tract 992; Queens County; New York,36,081,099200,Queens,1579,221,846,247,1358,1800,599,1093,0.5357821405953135,0.08345418680367613,0.13728213729204722,0.3985000033032663,0.6730642778873607,0.2745642745840944,0.15576141957801962,proportion approximation,CV <= 30% diagnostic reference
36047080800,321836,0,Census Tract 808; Kings County; New York,36,047,080800,Brooklyn,743,127,641,125,616,870,516,766,0.8627187079407806,0.04922963092587608,0.08098274287306616,0.7817359650677145,0.9437014508138468,0.16196548574613234,0.05706336314809037,proportion approximation,CV <= 30% diagnostic reference
36081099900,648383,0,Census Tract 999; Queens County; New York,36,081,099900,Queens,0,14,0,14,0,14,0,14,,,,,,,,not calculated,CV unavailable
36047123700,321360,0,Census Tract 1237; Kings County; New York,36,047,123700,Brooklyn,1546,222,899,231,1324,1768,668,1130,0.5815006468305304,0.07532406277353118,0.12390808326245879,0.4575925635680716,0.7054087300929892,0.2478161665249176,0.1295339277506999,proportion approximation,CV <= 30% diagnostic reference
36081112300,279273,0,Census Tract 1123; Queens County; New York,36,081,112300,Queens,813,77,148,66,736,890,82,214,0.1820418204182042,0.04822420002845166,0.07932880904680298,0.10271301137140121,0.26137062946500716,0.15865761809360596,0.2649072609671027,proportion approximation,CV <= 30% diagnostic reference
36081109700,445146,0,Census Tract 1097; Queens County; New York,36,081,109700,Queens,665,118,91,78,547,783,13,169,0.1368421052631579,0.069758259457534,0.11475233680764343,0.02208976845551447,0.25159444207080134,0.22950467361528687,0.5097718960358254,proportion approximation,CV > 30% diagnostic reference
36081109900,378696,0,Census Tract 1099; Queens County; New York,36,081,109900,Queens,1238,203,126,77,1035,1441,49,203,0.10177705977382875,0.036423277485655624,0.0599162914639035,0.04186076830992525,0.16169335123773226,0.11983258292780702,0.35787315497810845,proportion approximation,CV > 30% diagnostic reference
36081112900,354968,0,Census Tract 1129; Queens County; New York,36,081,112900,Queens,819,94,109,62,725,913,47,171,0.1330891330891331,0.045072915079459604,0.07414494530571104,0.058944187783422045,0.20723407839484415,0.14828989061142211,0.3386671325695176,proportion approximation,CV > 30% diagnostic reference
36081113900,383381,0,Census Tract 1139; Queens County; New York,36,081,113900,Queens,1541,210,241,132,1331,1751,109,373,0.1563919532770928,0.05043464928361277,0.082964998071543,0.07342695520554979,0.2393569513486358,0.165929996143086,0.3224887740499887,proportion approximation,CV > 30% diagnostic reference
36081114100,448092,0,Census Tract 1141; Queens County; New York,36,081,114100,Queens,858,142,84,46,716,1000,38,130,0.0979020979020979,0.03106748878258013,0.05110601904734431,0.04679607885475359,0.14900811694944222,0.10221203809468862,0.3173322068506399,proportion approximation,CV > 30% diagnostic reference
36081029100,261476,0,Census Tract 291; Queens County; New York,36,081,029100,Queens,2555,434,1547,450,2121,2989,1097,1997,0.6054794520547945,0.08691579490216739,0.14297648261406534,0.4625029694407291,0.7484559346688598,0.28595296522813074,0.1435487110375163,proportion approximation,CV <= 30% diagnostic reference
36081029300,151336,0,Census Tract 293; Queens County; New York,36,081,029300,Queens,414,82,185,66,332,496,119,251,0.4468599033816425,0.08060404526938636,0.13259365446814056,0.31426624891350197,0.579453557849783,0.26518730893628106,0.18037878238662677,proportion approximation,CV <= 30% diagnostic reference
36081029500,182968,0,Census Tract 295; Queens County; New York,36,081,029500,Queens,1871,380,938,333,1491,2251,605,1271,0.501336183858899,0.08873960477203033,0.1459766498499899,0.3553595340089091,0.6473128337088889,0.29195329969997985,0.17700618393226944,proportion approximation,CV <= 30% diagnostic reference
36081029700,519215,0,Census Tract 297; Queens County; New York,36,081,029700,Queens,718,86,197,72,632,804,125,269,0.2743732590529248,0.05759302870289459,0.0947405322162616,0.1796327268366632,0.3691137912691864,0.18948106443252322,0.2099075868460828,proportion approximation,CV <= 30% diagnostic reference
36081028700,195625,0,Census Tract 287; Queens County; New York,36,081,028700,Queens,3010,461,1711,491,2549,3471,1220,2202,0.5684385382059801,0.08385900841853752,0.13794806884849423,0.4304904693574859,0.7063866070544743,0.2758961376969884,0.1475251989127983,proportion approximation,CV <= 30% diagnostic reference
36081028900,172620,0,Census Tract 289; Queens County; New York,36,081,028900,Queens,2067,221,1166,198,1846,2288,968,1364,0.5641025641025641,0.04523987387021768,0.07441959251650809,0.489682971586056,0.6385221566190722,0.14883918503301619,0.0801979582244768,proportion approximation,CV <= 30% diagnostic reference
36081029900,408255,0,Census Tract 299; Queens County; New York,36,081,029900,Queens,0,14,0,14,0,14,0,14,,,,,,,,not calculated,CV unavailable
36081031700,767638,0,Census Tract 317; Queens County; New York,36,081,031700,Queens,2338,391,433,233,1947,2729,200,666,0.1852010265183918,0.05758218722062081,0.09472269797792124,0.09047832854047055,0.27992372449631303,0.18944539595584248,0.3109172141381327,proportion approximation,CV > 30% diagnostic reference
36081032000,1040174,13031,Census Tract 320; Queens County; New York,36,081,032000,Queens,1323,169,215,118,1154,1492,97,333,0.16250944822373395,0.05273058387390127,0.08674181047256758,0.07576763775116636,0.24925125869630155,0.1734836209451352,0.32447703472172734,proportion approximation,CV > 30% diagnostic reference
36081032800,368019,0,Census Tract 328; Queens County; New York,36,081,032800,Queens,910,118,122,54,792,1028,68,176,0.13406593406593406,0.03449063229672509,0.05673709012811277,0.0773288439378213,0.19080302419404682,0.11347418025622552,0.257266191721474,proportion approximation,CV <= 30% diagnostic reference
36081032900,436915,0,Census Tract 329; Queens County; New York,36,081,032900,Queens,1174,207,213,108,967,1381,105,321,0.18143100511073254,0.052432759422231516,0.08625188924957085,0.09517911586116169,0.2676828943603034,0.17250377849914172,0.28899558479671267,proportion approximation,CV <= 30% diagnostic reference
36081033000,817316,0,Census Tract 330; Queens County; New York,36,081,033000,Queens,2117,219,417,189,1898,2336,228,606,0.19697685403873405,0.05283935153378968,0.08692073327308403,0.11005612076565002,0.2838975873118181,0.17384146654616806,0.26825157601206895,proportion approximation,CV <= 30% diagnostic reference
36081033100,2837110,2193944,Census Tract 331; Queens County; New York,36,081,033100,Queens,0,14,0,14,0,14,0,14,,,,,,,,not calculated,CV unavailable
36081033900,150834,0,Census Tract 339; Queens County; New York,36,081,033900,Queens,1240,209,421,169,1031,1449,252,590,0.3395161290322581,0.07519430843037983,0.12369463736797481,0.21582149166428327,0.4632107664002329,0.24738927473594963,0.2214749226928052,proportion approximation,CV <= 30% diagnostic reference
36081039400,348243,0,Census Tract 394; Queens County; New York,36,081,039400,Queens,950,84,226,101,866,1034,125,327,0.23789473684210527,0.06335204028442326,0.10421410626787626,0.13368063057422902,0.3421088431099815,0.2084282125357525,0.2663028242044341,proportion approximation,CV <= 30% diagnostic reference
36081039800,200591,0,Census Tract 398; Queens County; New York,36,081,039800,Queens,515,71,101,52,444,586,49,153,0.19611650485436893,0.0591389552762761,0.09728358142947419,0.09883292342489475,0.2934000862838431,0.19456716285894837,0.3015501184879425,proportion approximation,CV > 30% diagnostic reference
36081040200,218312,0,Census Tract 402; Queens County; New York,36,081,040200,Queens,502,94,113,66,408,596,47,179,0.2250996015936255,0.07570477833308079,0.12453436035791789,0.1005652412357076,0.3496339619515434,0.2490687207158358,0.336316802860235,proportion approximation,CV > 30% diagnostic reference
36081040400,479414,0,Census Tract 404; Queens County; New York,36,081,040400,Queens,1357,203,415,190,1154,1560,225,605,0.3058216654384672,0.08044353873698243,0.1323296212223361,0.17349204421613112,0.43815128666080333,0.2646592424446722,0.2630406796773136,proportion approximation,CV <= 30% diagnostic reference
36081041100,137675,0,Census Tract 411; Queens County; New York,36,081,041100,Queens,1225,430,667,432,795,1655,235,1099,0.5444897959183673,0.18016358293931228,0.2963690939351687,0.24812070198319863,0.8408588898535361,0.5927381878703375,0.3308851410804461,proportion approximation,CV > 30% diagnostic reference
36081041400,473215,0,Census Tract 414; Queens County; New York,36,081,041400,Queens,1390,213,141,81,1177,1603,60,222,0.10143884892086331,0.03414099958984334,0.05616194432529229,0.04527690459557102,0.1576007932461556,0.1123238886505846,0.3365673009211506,proportion approximation,CV > 30% diagnostic reference
36081041500,170942,0,Census Tract 415; Queens County; New York,36,081,041500,Queens,1315,421,543,322,894,1736,221,865,0.4129277566539924,0.12529736902114175,0.20611417203977817,0.20681358461421423,0.6190419286937705,0.4122283440795563,0.3034365382372033,proportion approximation,CV > 30% diagnostic reference
36081042700,170556,0,Census Tract 427; Queens County; New York,36,081,042700,Queens,1498,348,707,234,1150,1846,473,941,0.4719626168224299,0.06763792583933059,0.11126438800569884,0.3606982288167311,0.5832270048281287,0.22252877601139764,0.14331204088729452,proportion approximation,CV <= 30% diagnostic reference
36081043400,205351,0,Census Tract 434; Queens County; New York,36,081,043400,Queens,559,116,127,92,443,675,35,219,0.22719141323792486,0.09585562291285446,0.15768249969164558,0.06950891354627928,0.3848739129295704,0.3153649993832911,0.42191569455343025,proportion approximation,CV > 30% diagnostic reference
36081045000,175572,0,Census Tract 450; Queens County; New York,36,081,045000,Queens,803,353,384,376,450,1156,8,760,0.47820672478206727,0.2543474853623245,0.41840161342102383,0.05980511136104344,0.8966083382030912,0.8368032268420478,0.5318776842342359,proportion approximation,CV > 30% diagnostic reference
36081045400,230996,0,Census Tract 454; Queens County; New York,36,081,045400,Queens,1752,351,561,263,1401,2103,298,824,0.3202054794520548,0.0825023685185582,0.13571639621302825,0.18448908323902655,0.455921875665083,0.27143279242605645,0.2576544556943208,proportion approximation,CV <= 30% diagnostic reference
36081045500,148239,0,Census Tract 455; Queens County; New York,36,081,045500,Queens,4493,358,2945,521,4135,4851,2424,3466,0.655464055196973,0.06293666533029342,0.10353081446833268,0.5519332407286404,0.7589948696653057,0.20706162893666535,0.0960184846618025,proportion approximation,CV <= 30% diagnostic reference
36081045600,162232,0,Census Tract 456; Queens County; New York,36,081,045600,Queens,408,141,24,17,267,549,7,41,0.058823529411764705,0.022110069042140974,0.036371063574321905,0.0224524658374428,0.09519459298608661,0.07274212714864381,0.37587117371639656,proportion approximation,CV > 30% diagnostic reference
36081044602,170076,0,Census Tract 446.02; Queens County; New York,36,081,044602,Queens,1544,350,1073,374,1194,1894,699,1447,0.6949481865284974,0.11185668275528161,0.18400424313243827,0.5109439433960592,0.8789524296609357,0.3680084862648765,0.1609568668911042,proportion approximation,CV <= 30% diagnostic reference
36081044800,208002,0,Census Tract 448; Queens County; New York,36,081,044800,Queens,933,210,431,216,723,1143,215,647,0.46195069667738475,0.12574397717570557,0.20684884245403565,0.2551018542233491,0.6687995391314204,0.41369768490807135,0.2722021594081979,proportion approximation,CV <= 30% diagnostic reference
36081045800,245281,0,Census Tract 458; Queens County; New York,36,081,045800,Queens,685,96,218,90,589,781,128,308,0.3182481751824818,0.07512762930491837,0.12358495020659073,0.19466322497589106,0.4418331253890725,0.24716990041318143,0.2360661746507756,proportion approximation,CV <= 30% diagnostic reference
36081046200,249611,0,Census Tract 462; Queens County; New York,36,081,046200,Queens,2043,350,1164,385,1693,2393,779,1549,0.5697503671071953,0.09799405687883964,0.1612002235656912,0.4085501435415041,0.7309505906728865,0.3224004471313824,0.17199472354249948,proportion approximation,CV <= 30% diagnostic reference
36081046300,159415,0,Census Tract 463; Queens County; New York,36,081,046300,Queens,1071,122,643,148,949,1193,495,791,0.6003734827264239,0.0729962240774745,0.12007878860744554,0.48029469411897835,0.7204522713338695,0.24015757721489112,0.12158469049296297,proportion approximation,CV <= 30% diagnostic reference
36081046400,228767,0,Census Tract 464; Queens County; New York,36,081,046400,Queens,525,79,92,45,446,604,47,137,0.17523809523809525,0.04957895400226726,0.08155737933372964,0.09368071590436561,0.2567954745718249,0.16311475866745928,0.28292337881728596,proportion approximation,CV <= 30% diagnostic reference
36081046500,129754,0,Census Tract 465; Queens County; New York,36,081,046500,Queens,989,102,539,277,887,1091,262,816,0.544994944388271,0.16679813281195496,0.2743829284756659,0.2706120159126051,0.8193778728639369,0.5487658569513318,0.3060544589072791,proportion approximation,CV > 30% diagnostic reference
36081046600,240535,0,Census Tract 466; Queens County; New York,36,081,046600,Queens,1433,132,597,151,1301,1565,446,748,0.41660851360781576,0.0596576861137956,0.09813689365719376,0.318471619950622,0.5147454072650095,0.1962737873143875,0.14319843249760317,proportion approximation,CV <= 30% diagnostic reference
36081046700,141859,0,Census Tract 467; Queens County; New York,36,081,046700,Queens,1970,252,1039,309,1718,2222,730,1348,0.5274111675126903,0.08608032591719898,0.14160213613379233,0.385809031378898,0.6690133036464827,0.2832042722675847,0.16321293749459287,proportion approximation,CV <= 30% diagnostic reference
36081046800,229418,0,Census Tract 468; Queens County; New York,36,081,046800,Queens,997,129,429,147,868,1126,282,576,0.43029087261785354,0.08299505431840713,0.13652686435377973,0.2937640082640738,0.5668177369716333,0.2730537287075595,0.1928812800826385,proportion approximation,CV <= 30% diagnostic reference
36081047000,229322,0,Census Tract 470; Queens County; New York,36,081,047000,Queens,990,258,283,267,732,1248,16,550,0.28585858585858587,0.15757083980916473,0.25920403148607596,0.02665455437250991,0.5450626173446618,0.5184080629721519,0.5512195456221664,proportion approximation,CV > 30% diagnostic reference
36081047100,158097,0,Census Tract 471; Queens County; New York,36,081,047100,Queens,1484,316,858,175,1168,1800,683,1033,0.578167115902965,0.10363483048633455,0.17047929615002033,0.40768781975294466,0.7486464120529853,0.34095859230004066,0.17924718932601452,alternative ratio approximation,CV <= 30% diagnostic reference
36081047200,520870,0,Census Tract 472; Queens County; New York,36,081,047200,Queens,1295,237,361,179,1058,1532,182,540,0.27876447876447874,0.0780938782250176,0.12846442968015395,0.1503000490843248,0.40722890844463266,0.25692885936030785,0.2801428595606587,proportion approximation,CV <= 30% diagnostic reference
36081047300,198491,0,Census Tract 473; Queens County; New York,36,081,047300,Queens,1767,192,1003,198,1575,1959,805,1201,0.5676287492925863,0.05687065224824139,0.09355222294835709,0.47407652634422925,0.6611809722409434,0.18710444589671416,0.10018987290393075,proportion approximation,CV <= 30% diagnostic reference
36081047500,281982,0,Census Tract 475; Queens County; New York,36,081,047500,Queens,1769,244,1041,241,1525,2013,800,1282,0.5884680610514414,0.0665140425746964,0.10941560003537558,0.47905246101606586,0.697883661086817,0.21883120007075113,0.11302914631569447,proportion approximation,CV <= 30% diagnostic reference
36081004500,220374,0,Census Tract 45; Queens County; New York,36,081,004500,Queens,1506,207,754,199,1299,1713,555,953,0.50066401062417,0.0685739849569341,0.1128042052541566,0.3878598053700134,0.6134682158783266,0.22560841050831315,0.136966076054566,proportion approximation,CV <= 30% diagnostic reference
36081004700,179250,0,Census Tract 47; Queens County; New York,36,081,004700,Queens,1818,143,1228,179,1675,1961,1049,1407,0.6754675467546755,0.05039163727789777,0.08289424332214183,0.5925733034325337,0.7583617900768173,0.16578848664428358,0.07460260307102455,proportion approximation,CV <= 30% diagnostic reference
36081005000,152728,0,Census Tract 50; Queens County; New York,36,081,005000,Queens,0,14,0,14,0,14,0,14,,,,,,,,not calculated,CV unavailable
36081005300,196497,0,Census Tract 53; Queens County; New York,36,081,005300,Queens,2392,369,1567,384,2023,2761,1183,1951,0.6551003344481605,0.0758264441880358,0.1247345006893189,0.5303658337588416,0.7798348351374794,0.2494690013786378,0.11574783311919697,proportion approximation,CV <= 30% diagnostic reference
36081005400,416102,0,Census Tract 54; Queens County; New York,36,081,005400,Queens,1738,271,656,226,1467,2009,430,882,0.37744533947065595,0.07048847032900198,0.11595353369120824,0.2614918057794477,0.4933988731618642,0.2319070673824165,0.18675146559726438,proportion approximation,CV <= 30% diagnostic reference
36081005800,590419,0,Census Tract 58; Queens County; New York,36,081,005800,Queens,1899,171,259,230,1728,2070,29,489,0.13638757240652974,0.07324747513667264,0.12049209659982649,0.015895475806703252,0.2568796690063562,0.24098419319965297,0.5370538814074955,proportion approximation,CV > 30% diagnostic reference
36081006100,195055,0,Census Tract 61; Queens County; New York,36,081,006100,Queens,2856,270,2278,289,2586,3126,1989,2567,0.7976190476190477,0.041021382922879185,0.06748017490813626,0.7301388727109114,0.865099222527184,0.13496034981627258,0.05142979351525151,proportion approximation,CV <= 30% diagnostic reference
36081030904,414419,0,Census Tract 309.04; Queens County; New York,36,081,030904,Queens,1200,243,250,159,957,1443,91,409,0.20833333333333334,0.07635525725612732,0.12560439818632946,0.08272893514700388,0.3339377315196628,0.2512087963726589,0.36650523482941116,proportion approximation,CV > 30% diagnostic reference
36081043702,175301,0,Census Tract 437.02; Queens County; New York,36,081,043702,Queens,2170,174,1089,266,1996,2344,823,1355,0.5018433179723503,0.07038757510279016,0.11578756104408981,0.38605575692826044,0.6176308790164401,0.23157512208817965,0.14025806976405383,proportion approximation,CV <= 30% diagnostic reference
36081044301,133649,0,Census Tract 443.01; Queens County; New York,36,081,044301,Queens,1377,163,871,172,1214,1540,699,1043,0.6325344952795933,0.0607781793793852,0.09998010507908865,0.5325543902005047,0.7325146003586819,0.19996021015817722,0.09608674283055502,proportion approximation,CV <= 30% diagnostic reference
36081036500,166196,0,Census Tract 365; Queens County; New York,36,081,036500,Queens,957,165,370,104,792,1122,266,474,0.38662486938349006,0.052174643410610365,0.08582728841045405,0.300797580973036,0.4724521577939441,0.17165457682090812,0.13494901011879493,proportion approximation,CV <= 30% diagnostic reference
36081036600,369653,0,Census Tract 366; Queens County; New York,36,081,036600,Queens,1078,113,422,150,965,1191,272,572,0.3914656771799629,0.08082570240381237,0.13295828045427135,0.25850739672569156,0.5244239576342342,0.26591656090854265,0.20646944832063918,proportion approximation,CV <= 30% diagnostic reference
36081035800,524484,0,Census Tract 358; Queens County; New York,36,081,035800,Queens,1315,164,220,111,1151,1479,109,331,0.16730038022813687,0.049721151265054726,0.08179129383101502,0.08550908639712185,0.2490916740591519,0.16358258766203004,0.2971968814252135,proportion approximation,CV <= 30% diagnostic reference
36081036700,195576,0,Census Tract 367; Queens County; New York,36,081,036700,Queens,810,116,220,76,694,926,144,296,0.2716049382716049,0.05190577278410629,0.08538499622985485,0.18621994204175008,0.35698993450145977,0.1707699924597097,0.1911076179778459,proportion approximation,CV <= 30% diagnostic reference
36081036800,232844,0,Census Tract 368; Queens County; New York,36,081,036800,Queens,804,75,76,58,729,879,18,134,0.0945273631840796,0.04352483659315107,0.0715983561957335,0.0229290069883461,0.1661257193798131,0.143196712391467,0.4604469555380718,proportion approximation,CV > 30% diagnostic reference
36081065401,430990,0,Census Tract 654.01; Queens County; New York,36,081,065401,Queens,967,100,149,72,867,1067,77,221,0.15408479834539815,0.04421402854937399,0.07273207696372022,0.08135272138167793,0.22681687530911837,0.14546415392744044,0.2869460779009708,proportion approximation,CV <= 30% diagnostic reference
36081065402,252550,17661,Census Tract 654.02; Queens County; New York,36,081,065402,Queens,0,14,0,14,0,14,0,14,,,,,,,,not calculated,CV unavailable
36081037100,187474,0,Census Tract 371; Queens County; New York,36,081,037100,Queens,607,196,93,71,411,803,22,164,0.15321252059308071,0.06443245144767216,0.1059913826314207,0.04722113796166001,0.25920390322450143,0.21198276526284143,0.4205429895563119,proportion approximation,CV > 30% diagnostic reference
36081037300,237268,0,Census Tract 373; Queens County; New York,36,081,037300,Queens,687,82,235,85,605,769,150,320,0.3420669577874818,0.071000347149031,0.11679557106015599,0.22527138672732583,0.4588625288476378,0.23359114212031196,0.20756271698461404,proportion approximation,CV <= 30% diagnostic reference
36081037600,769753,0,Census Tract 376; Queens County; New York,36,081,037600,Queens,1954,169,304,148,1785,2123,156,452,0.1555783009211873,0.04531139505101012,0.07453724485891164,0.08104105606227566,0.23011554578009893,0.14907448971782328,0.29124495371603215,proportion approximation,CV <= 30% diagnostic reference
36081038100,285316,0,Census Tract 381; Queens County; New York,36,081,038100,Queens,1762,164,883,181,1598,1926,702,1064,0.5011350737797957,0.0556376293067825,0.09152390020965721,0.4096111735701385,0.5926589739894529,0.1830478004193144,0.11102321952270755,proportion approximation,CV <= 30% diagnostic reference
36081007700,126677,0,Census Tract 77; Queens County; New York,36,081,007700,Queens,899,128,554,130,771,1027,424,684,0.6162402669632926,0.069875069809521,0.11494448983666204,0.5012957771266305,0.7311847567999546,0.2298889796733241,0.1133893280844032,proportion approximation,CV <= 30% diagnostic reference
36081008600,332712,0,Census Tract 86; Queens County; New York,36,081,008600,Queens,980,122,313,127,858,1102,186,440,0.3193877551020408,0.07497968419340831,0.12334158049815666,0.19604617460388415,0.44272933560019745,0.2466831609963133,0.23476067255444136,proportion approximation,CV <= 30% diagnostic reference
36081008700,253377,2387,Census Tract 87; Queens County; New York,36,081,008700,Queens,1695,327,1341,314,1368,2022,1027,1655,0.7911504424778761,0.0638217303981159,0.10498674650490064,0.6861636959729756,0.8961371889827767,0.20997349300980117,0.08066952499985566,proportion approximation,CV <= 30% diagnostic reference
36081008800,448520,0,Census Tract 88; Queens County; New York,36,081,008800,Queens,1223,182,89,63,1041,1405,26,152,0.07277187244480784,0.030614874087839545,0.05036146787449605,0.022410404570311793,0.1231333403193039,0.1007229357489921,0.4206965281958176,proportion approximation,CV > 30% diagnostic reference
36081007900,160507,0,Census Tract 79; Queens County; New York,36,081,007900,Queens,1381,258,866,193,1123,1639,673,1059,0.6270818247646633,0.04632242869282133,0.07620039519969109,0.5508814295649722,0.7032822199643545,0.15240079039938226,0.07386983143739752,proportion approximation,CV <= 30% diagnostic reference
36081008100,112322,0,Census Tract 81; Queens County; New York,36,081,008100,Queens,687,100,315,97,587,787,218,412,0.4585152838427948,0.07563732076006673,0.12442339265030977,0.334091891192485,0.5829386764931046,0.2488467853006196,0.16496139480052646,proportion approximation,CV <= 30% diagnostic reference
36081008300,191339,0,Census Tract 83; Queens County; New York,36,081,008300,Queens,963,201,584,188,762,1164,396,772,0.6064382139148494,0.09035134558292494,0.14862796348391152,0.4578102504309379,0.7550661773987609,0.297255926967823,0.1489868934869122,proportion approximation,CV <= 30% diagnostic reference
36081009100,186329,0,Census Tract 91; Queens County; New York,36,081,009100,Queens,1016,181,317,115,835,1197,202,432,0.31200787401574803,0.05993980909686444,0.098600985964342,0.21340688805140604,0.41060885998009,0.19720197192868397,0.19210992442401978,proportion approximation,CV <= 30% diagnostic reference
36081009400,172430,0,Census Tract 94; Queens County; New York,36,081,009400,Queens,786,67,323,100,719,853,223,423,0.410941475826972,0.07435203830828505,0.1223091030171289,0.2886323728098431,0.5332505788441009,0.24461820603425777,0.1809309662857958,proportion approximation,CV <= 30% diagnostic reference
36081009500,164511,0,Census Tract 95; Queens County; New York,36,081,009500,Queens,879,137,360,104,742,1016,256,464,0.40955631399317405,0.060559093354700264,0.09961970856848193,0.30993660542469215,0.509176022561656,0.1992394171369638,0.14786511960772647,proportion approximation,CV <= 30% diagnostic reference
36081009600,206470,0,Census Tract 96; Queens County; New York,36,081,009600,Queens,1002,271,213,75,731,1273,138,288,0.2125748502994012,0.02913589347069122,0.04792854475928706,0.16464630554011414,0.26050339505868825,0.0958570895185741,0.13706180872127982,proportion approximation,CV <= 30% diagnostic reference
36081009800,135751,0,Census Tract 98; Queens County; New York,36,081,009800,Queens,729,91,311,88,638,820,223,399,0.42661179698216734,0.06585521654793522,0.10833183122135344,0.3182799657608139,0.5349436282035208,0.2166636624427069,0.1543680156380861,proportion approximation,CV <= 30% diagnostic reference
36081009900,249218,0,Census Tract 99; Queens County; New York,36,081,009900,Queens,0,14,0,14,0,14,0,14,,,,,,,,not calculated,CV unavailable
36081034700,382772,0,Census Tract 347; Queens County; New York,36,081,034700,Queens,1025,151,231,144,874,1176,87,375,0.2253658536585366,0.08298388377972339,0.136508488817645,0.0888573648408916,0.36187434247618155,0.27301697763529,0.368218531923015,proportion approximation,CV > 30% diagnostic reference
36081035200,606225,0,Census Tract 352; Queens County; New York,36,081,035200,Queens,784,121,70,51,663,905,19,121,0.08928571428571429,0.03864724632103605,0.0635747201981043,0.02571099408760999,0.15286043448381859,0.1271494403962086,0.4328491587956037,proportion approximation,CV > 30% diagnostic reference
36081035300,155114,0,Census Tract 353; Queens County; New York,36,081,035300,Queens,766,265,198,79,501,1031,119,277,0.2584856396866841,0.03123352940207558,0.05137915586641433,0.20710648382026975,0.3098647955530984,0.10275831173282868,0.12083274506055501,proportion approximation,CV <= 30% diagnostic reference
36081026501,107687,0,Census Tract 265.01; Queens County; New York,36,081,026501,Queens,1151,192,641,158,959,1343,483,799,0.5569070373588184,0.06143565352917008,0.10106165005548479,0.4558453873033336,0.6579686874143031,0.20212330011096952,0.11031581468342397,proportion approximation,CV <= 30% diagnostic reference
36081037502,100123,0,Census Tract 375.02; Queens County; New York,36,081,037502,Queens,694,90,409,79,604,784,330,488,0.5893371757925072,0.05128347022912191,0.08436130852690554,0.5049758672656017,0.6736984843194127,0.16872261705381097,0.08701889569440245,proportion approximation,CV <= 30% diagnostic reference
36081089202,1098610,505629,Census Tract 892.02; Queens County; New York,36,081,089202,Queens,0,14,0,14,0,14,0,14,,,,,,,,not calculated,CV unavailable
36081027301,98640,0,Census Tract 273.01; Queens County; New York,36,081,027301,Queens,911,222,633,211,689,1133,422,844,0.6948408342480791,0.09606798639901225,0.15803183762637515,0.5368089966217039,0.8528726718744543,0.31606367525275036,0.13825898200552947,proportion approximation,CV <= 30% diagnostic reference
36081000104,555546,70183,Census Tract 1.04; Queens County; New York,36,081,000104,Queens,26,41,0,14,0,67,0,14,0.0,0.3273322422258592,0.5384615384615384,0.0,0.5384615384615384,0.5384615384615384,,proportion approximation,CV unavailable
36081027101,89919,0,Census Tract 271.01; Queens County; New York,36,081,027101,Queens,1813,459,1421,469,1354,2272,952,1890,0.7837837837837838,0.10088976890742346,0.1659636698527116,0.6178201139310722,0.9497474536364954,0.3319273397054232,0.1287214292956782,proportion approximation,CV <= 30% diagnostic reference
36081040702,129066,0,Census Tract 407.02; Queens County; New York,36,081,040702,Queens,1074,138,487,152,936,1212,335,639,0.45344506517690875,0.07840581219005537,0.12897756105264108,0.32446750412426767,0.5824226262295498,0.2579551221052821,0.17291138047663135,proportion approximation,CV <= 30% diagnostic reference
36081040302,111327,0,Census Tract 403.02; Queens County; New York,36,081,040302,Queens,1088,132,569,211,956,1220,358,780,0.5229779411764706,0.11140468240055151,0.18326070254890725,0.3397172386275633,0.7062386437253778,0.3665214050978145,0.2130198496516697,proportion approximation,CV <= 30% diagnostic reference
36081040102,124044,0,Census Tract 401.02; Queens County; New York,36,081,040102,Queens,1102,210,681,224,892,1312,457,905,0.6179673321234119,0.10071688637987952,0.16567927809490182,0.45228805402851013,0.7836466102183137,0.3313585561898036,0.1629809233342544,proportion approximation,CV <= 30% diagnostic reference
36081027302,116613,0,Census Tract 273.02; Queens County; New York,36,081,027302,Queens,1350,152,748,163,1198,1502,585,911,0.554074074074074,0.06284221867485489,0.10337544972013628,0.45069862435393776,0.6574495237942103,0.20675089944027253,0.11341844279552687,proportion approximation,CV <= 30% diagnostic reference
36081040902,81604,0,Census Tract 409.02; Queens County; New York,36,081,040902,Queens,780,114,460,92,666,894,368,552,0.5897435897435898,0.048945103509394135,0.08051469527295335,0.5092288944706365,0.670258285016543,0.1610293905459066,0.0829938711681031,proportion approximation,CV <= 30% diagnostic reference
36081043900,164750,0,Census Tract 439; Queens County; New York,36,081,043900,Queens,1114,140,670,112,974,1254,558,782,0.6014362657091562,0.04030079230273878,0.06629480333800529,0.5351414623711509,0.6677310690471615,0.1325896066760106,0.06700758600783731,proportion approximation,CV <= 30% diagnostic reference
36081044000,378559,0,Census Tract 440; Queens County; New York,36,081,044000,Queens,1099,187,132,67,912,1286,65,199,0.12010919017288443,0.03491603610442344,0.05743687939177656,0.06267231078110788,0.17754606956466099,0.1148737587835531,0.2907024521118285,proportion approximation,CV <= 30% diagnostic reference
36081044601,224776,0,Census Tract 446.01; Queens County; New York,36,081,044601,Queens,1218,145,596,150,1073,1363,446,746,0.48932676518883417,0.06595998511715555,0.10850417551772087,0.38082258967111327,0.5978309407065551,0.2170083510354418,0.13479741924948901,proportion approximation,CV <= 30% diagnostic reference
36081007500,129226,0,Census Tract 75; Queens County; New York,36,081,007500,Queens,2591,300,1671,247,2291,2891,1424,1918,0.6449247394828251,0.036024422153196844,0.05926017444200881,0.5856645650408163,0.704184913924834,0.11852034888401763,0.05585833500833814,proportion approximation,CV <= 30% diagnostic reference
36081006300,212500,0,Census Tract 63; Queens County; New York,36,081,006300,Queens,2925,382,1910,287,2543,3307,1623,2197,0.652991452991453,0.029499651836663764,0.048526927271311894,0.6044645257201411,0.7015183802627649,0.09705385454262383,0.04517616838860812,proportion approximation,CV <= 30% diagnostic reference
36081007100,195064,0,Census Tract 71; Queens County; New York,36,081,007100,Queens,1847,189,1298,251,1658,2036,1047,1549,0.7027612344342177,0.07009719076031495,0.1153098788007181,0.5874513556334996,0.8180711132349358,0.23061975760143616,0.09974538623597975,proportion approximation,CV <= 30% diagnostic reference
36081010000,223353,0,Census Tract 100; Queens County; New York,36,081,010000,Queens,927,241,158,76,686,1168,82,234,0.1704422869471413,0.04193220613862746,0.06897847909804218,0.10146380784909913,0.23942076604518348,0.13795695819608433,0.24601996892726366,proportion approximation,CV <= 30% diagnostic reference
36081010300,250464,0,Census Tract 103; Queens County; New York,36,081,010300,Queens,1699,238,752,210,1461,1937,542,962,0.442613301942319,0.0650006785949541,0.10692611628869951,0.3356871856536195,0.5495394182310185,0.213852232577399,0.14685658634684445,proportion approximation,CV <= 30% diagnostic reference
36081010500,198021,0,Census Tract 105; Queens County; New York,36,081,010500,Queens,1851,206,723,204,1645,2057,519,927,0.3905996758508914,0.06156566388310879,0.10127551708771396,0.2893241587631774,0.4918751929386054,0.20255103417542797,0.157618317908208,proportion approximation,CV <= 30% diagnostic reference
36081010600,173008,0,Census Tract 106; Queens County; New York,36,081,010600,Queens,911,264,310,108,647,1175,202,418,0.3402854006586169,0.04000195634457512,0.06580321818682607,0.27448218247179085,0.40608861884544295,0.1316064363736521,0.11755413622550946,proportion approximation,CV <= 30% diagnostic reference
36081010701,1600761,1367482,Census Tract 107.01; Queens County; New York,36,081,010701,Queens,0,14,0,14,0,14,0,14,,,,,,,,not calculated,CV unavailable
36081011000,165043,0,Census Tract 110; Queens County; New York,36,081,011000,Queens,736,126,375,108,610,862,267,483,0.5095108695652174,0.07173249541209473,0.11799995495289582,0.39151091461232157,0.6275108245181132,0.23599990990579167,0.1407869776621379,proportion approximation,CV <= 30% diagnostic reference
36081011200,189192,0,Census Tract 112; Queens County; New York,36,081,011200,Queens,857,222,194,90,635,1079,104,284,0.22637106184364061,0.052960996353517344,0.08712083900153603,0.1392502228421046,0.31349190084517664,0.17424167800307205,0.23395656636579568,proportion approximation,CV <= 30% diagnostic reference
36081011300,178676,0,Census Tract 113; Queens County; New York,36,081,011300,Queens,1977,166,1234,214,1811,2143,1020,1448,0.6241780475467881,0.05757511514836103,0.09471106441905389,0.5294669831277342,0.7188891119658419,0.18942212883810772,0.09224149323201762,proportion approximation,CV <= 30% diagnostic reference
36081010200,213860,0,Census Tract 102; Queens County; New York,36,081,010200,Queens,850,197,222,156,653,1047,66,378,0.2611764705882353,0.10532515139955842,0.1732598740522736,0.08791659653596168,0.4344363446405089,0.3465197481045472,0.40327197607939036,proportion approximation,CV > 30% diagnostic reference
36081011500,185559,0,Census Tract 115; Queens County; New York,36,081,011500,Queens,1098,147,612,142,951,1245,470,754,0.5573770491803278,0.06421034520515415,0.10562601786247856,0.45175103131784927,0.6630030670428064,0.21125203572495715,0.11520091345630598,proportion approximation,CV <= 30% diagnostic reference
36081011700,212827,0,Census Tract 117; Queens County; New York,36,081,011700,Queens,1712,203,764,200,1509,1915,564,964,0.4462616822429907,0.06331371413965593,0.104151059759734,0.3421106224832567,0.5504127420027247,0.20830211951946803,0.14187575733912428,proportion approximation,CV <= 30% diagnostic reference
36081011800,157091,0,Census Tract 118; Queens County; New York,36,081,011800,Queens,936,347,156,60,589,1283,96,216,0.16666666666666666,0.010377395808276499,0.01707081610461484,0.14959585056205182,0.1837374827712815,0.034141632209229666,0.06226437484965899,proportion approximation,CV <= 30% diagnostic reference
36081012200,210185,0,Census Tract 122; Queens County; New York,36,081,012200,Queens,699,114,157,71,585,813,86,228,0.2246065808297568,0.057591760392969815,0.09473844584643534,0.12986813498332145,0.31934502667619213,0.18947689169287069,0.2564117230234771,proportion approximation,CV <= 30% diagnostic reference
36081012301,591516,0,Census Tract 123.01; Queens County; New York,36,081,012301,Queens,1361,142,473,125,1219,1503,348,598,0.3475385745775165,0.05129684307751712,0.08438330686251566,0.26315526771500086,0.4319218814400322,0.16876661372503132,0.14760043008139703,proportion approximation,CV <= 30% diagnostic reference
36081012400,197659,0,Census Tract 124; Queens County; New York,36,081,012400,Queens,897,259,377,247,638,1156,130,624,0.42028985507246375,0.15026080338939218,0.24717902157555013,0.1731108334969136,0.6674688766480139,0.4943580431511003,0.35751708392648485,proportion approximation,CV > 30% diagnostic reference
36081012602,148974,0,Census Tract 126.02; Queens County; New York,36,081,012602,Queens,766,102,177,95,664,868,82,272,0.2310704960835509,0.07303550580620616,0.12014340705120914,0.11092708903234176,0.35121390313476003,0.24028681410241826,0.31607456185058713,proportion approximation,CV > 30% diagnostic reference
36081013200,192356,0,Census Tract 132; Queens County; New York,36,081,013200,Queens,692,69,235,67,623,761,168,302,0.33959537572254334,0.055140750668003335,0.09070653484886548,0.24888884087367785,0.4303019105714088,0.18141306969773097,0.16237191260535452,proportion approximation,CV <= 30% diagnostic reference
36081013400,190806,0,Census Tract 134; Queens County; New York,36,081,013400,Queens,2480,158,1295,281,2322,2638,1014,1576,0.5221774193548387,0.0658434953584297,0.10831254986461687,0.4138648694902219,0.6304899692194557,0.21662509972923377,0.12609410694123988,proportion approximation,CV <= 30% diagnostic reference
36081013500,135758,0,Census Tract 135; Queens County; New York,36,081,013500,Queens,579,95,145,66,484,674,79,211,0.2504317789291883,0.06463599190952463,0.10632620669116802,0.14410557223802026,0.3567579856203563,0.21265241338233606,0.25809820217665347,proportion approximation,CV <= 30% diagnostic reference
36081013600,151408,0,Census Tract 136; Queens County; New York,36,081,013600,Queens,871,145,402,161,726,1016,241,563,0.46153846153846156,0.10220017622478998,0.16811928988977953,0.29341917164868203,0.6296577514282411,0.33623857977955907,0.2214337151537116,proportion approximation,CV <= 30% diagnostic reference
36081013700,199933,0,Census Tract 137; Queens County; New York,36,081,013700,Queens,846,113,311,122,733,959,189,433,0.367612293144208,0.0824262394154893,0.13559116383847988,0.23202112930572813,0.5032034569826879,0.2711823276769597,0.22422057410129886,proportion approximation,CV <= 30% diagnostic reference
36081013800,169755,0,Census Tract 138; Queens County; New York,36,081,013800,Queens,1487,141,461,126,1346,1628,335,587,0.31002017484868866,0.04831105373922801,0.07947168340103009,0.23054849144765857,0.38949185824971877,0.1589433668020602,0.15583196726731463,proportion approximation,CV <= 30% diagnostic reference
36081014000,222107,0,Census Tract 140; Queens County; New York,36,081,014000,Queens,1495,143,499,132,1352,1638,367,631,0.3337792642140468,0.05004251109278378,0.08231993074762932,0.25145933346641747,0.41609919496167613,0.16463986149525867,0.14992696209160672,proportion approximation,CV <= 30% diagnostic reference
36081014202,618133,0,Census Tract 142.02; Queens County; New York,36,081,014202,Queens,663,100,236,88,563,763,148,324,0.3559577677224736,0.07379136243338041,0.12138679120291078,0.23457097651956282,0.4773445589253844,0.2427735824058216,0.20730370039547125,proportion approximation,CV <= 30% diagnostic reference
36081014500,127743,0,Census Tract 145; Queens County; New York,36,081,014500,Queens,1062,245,486,106,817,1307,380,592,0.4576271186440678,0.08831982104434324,0.14528610561794464,0.31234101302612316,0.6029132242620124,0.2905722112358893,0.1929951645043056,alternative ratio approximation,CV <= 30% diagnostic reference
36081015000,147117,0,Census Tract 150; Queens County; New York,36,081,015000,Queens,589,77,169,78,512,666,91,247,0.2869269949066214,0.07720636418007051,0.127004469076216,0.1599225258304054,0.41393146398283737,0.254008938152432,0.26908016865125167,proportion approximation,CV <= 30% diagnostic reference
36081015200,185295,0,Census Tract 152; Queens County; New York,36,081,015200,Queens,784,154,138,65,630,938,73,203,0.1760204081632653,0.04580821475441259,0.07535451327100871,0.1006658948922566,0.25137492143427403,0.15070902654201745,0.2602437707786918,proportion approximation,CV <= 30% diagnostic reference
36081015400,150144,0,Census Tract 154; Queens County; New York,36,081,015400,Queens,551,59,193,65,492,610,128,258,0.3502722323049002,0.06799156785869062,0.11184612912754607,0.2384261031773541,0.4621183614324462,0.22369225825509212,0.19411064191781624,proportion approximation,CV <= 30% diagnostic reference
36081015500,147508,0,Census Tract 155; Queens County; New York,36,081,015500,Queens,886,90,496,127,796,976,369,623,0.5598194130925508,0.07998669310327526,0.1315781101548878,0.428241302937663,0.6913975232474385,0.26315622030977553,0.14287945582560863,proportion approximation,CV <= 30% diagnostic reference
36081015600,209476,0,Census Tract 156; Queens County; New York,36,081,015600,Queens,815,74,198,81,741,889,117,279,0.24294478527607363,0.058910407130345246,0.09690761972941793,0.1460371655466557,0.3398524050054916,0.1938152394588359,0.24248475662238067,proportion approximation,CV <= 30% diagnostic reference
36081015700,128464,0,Census Tract 157; Queens County; New York,36,081,015700,Queens,717,111,530,89,606,828,441,619,0.7391910739191074,0.029232274800029337,0.04808709204604826,0.6911039818730592,0.7872781659651557,0.09617418409209644,0.03954630383324723,proportion approximation,CV <= 30% diagnostic reference
36081014700,147950,0,Census Tract 147; Queens County; New York,36,081,014700,Queens,1413,216,853,235,1197,1629,618,1088,0.6036801132342534,0.084110380848532,0.13836157649583514,0.4653185367384183,0.7420416897300885,0.2767231529916703,0.13932938820512977,proportion approximation,CV <= 30% diagnostic reference
36081014800,157056,0,Census Tract 148; Queens County; New York,36,081,014800,Queens,655,256,74,52,399,911,22,126,0.11297709923664122,0.040107377158061064,0.06597663542501045,0.04700046381163077,0.17895373466165165,0.1319532708500209,0.35500448700716214,proportion approximation,CV > 30% diagnostic reference
36081014900,106596,0,Census Tract 149; Queens County; New York,36,081,014900,Queens,982,168,799,181,814,1150,618,980,0.8136456211812627,0.07344544464639431,0.12081775644331864,0.6928278647379441,0.9344633776245813,0.2416355128866372,0.09026711719994895,proportion approximation,CV <= 30% diagnostic reference
36081018502,98394,0,Census Tract 185.02; Queens County; New York,36,081,018502,Queens,1577,184,1091,187,1393,1761,904,1278,0.6918199112238428,0.05280522450602175,0.08686459431240579,0.604955316911437,0.7786845055362486,0.17372918862481157,0.0763279917928472,proportion approximation,CV <= 30% diagnostic reference
36081016300,218241,0,Census Tract 163; Queens County; New York,36,081,016300,Queens,1720,173,1319,222,1547,1893,1097,1541,0.766860465116279,0.06291037220380749,0.10348756227526333,0.6633729028410157,0.8703480273915424,0.2069751245505267,0.08203627004590515,proportion approximation,CV <= 30% diagnostic reference
36081016600,202882,0,Census Tract 166; Queens County; New York,36,081,016600,Queens,1212,221,248,113,991,1433,135,361,0.20462046204620463,0.05194107039838323,0.0854430608053404,0.11917740124086422,0.290063522851545,0.17088612161068079,0.2538410375920987,proportion approximation,CV <= 30% diagnostic reference
36081016800,211385,0,Census Tract 168; Queens County; New York,36,081,016800,Queens,851,142,114,55,709,993,59,169,0.13396004700352526,0.03686399856987385,0.06064127764744248,0.07331876935608278,0.19460132465096774,0.12128255529488496,0.2751865156400232,proportion approximation,CV <= 30% diagnostic reference
36081016900,231080,0,Census Tract 169; Queens County; New York,36,081,016900,Queens,2626,280,1453,326,2346,2906,1127,1779,0.5533130236100533,0.06640016563606482,0.10922827247132665,0.44408475113872664,0.6625412960813799,0.21845654494265326,0.12000470403324585,proportion approximation,CV <= 30% diagnostic reference
36081017000,217461,0,Census Tract 170; Queens County; New York,36,081,017000,Queens,678,88,141,57,590,766,84,198,0.2079646017699115,0.04840106979802563,0.07961975981775216,0.12834484195215934,0.28758436158766365,0.1592395196355043,0.2327370590288041,proportion approximation,CV <= 30% diagnostic reference
36081066402,393248,0,Census Tract 664.02; Queens County; New York,36,081,066402,Queens,1037,125,257,130,912,1162,127,387,0.24783027965284474,0.07401228106193199,0.12175020234687813,0.1260800773059666,0.3695804819997229,0.24350040469375628,0.2986409940125427,proportion approximation,CV <= 30% diagnostic reference
36081017200,191064,0,Census Tract 172; Queens County; New York,36,081,017200,Queens,627,61,154,83,566,688,71,237,0.24561403508771928,0.07915004943373563,0.1302018313184951,0.11541220376922418,0.3758158664062144,0.2604036626369902,0.32225377269449507,proportion approximation,CV > 30% diagnostic reference
36081017400,190574,0,Census Tract 174; Queens County; New York,36,081,017400,Queens,728,111,137,60,617,839,77,197,0.18818681318681318,0.046967524221822,0.07726157734489719,0.11092523584191599,0.2654483905317104,0.15452315468979438,0.24957925279917093,proportion approximation,CV <= 30% diagnostic reference
36081017600,189834,0,Census Tract 176; Queens County; New York,36,081,017600,Queens,643,104,172,93,539,747,79,265,0.26749611197511663,0.08389775482877117,0.13801180669332858,0.12948430528178806,0.4055079186684452,0.27602361338665715,0.31364102531918525,proportion approximation,CV > 30% diagnostic reference
36081018000,138242,0,Census Tract 180; Queens County; New York,36,081,018000,Queens,392,82,23,31,310,474,0,54,0.058673469387755105,0.04749142628042654,0.07812339623130166,0.0,0.13679686561905677,0.13679686561905677,0.8094190913881393,proportion approximation,CV > 30% diagnostic reference
36081025301,127193,0,Census Tract 253.01; Queens County; New York,36,081,025301,Queens,1771,167,1310,207,1604,1938,1103,1517,0.7396950875211745,0.057014848517837606,0.09378942581184287,0.6459056617093316,0.8334845133330174,0.18757885162368582,0.07707885246190106,proportion approximation,CV <= 30% diagnostic reference
36081018200,260745,0,Census Tract 182; Queens County; New York,36,081,018200,Queens,748,96,198,70,652,844,128,268,0.2647058823529412,0.05300826701974919,0.08719859924748742,0.17750728310545377,0.3519044816004286,0.17439719849497481,0.20025345318571916,proportion approximation,CV <= 30% diagnostic reference
36081025302,105029,0,Census Tract 253.02; Queens County; New York,36,081,025302,Queens,1267,155,937,134,1112,1422,803,1071,0.739542225730071,0.03329729317385745,0.0547740472709955,0.6847681784590754,0.7943162730010666,0.1095480945419911,0.045024194718545775,proportion approximation,CV <= 30% diagnostic reference
36081097205,176096,0,Census Tract 972.05; Queens County; New York,36,081,097205,Queens,1294,107,992,163,1187,1401,829,1155,0.7666151468315301,0.06617217873232664,0.10885323401467734,0.6577619128168528,0.8754683808462074,0.21770646802935456,0.08631733798349867,proportion approximation,CV <= 30% diagnostic reference
36081066404,952589,30459,Census Tract 664.04; Queens County; New York,36,081,066404,Queens,0,14,0,14,0,14,0,14,,,,,,,,not calculated,CV unavailable
36081033403,254794,0,Census Tract 334.03; Queens County; New York,36,081,033403,Queens,2276,161,1167,304,2115,2437,863,1471,0.5127416520210897,0.07814513256711077,0.1285487430728972,0.38419290894819247,0.6412903950939869,0.2570974861457944,0.1524064453493951,proportion approximation,CV <= 30% diagnostic reference
36081033404,241764,0,Census Tract 334.04; Queens County; New York,36,081,033404,Queens,2749,490,848,230,2259,3239,618,1078,0.308475809385231,0.03833551445137638,0.06306192127251414,0.24541388811271686,0.37153773065774515,0.1261238425450283,0.12427397314485103,proportion approximation,CV <= 30% diagnostic reference
36081000102,106637,6319,Census Tract 1.02; Queens County; New York,36,081,000102,Queens,3371,316,1877,426,3055,3687,1451,2303,0.5568080688223079,0.0699629798826845,0.11508910190701602,0.4417189669152919,0.671897170729324,0.2301782038140321,0.12565008267689368,proportion approximation,CV <= 30% diagnostic reference
36081053501,177883,0,Census Tract 535.01; Queens County; New York,36,081,053501,Queens,513,189,256,166,324,702,90,422,0.49902534113060426,0.16187461236960324,0.2662837373479973,0.23274160378260694,0.7653090784786016,0.5325674746959947,0.32438154744377523,proportion approximation,CV > 30% diagnostic reference
36081026502,69840,0,Census Tract 265.02; Queens County; New York,36,081,026502,Queens,420,81,246,100,339,501,146,346,0.5857142857142857,0.12741265050978057,0.20959381008858902,0.3761204756256967,0.7953080958028748,0.41918762017717803,0.2175337935532839,proportion approximation,CV <= 30% diagnostic reference
36081048301,87390,0,Census Tract 483.01; Queens County; New York,36,081,048301,Queens,769,169,353,110,600,938,243,463,0.459037711313394,0.06164843859279169,0.10141168148514233,0.35762602982825165,0.5604493927985363,0.2028233629702847,0.13429928973897115,proportion approximation,CV <= 30% diagnostic reference
36081039902,63605,0,Census Tract 399.02; Queens County; New York,36,081,039902,Queens,407,93,260,86,314,500,174,346,0.6388206388206388,0.09287393846665587,0.15277762877764892,0.4860430100429899,0.7915982675982877,0.3055552575552978,0.14538343444588053,proportion approximation,CV <= 30% diagnostic reference
36047070601,453432,7547,Census Tract 706.01; Kings County; New York,36,047,070601,Brooklyn,880,158,34,34,722,1038,0,68,0.038636363636363635,0.02310547738712307,0.03800851030181745,0.000627853334546187,0.07664487393818109,0.07601702060363491,0.5980241206078912,proportion approximation,CV > 30% diagnostic reference
36047088002,101053,0,Census Tract 880.02; Kings County; New York,36,047,088002,Brooklyn,454,80,158,90,374,534,68,248,0.34801762114537443,0.11459819776264825,0.18851403531955638,0.15950358582581806,0.5365316564649308,0.3770280706391128,0.3292884923053311,proportion approximation,CV > 30% diagnostic reference
36047070602,1196753,895608,Census Tract 706.02; Kings County; New York,36,047,070602,Brooklyn,0,14,0,14,0,14,0,14,,,,,,,,not calculated,CV unavailable
36047006901,74434,0,Census Tract 69.01; Kings County; New York,36,047,006901,Brooklyn,807,132,418,85,675,939,333,503,0.5179677819083024,0.038041405531691955,0.06257811209963327,0.45538966980866913,0.5805458940079357,0.12515622419926653,0.07344357479443876,proportion approximation,CV <= 30% diagnostic reference
36047006902,104645,0,Census Tract 69.02; Kings County; New York,36,047,006902,Brooklyn,826,112,597,124,714,938,473,721,0.7227602905569007,0.06913022435050369,0.11371921905657856,0.6090410715003222,0.8364795096134793,0.22743843811315712,0.09564751308796657,proportion approximation,CV <= 30% diagnostic reference
36047033701,98672,0,Census Tract 337.01; Kings County; New York,36,047,033701,Brooklyn,945,186,694,189,759,1131,505,883,0.7343915343915344,0.08402744705003053,0.1382251503973002,0.5961663839942342,0.8726166847888346,0.2764503007946004,0.11441777732316837,proportion approximation,CV <= 30% diagnostic reference
36047033702,98915,0,Census Tract 337.02; Kings County; New York,36,047,033702,Brooklyn,575,68,372,79,507,643,293,451,0.6469565217391304,0.06937191843063283,0.114116805818391,0.5328397159207394,0.7610733275575214,0.22823361163678202,0.10722809972476847,proportion approximation,CV <= 30% diagnostic reference
36047088001,81426,0,Census Tract 880.01; Kings County; New York,36,047,088001,Brooklyn,777,163,342,122,614,940,220,464,0.44015444015444016,0.07720002007791071,0.12699403302816312,0.313160407126277,0.5671484731826033,0.2539880660563263,0.1753930280717445,proportion approximation,CV <= 30% diagnostic reference
36081018401,190345,0,Census Tract 184.01; Queens County; New York,36,081,018401,Queens,723,82,218,86,641,805,132,304,0.301521438450899,0.06925652360346922,0.11392698132770686,0.18759445712319217,0.41544841977860586,0.2278539626554137,0.2296902136023314,proportion approximation,CV <= 30% diagnostic reference
36081018700,241454,0,Census Tract 187; Queens County; New York,36,081,018700,Queens,986,126,458,130,860,1112,328,588,0.4645030425963489,0.0715672358482093,0.1177281029703043,0.3467749396260446,0.5822311455666532,0.23545620594060862,0.1540726955160139,proportion approximation,CV <= 30% diagnostic reference
36081018402,212547,0,Census Tract 184.02; Queens County; New York,36,081,018402,Queens,682,115,123,60,567,797,63,183,0.18035190615835778,0.050184304529526935,0.08255318095107181,0.09779872520728597,0.2629050871094296,0.16510636190214364,0.2782576885295721,proportion approximation,CV <= 30% diagnostic reference
36081018600,180949,0,Census Tract 186; Queens County; New York,36,081,018600,Queens,563,83,140,80,480,646,60,220,0.24866785079928952,0.08345624030257041,0.13728551529772834,0.11138233550156118,0.38595336609701786,0.2745710305954567,0.3356133092167653,proportion approximation,CV > 30% diagnostic reference
36081018800,178872,0,Census Tract 188; Queens County; New York,36,081,018800,Queens,396,65,92,49,331,461,43,141,0.23232323232323232,0.07155907649555886,0.11771468083519432,0.114608551488038,0.35003791315842664,0.23542936167038864,0.308015155350449,proportion approximation,CV > 30% diagnostic reference
36081026902,78481,0,Census Tract 269.02; Queens County; New York,36,081,026902,Queens,1483,280,1017,295,1203,1763,722,1312,0.6857720836142953,0.09180136410015445,0.15101324394475407,0.5347588396695413,0.8367853275590493,0.30202648788950803,0.1338657059592223,proportion approximation,CV <= 30% diagnostic reference
36081019200,201046,0,Census Tract 192; Queens County; New York,36,081,019200,Queens,683,85,158,67,598,768,91,225,0.23133235724743778,0.05700725083634898,0.09377692762579407,0.13755542962164372,0.3251092848732319,0.18755385525158816,0.24643007798244526,proportion approximation,CV <= 30% diagnostic reference
36081030903,351702,0,Census Tract 309.03; Queens County; New York,36,081,030903,Queens,1736,214,449,236,1522,1950,213,685,0.2586405529953917,0.08033620124855824,0.1321530510538783,0.12648750194151337,0.39079360404927,0.2643061021077566,0.3106094551614635,proportion approximation,CV > 30% diagnostic reference
36081019600,222897,0,Census Tract 196; Queens County; New York,36,081,019600,Queens,906,143,311,133,763,1049,178,444,0.3432671081677704,0.08293917674689459,0.1364349457486416,0.2068321624191288,0.47970205391641196,0.27286989149728313,0.2416170229346833,proportion approximation,CV <= 30% diagnostic reference
36081018900,217706,0,Census Tract 189; Queens County; New York,36,081,018900,Queens,1374,265,684,134,1109,1639,550,818,0.4978165938864629,0.010401829775170117,0.017111009980154843,0.480705583906308,0.5149276038666177,0.03422201996030971,0.02089490367117506,proportion approximation,CV <= 30% diagnostic reference
36081019000,188261,0,Census Tract 190; Queens County; New York,36,081,019000,Queens,846,156,130,60,690,1002,70,190,0.1536643026004728,0.039523220869208175,0.06501569832984745,0.08864860427062536,0.21868000093032025,0.13003139665969488,0.2572049604257701,proportion approximation,CV <= 30% diagnostic reference
36081020400,286644,0,Census Tract 204; Queens County; New York,36,081,020400,Queens,685,159,288,152,526,844,136,440,0.42043795620437957,0.12114617218674247,0.19928545324719135,0.22115250295718822,0.6197234094515709,0.39857090649438265,0.2881428053747173,proportion approximation,CV <= 30% diagnostic reference
36081020600,148614,0,Census Tract 206; Queens County; New York,36,081,020600,Queens,462,64,196,71,398,526,125,267,0.42424242424242425,0.08632128999023014,0.1419985220339286,0.28224390220849566,0.5662409462763529,0.28399704406785725,0.2034716121198282,proportion approximation,CV <= 30% diagnostic reference
36081020800,543254,0,Census Tract 208; Queens County; New York,36,081,020800,Queens,1388,209,602,156,1179,1597,446,758,0.43371757925072046,0.05560519625435041,0.09147054783840643,0.34224703141231405,0.5251881270891269,0.18294109567681283,0.12820600066617668,proportion approximation,CV <= 30% diagnostic reference
36081021200,239766,0,Census Tract 212; Queens County; New York,36,081,021200,Queens,674,127,323,77,547,801,246,400,0.4792284866468843,0.04254231633012953,0.06998211036306308,0.4092463762838212,0.5492105970099473,0.13996422072612613,0.0887725114752548,proportion approximation,CV <= 30% diagnostic reference
36081021400,380752,0,Census Tract 214; Queens County; New York,36,081,021400,Queens,2280,282,938,241,1998,2562,697,1179,0.4114035087719298,0.05632102347004134,0.092648083608218,0.3187554251637118,0.5040515923801479,0.18529616721643605,0.13689971589732863,proportion approximation,CV <= 30% diagnostic reference
36081021900,1284075,107995,Census Tract 219; Queens County; New York,36,081,021900,Queens,0,14,0,14,0,14,0,14,,,,,,,,not calculated,CV unavailable
36081022001,395707,0,Census Tract 220.01; Queens County; New York,36,081,022001,Queens,2660,287,1007,295,2373,2947,712,1302,0.37857142857142856,0.06267865060089853,0.10310638023847808,0.2754650483329505,0.4816778088099066,0.20621276047695614,0.165566246870298,proportion approximation,CV <= 30% diagnostic reference
36081022900,1340604,0,Census Tract 229; Queens County; New York,36,081,022900,Queens,0,14,0,14,0,14,0,14,,,,,,,,not calculated,CV unavailable
36081023000,165800,0,Census Tract 230; Queens County; New York,36,081,023000,Queens,571,75,56,37,496,646,19,93,0.09807355516637478,0.038605017486491006,0.0635052537652777,0.03456830140109708,0.1615788089316525,0.12701050753055543,0.3936333032997565,proportion approximation,CV > 30% diagnostic reference
36081043701,145616,0,Census Tract 437.01; Queens County; New York,36,081,043701,Queens,828,99,529,120,729,927,409,649,0.6388888888888888,0.07487014694757442,0.12316139172875992,0.5157274971601289,0.7620502806176488,0.2463227834575199,0.11718805609185562,proportion approximation,CV <= 30% diagnostic reference
36081061302,487033,0,Census Tract 613.02; Queens County; New York,36,081,061302,Queens,0,14,0,14,0,14,0,14,,,,,,,,not calculated,CV unavailable
36081071306,181335,0,Census Tract 713.06; Queens County; New York,36,081,071306,Queens,3117,413,2049,416,2704,3530,1633,2465,0.6573628488931665,0.061472152711948704,0.10112169121115562,0.5562411576820109,0.7584845401043222,0.20224338242231132,0.09351327476971405,proportion approximation,CV <= 30% diagnostic reference
36081077906,289075,0,Census Tract 779.06; Queens County; New York,36,081,077906,Queens,1446,169,488,151,1277,1615,337,639,0.33748271092669435,0.058778378607128666,0.09669043280872666,0.2407922781179677,0.43417314373542104,0.19338086561745335,0.1741670808727624,proportion approximation,CV <= 30% diagnostic reference
36081057900,68348,0,Census Tract 579; Queens County; New York,36,081,057900,Queens,665,113,315,74,552,778,241,389,0.47368421052631576,0.04671005290592353,0.07683803703024421,0.39684617349607154,0.55052224755656,0.15367607406048844,0.09861011169028303,proportion approximation,CV <= 30% diagnostic reference
36081058000,550452,0,Census Tract 580; Queens County; New York,36,081,058000,Queens,1062,142,45,45,920,1204,0,90,0.0423728813559322,0.02552729135029275,0.041992394271231574,0.00038048708470062725,0.08436527562716378,0.08398478854246316,0.602444075866909,proportion approximation,CV > 30% diagnostic reference
36081058100,143606,0,Census Tract 581; Queens County; New York,36,081,058100,Queens,1219,259,450,260,960,1478,190,710,0.36915504511895,0.12057416160445968,0.19834449583933617,0.1708105492796138,0.5674995409582861,0.39668899167867233,0.3266220066574141,proportion approximation,CV > 30% diagnostic reference
36081058900,165272,0,Census Tract 589; Queens County; New York,36,081,058900,Queens,1905,262,1300,289,1643,2167,1011,1589,0.6824146981627297,0.07245545583880092,0.11918922485482751,0.5632254733079022,0.8016039230175572,0.23837844970965505,0.10617511028685826,proportion approximation,CV <= 30% diagnostic reference
36081090700,2022039,332865,Census Tract 907; Queens County; New York,36,081,090700,Queens,562,162,55,46,400,724,9,101,0.09786476868327403,0.04670852821541725,0.07683552891436138,0.021029239768912647,0.1747002975976354,0.15367105782872276,0.477276233764809,proportion approximation,CV > 30% diagnostic reference
36081092800,762718,897590,Census Tract 928; Queens County; New York,36,081,092800,Queens,1156,184,62,50,972,1340,12,112,0.05363321799307959,0.025776154542373066,0.042401774222203696,0.011231443770875892,0.09603499221528328,0.08480354844440738,0.4806005588868268,proportion approximation,CV > 30% diagnostic reference
36081092900,956919,2446820,Census Tract 929; Queens County; New York,36,081,092900,Queens,2163,323,477,213,1840,2486,264,690,0.22052704576976423,0.05641629018456148,0.09280479735360363,0.1277222484161606,0.31333184312336787,0.18560959470720728,0.2558248127237033,proportion approximation,CV <= 30% diagnostic reference
36081091602,1277598,1124549,Census Tract 916.02; Queens County; New York,36,081,091602,Queens,5,7,5,7,0,12,0,12,1.0,0.0,0.0,1.0,1.0,0.0,0.0,proportion approximation,CV <= 30% diagnostic reference
36081091800,1126443,2294294,Census Tract 918; Queens County; New York,36,081,091800,Queens,4,6,0,14,0,10,0,14,0.0,2.127659574468085,3.5,0.0,1.0,1.0,,proportion approximation,CV unavailable
36081092200,633705,699996,Census Tract 922; Queens County; New York,36,081,092200,Queens,828,80,93,57,748,908,36,150,0.11231884057971014,0.04132512855783393,0.0679798364776368,0.04433900410207334,0.18029867705734695,0.1359596729552736,0.36792695103103756,proportion approximation,CV > 30% diagnostic reference
36081093800,809668,1300951,Census Tract 938; Queens County; New York,36,081,093800,Queens,2032,237,693,276,1795,2269,417,969,0.3410433070866142,0.07894942736496509,0.12987180801536757,0.2111714990712466,0.47091511510198175,0.25974361603073515,0.2314938476271415,proportion approximation,CV <= 30% diagnostic reference
36081049301,164137,0,Census Tract 493.01; Queens County; New York,36,081,049301,Queens,772,114,133,55,658,886,78,188,0.172279792746114,0.040453776973486295,0.06654646312138496,0.10573332962472903,0.23882625586749895,0.13309292624276992,0.23481440468820616,proportion approximation,CV <= 30% diagnostic reference
36081049302,269353,0,Census Tract 493.02; Queens County; New York,36,081,049302,Queens,1018,225,284,84,793,1243,200,368,0.27897838899803534,0.03333333451920232,0.05483333528408781,0.22414505371394752,0.33381172428212313,0.10966667056817561,0.11948357232587312,proportion approximation,CV <= 30% diagnostic reference
36081049500,129036,0,Census Tract 495; Queens County; New York,36,081,049500,Queens,526,97,129,62,429,623,67,191,0.24524714828897337,0.06616958973839718,0.10884897511966336,0.13639817316931002,0.3540961234086367,0.2176979502393267,0.2698077845147048,proportion approximation,CV <= 30% diagnostic reference
36081049600,273116,0,Census Tract 496; Queens County; New York,36,081,049600,Queens,867,107,136,69,760,974,67,205,0.1568627450980392,0.0469266374806768,0.07719431865571333,0.07966842644232588,0.23405706375375254,0.15438863731142666,0.2991573139393146,proportion approximation,CV <= 30% diagnostic reference
36081049700,197569,0,Census Tract 497; Queens County; New York,36,081,049700,Queens,903,185,186,99,718,1088,87,285,0.2059800664451827,0.061512192947668604,0.10118755739891486,0.10479250904626786,0.30716762384409757,0.2023751147978297,0.29863177543948793,proportion approximation,CV <= 30% diagnostic reference
36081049900,462388,0,Census Tract 499; Queens County; New York,36,081,049900,Queens,1459,176,476,133,1283,1635,343,609,0.32625085675119947,0.04998483567991058,0.0822250546934529,0.24402580205774657,0.40847591144465234,0.16445010938690577,0.1532098219684654,proportion approximation,CV <= 30% diagnostic reference
36081060100,154426,0,Census Tract 601; Queens County; New York,36,081,060100,Queens,845,138,263,95,707,983,168,358,0.31124260355029587,0.060959972877163676,0.10027915538293425,0.21096344816736162,0.4115217589332301,0.2005583107658685,0.1958599889019137,proportion approximation,CV <= 30% diagnostic reference
36081059100,202060,0,Census Tract 591; Queens County; New York,36,081,059100,Queens,2133,299,1373,280,1834,2432,1093,1653,0.6436943272386311,0.05795884627040049,0.0953423021148088,0.5483520251238223,0.7390366293534398,0.19068460422961753,0.090040946172443,proportion approximation,CV <= 30% diagnostic reference
36081059200,226137,0,Census Tract 592; Queens County; New York,36,081,059200,Queens,444,121,80,101,323,565,0,181,0.18018018018018017,0.13502405540247073,0.22211457113706437,0.0,0.40229475131724457,0.40229475131724457,0.7493835074837125,proportion approximation,CV > 30% diagnostic reference
36081059300,252144,0,Census Tract 593; Queens County; New York,36,081,059300,Queens,1646,202,587,187,1444,1848,400,774,0.35662211421628187,0.06373287515439666,0.10484057962898251,0.25178153458729935,0.4614626938452644,0.20968115925796504,0.17871262777536098,proportion approximation,CV <= 30% diagnostic reference
36081059400,222046,0,Census Tract 594; Queens County; New York,36,081,059400,Queens,533,62,38,30,471,595,8,68,0.07129455909943715,0.03384246738774048,0.05567085885283309,0.015623700246604054,0.12696541795227023,0.11134171770566617,0.4746851346754125,proportion approximation,CV > 30% diagnostic reference
36081059800,206471,0,Census Tract 598; Queens County; New York,36,081,059800,Queens,553,100,89,61,453,653,28,150,0.1609403254972875,0.06468020332426318,0.10639893446841292,0.05454139102887459,0.2673392599657004,0.2127978689368258,0.4018893532395229,proportion approximation,CV > 30% diagnostic reference
36081059900,127081,0,Census Tract 599; Queens County; New York,36,081,059900,Queens,451,77,55,41,374,528,14,96,0.12195121951219512,0.053794931454876696,0.08849266224327217,0.03345855726892295,0.2104438817554673,0.17698532448654436,0.4411184379299889,proportion approximation,CV > 30% diagnostic reference
36081060000,176717,0,Census Tract 600; Queens County; New York,36,081,060000,Queens,451,101,70,41,350,552,29,111,0.15521064301552107,0.051064842869820694,0.08400166652085504,0.07120897649466602,0.23921230953637612,0.1680033330417101,0.3290034876327019,proportion approximation,CV > 30% diagnostic reference
36081060600,215296,0,Census Tract 606; Queens County; New York,36,081,060600,Queens,501,86,43,44,415,587,0,87,0.08582834331337326,0.05263207394542442,0.08657976164022317,0.0,0.17240810495359643,0.17240810495359643,0.6132248615501775,proportion approximation,CV > 30% diagnostic reference
36081060701,712989,0,Census Tract 607.01; Queens County; New York,36,081,060701,Queens,0,14,0,14,0,14,0,14,,,,,,,,not calculated,CV unavailable
36081060800,211446,0,Census Tract 608; Queens County; New York,36,081,060800,Queens,506,71,87,63,435,577,24,150,0.17193675889328064,0.07425298856130408,0.12214616618334521,0.049790592709935425,0.29408292507662587,0.24429233236669046,0.4318622093335616,proportion approximation,CV > 30% diagnostic reference
36081061400,257752,0,Census Tract 614; Queens County; New York,36,081,061400,Queens,419,94,96,55,325,513,41,151,0.22911694510739858,0.07342403633271649,0.12078253976731862,0.10833440534007996,0.3498994848747172,0.24156507953463727,0.32046532524383553,proportion approximation,CV > 30% diagnostic reference
36081061602,422309,0,Census Tract 616.02; Queens County; New York,36,081,061602,Queens,384,50,27,36,334,434,0,63,0.0703125,0.05671847674005308,0.09330189423738731,0.0,0.16361439423738733,0.16361439423738733,0.8066627803029771,proportion approximation,CV > 30% diagnostic reference
36081051500,224365,0,Census Tract 515; Queens County; New York,36,081,051500,Queens,1192,154,214,108,1038,1346,106,322,0.17953020134228187,0.05324309215924641,0.08758488660196034,0.09194531474032153,0.2671150879442422,0.1751697732039207,0.29656899931692393,proportion approximation,CV <= 30% diagnostic reference
36081051600,183654,0,Census Tract 516; Queens County; New York,36,081,051600,Queens,606,104,148,71,502,710,77,219,0.24422442244224424,0.06650955899962184,0.10940822455437793,0.1348161978878663,0.35363264699662217,0.21881644910875586,0.2723296807687218,proportion approximation,CV <= 30% diagnostic reference
36081051700,254179,0,Census Tract 517; Queens County; New York,36,081,051700,Queens,819,132,284,121,687,951,163,405,0.34676434676434675,0.08313810213049845,0.13676217800466994,0.2100021687596768,0.4835265247690167,0.2735243560093399,0.23975389311576842,proportion approximation,CV <= 30% diagnostic reference
36081050000,336068,0,Census Tract 500; Queens County; New York,36,081,050000,Queens,1555,189,678,193,1366,1744,485,871,0.4360128617363344,0.06822690644674952,0.11223326110490296,0.32377960063143146,0.5482461228412374,0.22446652220980595,0.1564791143432087,proportion approximation,CV <= 30% diagnostic reference
36081051800,169821,0,Census Tract 518; Queens County; New York,36,081,051800,Queens,612,87,104,64,525,699,40,168,0.16993464052287582,0.06185208248992241,0.10174667569592237,0.06818796482695345,0.2716813162187982,0.20349335139184477,0.36397571619069724,proportion approximation,CV > 30% diagnostic reference
36081052100,190269,0,Census Tract 521; Queens County; New York,36,081,052100,Queens,669,99,208,79,570,768,129,287,0.3109118086696562,0.06611233813777027,0.1087547962366321,0.20215701243302409,0.41966660490628827,0.21750959247326418,0.21264016449119383,proportion approximation,CV <= 30% diagnostic reference
36081052200,169840,0,Census Tract 522; Queens County; New York,36,081,052200,Queens,550,43,100,59,507,593,41,159,0.18181818181818182,0.06463631518569452,0.10632673848046748,0.07549144333771435,0.2881449202986493,0.21265347696093495,0.3554997335213198,proportion approximation,CV > 30% diagnostic reference
36081050201,168132,0,Census Tract 502.01; Queens County; New York,36,081,050201,Queens,439,107,70,49,332,546,21,119,0.15945330296127563,0.06360643258729969,0.10463258160610799,0.05482072135516765,0.26408588456738363,0.209265163212216,0.3989031986546366,proportion approximation,CV > 30% diagnostic reference
36081050500,116112,0,Census Tract 505; Queens County; New York,36,081,050500,Queens,612,93,102,55,519,705,47,157,0.16666666666666666,0.05241743699828454,0.08622668386217808,0.08043998280448858,0.25289335052884476,0.17245336772435618,0.3145046219897073,proportion approximation,CV > 30% diagnostic reference
36081050700,372217,0,Census Tract 507; Queens County; New York,36,081,050700,Queens,1293,194,262,122,1099,1487,140,384,0.2026295436968291,0.05429908935282604,0.08932200198539884,0.11330754171143025,0.2919515456822279,0.17864400397079766,0.2679722234091758,proportion approximation,CV <= 30% diagnostic reference
36081050800,219531,0,Census Tract 508; Queens County; New York,36,081,050800,Queens,667,113,144,65,554,780,79,209,0.2158920539730135,0.05491010755908729,0.09032712693469859,0.1255649270383149,0.3062191809077121,0.1806542538693972,0.25434056765216123,proportion approximation,CV <= 30% diagnostic reference
36081051000,184893,0,Census Tract 510; Queens County; New York,36,081,051000,Queens,427,57,167,74,370,484,93,241,0.3911007025761124,0.10045666527312871,0.16525121437429674,0.22584948820181566,0.5563519169504092,0.33050242874859354,0.2568562639019519,proportion approximation,CV <= 30% diagnostic reference
36081051100,273907,0,Census Tract 511; Queens County; New York,36,081,051100,Queens,840,101,180,78,739,941,102,258,0.21428571428571427,0.05423159547060531,0.08921097454914574,0.12507473973656852,0.30349668883486003,0.1784219490982915,0.2530807788628248,proportion approximation,CV <= 30% diagnostic reference
36081051300,193536,0,Census Tract 513; Queens County; New York,36,081,051300,Queens,811,109,162,65,702,920,97,227,0.1997533908754624,0.04590741051068024,0.075517690290069,0.1242357005853934,0.2752710811655314,0.151035380580138,0.2298204316306276,proportion approximation,CV <= 30% diagnostic reference
36081080301,315989,0,Census Tract 803.01; Queens County; New York,36,081,080301,Queens,1100,111,194,91,989,1211,103,285,0.17636363636363636,0.04911266978630829,0.08079034179847713,0.09557329456515923,0.2571539781621135,0.16158068359695427,0.2784739008502016,proportion approximation,CV <= 30% diagnostic reference
36081080302,438628,0,Census Tract 803.02; Queens County; New York,36,081,080302,Queens,938,92,133,83,846,1030,50,216,0.1417910447761194,0.05312246377207842,0.087386452905069,0.0544045918710504,0.2291774976811884,0.174772905810138,0.3746531655504478,proportion approximation,CV > 30% diagnostic reference
36081080900,1001243,0,Census Tract 809; Queens County; New York,36,081,080900,Queens,2640,286,468,212,2354,2926,256,680,0.17727272727272728,0.047399896233680155,0.07797282930440386,0.09929989796832342,0.2552455565771311,0.15594565860880769,0.26738403003614447,proportion approximation,CV <= 30% diagnostic reference
36081081400,369558,0,Census Tract 814; Queens County; New York,36,081,081400,Queens,1021,121,139,91,900,1142,48,230,0.13614103819784526,0.053286206412645504,0.08765580954880185,0.04848522864904341,0.2237968477466471,0.17531161909760368,0.3914044370310148,proportion approximation,CV > 30% diagnostic reference
36081081800,375118,0,Census Tract 818; Queens County; New York,36,081,081800,Queens,1019,132,214,104,887,1151,110,318,0.2100098135426889,0.059798400120645696,0.09836836819846217,0.11164144534422674,0.30837818174115106,0.19673673639692432,0.28474098001372883,proportion approximation,CV <= 30% diagnostic reference
36081052400,196181,0,Census Tract 524; Queens County; New York,36,081,052400,Queens,554,80,113,51,474,634,62,164,0.20397111913357402,0.05302039326597365,0.08721854692252666,0.11675257221104736,0.2911896660561007,0.17443709384505335,0.25994068910928675,proportion approximation,CV <= 30% diagnostic reference
36081052800,180396,0,Census Tract 528; Queens County; New York,36,081,052800,Queens,537,105,109,57,432,642,52,166,0.20297951582867785,0.059845605113055776,0.09844602041097675,0.1045334954177011,0.3014255362396546,0.19689204082195352,0.2948356875753298,proportion approximation,CV <= 30% diagnostic reference
36081053000,230158,0,Census Tract 530; Queens County; New York,36,081,053000,Queens,658,56,70,45,602,714,25,115,0.10638297872340426,0.04120796227957332,0.06778709794989811,0.03859588077350615,0.17417007667330237,0.13557419589979622,0.38735484542798915,proportion approximation,CV > 30% diagnostic reference
36081061800,241544,0,Census Tract 618; Queens County; New York,36,081,061800,Queens,711,59,167,63,652,770,104,230,0.2348804500703235,0.05254550078904683,0.08643734879798204,0.14844310127234145,0.3213177988683055,0.17287469759596408,0.22371168300007363,proportion approximation,CV <= 30% diagnostic reference
36081061900,257858,0,Census Tract 619; Queens County; New York,36,081,061900,Queens,1196,185,346,119,1011,1381,227,465,0.28929765886287623,0.05402276898098779,0.08886745497372492,0.2004302038891513,0.3781651138366011,0.1777349099474498,0.18673766387647805,proportion approximation,CV <= 30% diagnostic reference
36081062000,216242,0,Census Tract 620; Queens County; New York,36,081,062000,Queens,524,68,61,44,456,592,17,105,0.11641221374045801,0.050212368068920675,0.08259934547337451,0.033812868267083504,0.1990115592138325,0.165198690946749,0.4313324732477776,proportion approximation,CV > 30% diagnostic reference
36081062100,258272,0,Census Tract 621; Queens County; New York,36,081,062100,Queens,986,149,213,90,837,1135,123,303,0.21602434077079108,0.05181806560035268,0.08524071791258016,0.13078362285821094,0.3012650586833712,0.1704814358251603,0.23987142104200818,proportion approximation,CV <= 30% diagnostic reference
36081062400,512105,0,Census Tract 624; Queens County; New York,36,081,062400,Queens,0,14,0,14,0,14,0,14,,,,,,,,not calculated,CV unavailable
36081062600,429396,0,Census Tract 626; Queens County; New York,36,081,062600,Queens,937,95,98,64,842,1032,34,162,0.10458911419423693,0.041018200771905655,0.0674749402697848,0.037114173924452126,0.17206405446402173,0.1349498805395696,0.39218422574771017,proportion approximation,CV > 30% diagnostic reference
36081062700,157306,0,Census Tract 627; Queens County; New York,36,081,062700,Queens,1096,160,341,138,936,1256,203,479,0.31113138686131386,0.07138885296427021,0.1174346631262245,0.19369672373508937,0.42856604998753833,0.23486932625244897,0.22944921656551365,proportion approximation,CV <= 30% diagnostic reference
36061030900,302756,0,Census Tract 309; New York County; New York,36,061,030900,Manhattan,3355,400,2307,430,2955,3755,1877,2737,0.6876304023845008,0.059888710085388666,0.09851692809046436,0.5891134742940365,0.7861473304749651,0.1970338561809286,0.08709433131186778,proportion approximation,CV <= 30% diagnostic reference
36061004400,410012,465240,Census Tract 44; New York County; New York,36,061,004400,Manhattan,8189,884,6086,1069,7305,9073,5017,7155,0.743192086945903,0.06260074919828076,0.10297823243117186,0.6402138545147311,0.8461703193770749,0.20595646486234376,0.0842322601355112,proportion approximation,CV <= 30% diagnostic reference
36061012101,89046,0,Census Tract 121.01; New York County; New York,36,061,012101,Manhattan,1822,303,1773,300,1519,2125,1473,2073,0.9731064763995609,0.01846461686110737,0.03037429473652162,0.9427321816630393,1.0,0.05726781833696071,0.018974919301149255,proportion approximation,CV <= 30% diagnostic reference
36061010803,54399,0,Census Tract 108.03; New York County; New York,36,061,010803,Manhattan,1053,200,844,197,853,1253,647,1041,0.8015194681861348,0.06610504328132716,0.10874279619778318,0.6927766719883517,0.910262264383918,0.2174855923955663,0.08247465707966528,proportion approximation,CV <= 30% diagnostic reference
36061010802,57401,0,Census Tract 108.02; New York County; New York,36,061,010802,Manhattan,2217,459,1704,449,1758,2676,1255,2153,0.7686062246278755,0.07615673540426685,0.12527782974001897,0.6433283948878565,0.8938840543678945,0.250555659480038,0.09908420328125563,proportion approximation,CV <= 30% diagnostic reference
36061015403,51715,0,Census Tract 154.03; New York County; New York,36,061,015403,Manhattan,2503,389,1799,404,2114,2892,1395,2203,0.7187375149820215,0.07082724084160666,0.11651081118444295,0.6022267037975786,0.8352483261664645,0.2330216223688859,0.09854395988134601,proportion approximation,CV <= 30% diagnostic reference
36061015402,54705,0,Census Tract 154.02; New York County; New York,36,061,015402,Manhattan,1676,331,1112,280,1345,2007,832,1392,0.6634844868735084,0.06300101138870429,0.10363666373441854,0.5598478231390898,0.767121150607927,0.2072733274688372,0.0949547617693061,proportion approximation,CV <= 30% diagnostic reference
36061004001,91742,0,Census Tract 40.01; New York County; New York,36,061,004001,Manhattan,1866,312,1706,306,1554,2178,1400,2012,0.9142550911039657,0.03608622357508844,0.05936183778102049,0.8548932533229453,0.9736169288849862,0.11872367556204089,0.039470629068648906,proportion approximation,CV <= 30% diagnostic reference
36061013604,71689,0,Census Tract 136.04; New York County; New York,36,061,013604,Manhattan,2435,276,1574,353,2159,2711,1221,1927,0.6464065708418891,0.07604333720616928,0.12509128970414846,0.5213152811377406,0.7714978605460376,0.250182579408297,0.11764010552542706,proportion approximation,CV <= 30% diagnostic reference
36061013203,53878,0,Census Tract 132.03; New York County; New York,36,061,013203,Manhattan,2410,381,1642,419,2029,2791,1223,2061,0.6813278008298755,0.08296269374552025,0.1364736312113808,0.5448541696184948,0.8178014320412563,0.27294726242276157,0.12176619483964908,proportion approximation,CV <= 30% diagnostic reference
36061013602,56420,0,Census Tract 136.02; New York County; New York,36,061,013602,Manhattan,2695,619,1298,250,2076,3314,1048,1548,0.4816326530612245,0.08776315948655723,0.14437039735538665,0.33726225570583784,0.6260030504166112,0.28874079471077335,0.18222011927293663,alternative ratio approximation,CV <= 30% diagnostic reference
36081062900,183530,0,Census Tract 629; Queens County; New York,36,081,062900,Queens,1226,277,392,126,949,1503,266,518,0.3197389885807504,0.044437442661438904,0.073099593178067,0.2466393954026834,0.39283858175881736,0.14619918635613396,0.1389803691401125,proportion approximation,CV <= 30% diagnostic reference
36081083700,780781,0,Census Tract 837; Queens County; New York,36,081,083700,Queens,1635,230,314,128,1405,1865,186,442,0.19204892966360856,0.044667654376853376,0.07347829144992381,0.11857063821368476,0.2655272211135324,0.14695658289984764,0.23258476084762825,proportion approximation,CV <= 30% diagnostic reference
36081083800,495382,0,Census Tract 838; Queens County; New York,36,081,083800,Queens,1645,249,225,120,1396,1894,105,345,0.13677811550151975,0.042521965393237514,0.06994863307187571,0.06682948242964404,0.20672674857339546,0.13989726614375142,0.310882813652781,proportion approximation,CV > 30% diagnostic reference
36081084000,568482,0,Census Tract 840; Queens County; New York,36,081,084000,Queens,2107,224,371,192,1883,2331,179,563,0.1760797342192691,0.05421359535099751,0.08918136435239091,0.08689836986687818,0.26526109857166,0.17836272870478184,0.30789230567264625,proportion approximation,CV > 30% diagnostic reference
36081084500,188675,0,Census Tract 845; Queens County; New York,36,081,084500,Queens,2169,212,1324,280,1957,2381,1044,1604,0.6104195481788843,0.06959095524585562,0.1144771213794325,0.49594242679945183,0.7248966695583168,0.22895424275886495,0.11400512230231181,proportion approximation,CV <= 30% diagnostic reference
36081084601,331161,0,Census Tract 846.01; Queens County; New York,36,081,084601,Queens,810,67,65,44,743,877,21,109,0.08024691358024691,0.03277441813878322,0.0539139178382984,0.026332995741948508,0.13416083141854532,0.10782783567659682,0.4084196721909909,proportion approximation,CV > 30% diagnostic reference
36081053401,260260,0,Census Tract 534.01; Queens County; New York,36,081,053401,Queens,599,73,134,65,526,672,69,199,0.22370617696160267,0.06385021257868206,0.10503359969193199,0.11867257726967068,0.32873977665353465,0.21006719938386398,0.2854199801091833,proportion approximation,CV <= 30% diagnostic reference
36081000701,240557,0,Census Tract 7.01; Queens County; New York,36,081,000701,Queens,1690,175,1117,204,1515,1865,913,1321,0.6609467455621302,0.060444965402456766,0.09943196808704138,0.5615147774750888,0.7603787136491715,0.1988639361740827,0.09145209626692205,proportion approximation,CV <= 30% diagnostic reference
36081053601,191536,0,Census Tract 536.01; Queens County; New York,36,081,053601,Queens,714,388,276,375,326,1102,0,651,0.3865546218487395,0.2926281250267197,0.4813732656689539,0.0,0.8679278875176935,0.8679278875176935,0.7570162364821661,proportion approximation,CV > 30% diagnostic reference
36081054000,522713,0,Census Tract 540; Queens County; New York,36,081,054000,Queens,1444,214,319,172,1230,1658,147,491,0.22091412742382271,0.0696205985496885,0.11452588461423759,0.10638824280958513,0.3354400120380603,0.22905176922847514,0.31514778779232033,proportion approximation,CV > 30% diagnostic reference
36081040701,70455,0,Census Tract 407.01; Queens County; New York,36,081,040701,Queens,777,147,464,126,630,924,338,590,0.5971685971685972,0.07071707699295776,0.11632959165341553,0.48083900551518166,0.7134981888220127,0.232659183306831,0.11842062246450039,proportion approximation,CV <= 30% diagnostic reference
36081001901,228400,0,Census Tract 19.01; Queens County; New York,36,081,001901,Queens,1031,202,793,215,829,1233,578,1008,0.7691561590688651,0.08762481835193385,0.14414282618893118,0.625013332879934,0.9132989852577963,0.2882856523778623,0.11392331364545247,proportion approximation,CV <= 30% diagnostic reference
36081017902,377389,0,Census Tract 179.02; Queens County; New York,36,081,017902,Queens,0,14,0,14,0,14,0,14,,,,,,,,not calculated,CV unavailable
36081023502,117461,0,Census Tract 235.02; Queens County; New York,36,081,023502,Queens,1181,163,851,104,1018,1344,747,955,0.720575783234547,0.08075183979408992,0.13283677646127792,0.5877390067732691,0.8534125596958249,0.2656735529225558,0.11206571421482986,alternative ratio approximation,CV <= 30% diagnostic reference
36081049201,295040,0,Census Tract 492.01; Queens County; New York,36,081,049201,Queens,1316,143,500,155,1173,1459,345,655,0.3799392097264438,0.06705675233568786,0.11030835759220654,0.26963085213423726,0.4902475673186503,0.22061671518441306,0.17649337214753044,proportion approximation,CV <= 30% diagnostic reference
36081097207,832012,991507,Census Tract 972.07; Queens County; New York,36,081,097207,Queens,0,14,0,14,0,14,0,14,,,,,,,,not calculated,CV unavailable
36081047802,132692,0,Census Tract 478.02; Queens County; New York,36,081,047802,Queens,369,88,16,27,281,457,0,43,0.04336043360433604,0.044034259971703044,0.07243635765345151,0.0,0.11579679125778755,0.11579679125778755,1.0155401205974015,proportion approximation,CV > 30% diagnostic reference
36081049202,191181,0,Census Tract 492.02; Queens County; New York,36,081,049202,Queens,577,129,67,48,448,706,19,115,0.11611785095320624,0.04804527030660852,0.07903446965437101,0.03708338129883523,0.19515232060757726,0.15806893930874202,0.41376299950616585,proportion approximation,CV > 30% diagnostic reference
36081063700,695127,0,Census Tract 637; Queens County; New York,36,081,063700,Queens,1289,203,144,72,1086,1492,72,216,0.11171450737005431,0.032227451425994966,0.05301415759576172,0.058700349774292594,0.16472866496581604,0.10602831519152345,0.2884804506118577,proportion approximation,CV <= 30% diagnostic reference
36081063800,690778,0,Census Tract 638; Queens County; New York,36,081,063800,Queens,1079,179,80,60,900,1258,20,140,0.07414272474513438,0.03296636281707837,0.054229666834093915,0.019913057911040463,0.1283723915792283,0.10845933366818784,0.44463381849534456,proportion approximation,CV > 30% diagnostic reference
36081063900,251775,0,Census Tract 639; Queens County; New York,36,081,063900,Queens,1014,67,204,86,947,1081,118,290,0.20118343195266272,0.05092059913099865,0.08376438557049279,0.11741904638216993,0.2849478175231555,0.16752877114098558,0.25310533097466975,proportion approximation,CV <= 30% diagnostic reference
36081064101,85455,0,Census Tract 641.01; Queens County; New York,36,081,064101,Queens,1033,95,234,87,938,1128,147,321,0.2265246853823814,0.049607027882167504,0.08160356086616555,0.14492112451621586,0.30812824624854696,0.1632071217323311,0.21899170855674802,proportion approximation,CV <= 30% diagnostic reference
36081064102,2225375,0,Census Tract 641.02; Queens County; New York,36,081,064102,Queens,0,14,0,14,0,14,0,14,,,,,,,,not calculated,CV unavailable
36081063301,134735,0,Census Tract 633.01; Queens County; New York,36,081,063301,Queens,529,79,72,47,450,608,25,119,0.13610586011342155,0.05257789019139726,0.0864906293648485,0.04961523074857305,0.22259648947827004,0.172981258729697,0.38630144321179377,proportion approximation,CV > 30% diagnostic reference
36081063302,138739,0,Census Tract 633.02; Queens County; New York,36,081,063302,Queens,601,104,110,50,497,705,60,160,0.18302828618968386,0.0467659819485515,0.07693004030536722,0.10609824588431664,0.2599583264950511,0.15386008061073442,0.2555123195552677,proportion approximation,CV <= 30% diagnostic reference
36081063500,189460,0,Census Tract 635; Queens County; New York,36,081,063500,Queens,933,169,161,117,764,1102,44,278,0.17256162915326903,0.07382611398082693,0.1214439574984603,0.051117671654808725,0.2940055866517293,0.24288791499692058,0.4278246232553511,proportion approximation,CV > 30% diagnostic reference
36081064500,309591,0,Census Tract 645; Queens County; New York,36,081,064500,Queens,821,144,384,151,677,965,233,535,0.46772228989037756,0.10006847764932139,0.1646126457331337,0.30310964415724384,0.6323349356235113,0.32922529146626744,0.21394848997420018,proportion approximation,CV <= 30% diagnostic reference
36081064600,407312,0,Census Tract 646; Queens County; New York,36,081,064600,Queens,1059,130,178,80,929,1189,98,258,0.1680830972615675,0.04417659388665633,0.07267049694354967,0.09541260031801783,0.24075359420511716,0.1453409938870993,0.2628259153144329,proportion approximation,CV <= 30% diagnostic reference
36081065000,399994,0,Census Tract 650; Queens County; New York,36,081,065000,Queens,895,106,95,54,789,1001,41,149,0.10614525139664804,0.03587293688953133,0.05901098118327904,0.047134270213369,0.1651562325799271,0.1180219623665581,0.3379608264855847,proportion approximation,CV > 30% diagnostic reference
36081084602,716802,0,Census Tract 846.02; Queens County; New York,36,081,084602,Queens,235,92,0,14,143,327,0,14,0.0,0.0362154821186057,0.059574468085106386,0.0,0.059574468085106386,0.059574468085106386,,proportion approximation,CV unavailable
36081086100,148788,0,Census Tract 861; Queens County; New York,36,081,086100,Queens,764,69,408,89,695,833,319,497,0.5340314136125655,0.06446128722498803,0.10603881748510532,0.4279925961274601,0.6400702310976708,0.2120776349702107,0.12070692019581092,proportion approximation,CV <= 30% diagnostic reference
36081086300,144150,0,Census Tract 863; Queens County; New York,36,081,086300,Queens,2392,260,1094,314,2132,2652,780,1408,0.45735785953177255,0.07385627071978114,0.12149356533403997,0.33586429419773256,0.5788514248658125,0.24298713066807998,0.16148464310943006,proportion approximation,CV <= 30% diagnostic reference
36081086400,1120711,0,Census Tract 864; Queens County; New York,36,081,086400,Queens,823,73,136,64,750,896,72,200,0.1652490886998785,0.046425776303743164,0.0763704020196575,0.088878686680221,0.241619490719536,0.152740804039315,0.2809442198380928,proportion approximation,CV <= 30% diagnostic reference
36081086500,158252,0,Census Tract 865; Queens County; New York,36,081,086500,Queens,2349,269,1532,331,2080,2618,1201,1863,0.6521924223073648,0.07263806705177264,0.119489620300166,0.5327028020071989,0.7716820426075308,0.23897924060033193,0.11137520855392555,proportion approximation,CV <= 30% diagnostic reference
36081087100,412418,27328,Census Tract 871; Queens County; New York,36,081,087100,Queens,2526,207,1763,301,2319,2733,1462,2064,0.6979414093428346,0.06354849814516612,0.10453727944879827,0.5934041298940362,0.8024786887916329,0.20907455889759663,0.09105133653697653,proportion approximation,CV <= 30% diagnostic reference
36081088400,1557917,621618,Census Tract 884; Queens County; New York,36,081,088400,Queens,3288,495,434,223,2793,3783,211,657,0.13199513381995134,0.039420034549585876,0.06484595683406877,0.06714917698588257,0.1968410906540201,0.12969191366813754,0.2986476350208257,proportion approximation,CV <= 30% diagnostic reference
36081054500,113474,0,Census Tract 545; Queens County; New York,36,081,054500,Queens,1398,275,737,170,1123,1673,567,907,0.5271816881258942,0.038605776969222017,0.06350650311437021,0.46367518501152394,0.5906881912402644,0.12701300622874045,0.07323049688327324,proportion approximation,CV <= 30% diagnostic reference
36081054200,541845,0,Census Tract 542; Queens County; New York,36,081,054200,Queens,1588,363,391,327,1225,1951,64,718,0.24622166246851385,0.12041223808557604,0.1980781316507726,0.048143530817741254,0.44429979411928644,0.3961562633015452,0.48903998485906586,proportion approximation,CV > 30% diagnostic reference
36081054700,129153,0,Census Tract 547; Queens County; New York,36,081,054700,Queens,1474,276,744,165,1198,1750,579,909,0.5047489823609227,0.036464579762322105,0.05998423370901986,0.44476474865190285,0.5647332160699425,0.11996846741803968,0.07224299807750374,proportion approximation,CV <= 30% diagnostic reference
36081054800,225673,0,Census Tract 548; Queens County; New York,36,081,054800,Queens,686,105,115,74,581,791,41,189,0.16763848396501457,0.06369337341617645,0.10477559926961028,0.0628628846954043,0.27241408323462485,0.20955119853922055,0.3799448188130178,proportion approximation,CV > 30% diagnostic reference
36081065600,592434,0,Census Tract 656; Queens County; New York,36,081,065600,Queens,1668,223,241,207,1445,1891,34,448,0.14448441247002397,0.07452168290737775,0.12258816838263639,0.02189624408738758,0.2670725808526604,0.2451763367652728,0.5157766269274112,proportion approximation,CV > 30% diagnostic reference
36081065702,144106,0,Census Tract 657.02; Queens County; New York,36,081,065702,Queens,629,74,234,54,555,703,180,288,0.37201907790143085,0.04489752520342065,0.07385642895962696,0.2981626489418039,0.4458755068610578,0.14771285791925393,0.12068608270492132,proportion approximation,CV <= 30% diagnostic reference
36081065900,193751,0,Census Tract 659; Queens County; New York,36,081,065900,Queens,669,70,130,81,599,739,49,211,0.19431988041853512,0.0725573279570262,0.1193568044893081,0.07496307592922702,0.31367668490784323,0.2387136089786162,0.37339117233269636,proportion approximation,CV > 30% diagnostic reference
36081066000,386557,0,Census Tract 660; Queens County; New York,36,081,066000,Queens,1157,220,69,57,937,1377,12,126,0.059636992221261884,0.02914437496671183,0.04794249682024096,0.011694495401020924,0.10757948904150284,0.09588499364048192,0.4886962584997911,proportion approximation,CV > 30% diagnostic reference
36081047600,547425,0,Census Tract 476; Queens County; New York,36,081,047600,Queens,525,123,28,31,402,648,0,59,0.05333333333333334,0.035082310409481406,0.05771040062359691,0.0,0.11104373395693025,0.11104373395693025,0.6577933201777764,proportion approximation,CV > 30% diagnostic reference
36081047900,392476,0,Census Tract 479; Queens County; New York,36,081,047900,Queens,1899,246,702,237,1653,2145,465,939,0.3696682464454976,0.07006051185878033,0.11524954200769363,0.254418704437804,0.4849177884531912,0.2304990840153872,0.18952266669490578,proportion approximation,CV <= 30% diagnostic reference
36081048500,317281,0,Census Tract 485; Queens County; New York,36,081,048500,Queens,1685,194,685,162,1491,1879,523,847,0.4065281899109792,0.05105173184072053,0.08398009887798527,0.322548091032994,0.49050828878896446,0.1679601977559705,0.12557980752060452,proportion approximation,CV <= 30% diagnostic reference
36081048900,362006,0,Census Tract 489; Queens County; New York,36,081,048900,Queens,582,214,357,211,368,796,146,568,0.6134020618556701,0.17254822835574554,0.28384183564520143,0.3295602262104687,0.8972438975008716,0.567683671290403,0.2812971117732322,proportion approximation,CV <= 30% diagnostic reference
36081055900,158575,0,Census Tract 559; Queens County; New York,36,081,055900,Queens,388,68,251,88,320,456,163,339,0.6469072164948454,0.11941244425158158,0.1964334707938517,0.4504737457009937,0.843340687288697,0.39286694158770336,0.18458975446061215,proportion approximation,CV <= 30% diagnostic reference
36081056100,2822179,82983,Census Tract 561; Queens County; New York,36,081,056100,Queens,4,6,0,14,0,10,0,14,0.0,2.127659574468085,3.5,0.0,1.0,1.0,,proportion approximation,CV unavailable
36081056500,117784,0,Census Tract 565; Queens County; New York,36,081,056500,Queens,608,140,169,135,468,748,34,304,0.2779605263157895,0.12924905264097686,0.21261469159440693,0.06534583472138256,0.4905752179101964,0.42522938318881387,0.46499067459002325,proportion approximation,CV > 30% diagnostic reference
36081056700,313429,0,Census Tract 567; Queens County; New York,36,081,056700,Queens,1640,194,205,88,1446,1834,117,293,0.125,0.03135620672923835,0.05158096006959708,0.07341903993040291,0.1765809600695971,0.10316192013919417,0.2508496538339068,proportion approximation,CV <= 30% diagnostic reference
36081055200,417515,0,Census Tract 552; Queens County; New York,36,081,055200,Queens,983,90,332,119,893,1073,213,451,0.3377416073245168,0.07115017723937714,0.1170420415587754,0.2206995657657414,0.4547836488832922,0.2340840831175508,0.2106645308021317,proportion approximation,CV <= 30% diagnostic reference
36081055300,137026,0,Census Tract 553; Queens County; New York,36,081,055300,Queens,1013,129,627,108,884,1142,519,735,0.6189536031589339,0.04364174837110507,0.07179067607046784,0.547162927088466,0.6907442792294017,0.1435813521409357,0.07050891722476783,proportion approximation,CV <= 30% diagnostic reference
36081055400,220076,0,Census Tract 554; Queens County; New York,36,081,055400,Queens,787,102,81,54,685,889,27,135,0.10292249047013977,0.040915413872275215,0.06730585581989273,0.03561663465024703,0.1702283462900325,0.13461171163978547,0.3975361816972913,proportion approximation,CV > 30% diagnostic reference
36081055500,153716,0,Census Tract 555; Queens County; New York,36,081,055500,Queens,788,123,485,89,665,911,396,574,0.6154822335025381,0.036100709027686986,0.0593856663505451,0.556096567151993,0.6748678998530832,0.1187713327010902,0.05865434786354092,proportion approximation,CV <= 30% diagnostic reference
36081055700,238756,0,Census Tract 557; Queens County; New York,36,081,055700,Queens,1355,172,751,188,1183,1527,563,939,0.5542435424354244,0.07269605428989435,0.11958500930687621,0.4346585331285482,0.6738285517423006,0.23917001861375242,0.13116265454435,proportion approximation,CV <= 30% diagnostic reference
36081055800,192360,0,Census Tract 558; Queens County; New York,36,081,055800,Queens,677,208,94,57,469,885,37,151,0.13884785819793205,0.044126274659640065,0.0725877218151079,0.06626013638282414,0.21143558001303997,0.14517544363021584,0.31780306324017366,proportion approximation,CV > 30% diagnostic reference
36081056800,850998,0,Census Tract 568; Queens County; New York,36,081,056800,Queens,1573,213,414,212,1360,1786,202,626,0.26319135410044503,0.07901331579668858,0.1299769044855527,0.13321444961489232,0.39316825858599774,0.2599538089711054,0.3002124293434568,proportion approximation,CV > 30% diagnostic reference
36081057700,186600,0,Census Tract 577; Queens County; New York,36,081,057700,Queens,1437,186,564,175,1251,1623,389,739,0.3924843423799583,0.0672822705985275,0.11067933513457774,0.28180500724538055,0.5031636775145361,0.2213586702691555,0.1714266362590142,proportion approximation,CV <= 30% diagnostic reference
36081066501,327798,0,Census Tract 665.01; Queens County; New York,36,081,066501,Queens,1601,215,286,145,1386,1816,141,431,0.17863835103060588,0.05309026004661503,0.08733347777668173,0.09130487325392415,0.2659718288072876,0.17466695555336342,0.2971940780931142,proportion approximation,CV <= 30% diagnostic reference
36081067700,185953,0,Census Tract 677; Queens County; New York,36,081,067700,Queens,696,101,200,103,595,797,97,303,0.28735632183908044,0.08631733617087299,0.14199201800108607,0.14536430383799437,0.4293483398401665,0.28398403600217215,0.30038432987463803,proportion approximation,CV > 30% diagnostic reference
36081068000,764229,0,Census Tract 680; Queens County; New York,36,081,068000,Queens,1706,221,236,139,1485,1927,97,375,0.13833528722157093,0.04831731522966251,0.07948198355279483,0.0588533036687761,0.21781727077436575,0.15896396710558963,0.34927686348222137,proportion approximation,CV > 30% diagnostic reference
36081068200,230135,0,Census Tract 682; Queens County; New York,36,081,068200,Queens,371,53,88,51,318,424,37,139,0.2371967654986523,0.08098755606037818,0.1332245297193221,0.10397223577933018,0.3704212952179744,0.2664490594386442,0.341436173845458,proportion approximation,CV > 30% diagnostic reference
36081068700,278501,0,Census Tract 687; Queens County; New York,36,081,068700,Queens,1953,402,1225,413,1551,2355,812,1638,0.6272401433691757,0.10181262490838514,0.16748176797429354,0.4597583753948821,0.7947219113434691,0.334963535948587,0.1623184134253683,proportion approximation,CV <= 30% diagnostic reference
36081069000,350534,0,Census Tract 690; Queens County; New York,36,081,069000,Queens,1141,175,173,95,966,1316,78,268,0.1516213847502191,0.04859987854892016,0.07994680021297366,0.07167458453724544,0.23156818496319276,0.1598936004259473,0.3205344591001035,proportion approximation,CV > 30% diagnostic reference
36081116302,118079,0,Census Tract 1163.02; Queens County; New York,36,081,116302,Queens,1205,254,536,267,951,1459,269,803,0.44481327800829873,0.12204326638112627,0.20076117319695272,0.244052104811346,0.6455744512052515,0.4015223463939055,0.2743696566963753,proportion approximation,CV <= 30% diagnostic reference
36081003302,327948,0,Census Tract 33.02; Queens County; New York,36,081,003302,Queens,416,99,261,88,317,515,173,349,0.6274038461538461,0.09109423953060129,0.14985002402783912,0.47755382212600705,0.7772538701816852,0.2997000480556782,0.14519235112923426,proportion approximation,CV <= 30% diagnostic reference
36081000103,184619,23022,Census Tract 1.03; Queens County; New York,36,081,000103,Queens,21,24,21,24,0,45,0,45,1.0,0.0,0.0,1.0,1.0,0.0,0.0,proportion approximation,CV <= 30% diagnostic reference
36081116301,133392,0,Census Tract 1163.01; Queens County; New York,36,081,116301,Queens,1699,366,760,214,1333,2065,546,974,0.44732195409064157,0.049308746339191786,0.08111288772797048,0.3662090663626711,0.528434841818612,0.1622257754559409,0.1102310000398511,proportion approximation,CV <= 30% diagnostic reference
36081047801,520431,0,Census Tract 478.01; Queens County; New York,36,081,047801,Queens,2002,373,486,193,1629,2375,293,679,0.24275724275724275,0.05175388159672306,0.08513513522660944,0.15762210753063333,0.3278923779838522,0.17027027045321885,0.2131919155486411,proportion approximation,CV <= 30% diagnostic reference
36081021603,302872,0,Census Tract 216.03; Queens County; New York,36,081,021603,Queens,0,14,0,14,0,14,0,14,,,,,,,,not calculated,CV unavailable
36081000702,304488,0,Census Tract 7.02; Queens County; New York,36,081,000702,Queens,1944,233,1230,253,1711,2177,977,1483,0.6327160493827161,0.06429574699198094,0.10576650380180866,0.5269495455809075,0.7384825531845247,0.21153300760361726,0.10161864402635036,proportion approximation,CV <= 30% diagnostic reference
36081019902,626041,87694,Census Tract 199.02; Queens County; New York,36,081,019902,Queens,8,12,0,14,0,20,0,14,0.0,1.0638297872340425,1.75,0.0,1.0,1.0,,proportion approximation,CV unavailable
36081001902,174028,0,Census Tract 19.02; Queens County; New York,36,081,001902,Queens,4077,494,2708,500,3583,4571,2208,3208,0.6642138827569292,0.0562536925816714,0.09253732429684945,0.5716765584600797,0.7567512070537786,0.18507464859369893,0.08469213613569951,proportion approximation,CV <= 30% diagnostic reference
36081120702,312691,0,Census Tract 1207.02; Queens County; New York,36,081,120702,Queens,0,14,0,14,0,14,0,14,,,,,,,,not calculated,CV unavailable
36081019901,319578,0,Census Tract 199.01; Queens County; New York,36,081,019901,Queens,114,53,59,43,61,167,16,102,0.5175438596491229,0.17658520045460396,0.29048265474782353,0.22706120490129933,0.8080265143969464,0.5809653094956471,0.3411985229122856,proportion approximation,CV > 30% diagnostic reference
36081053502,324773,14162,Census Tract 535.02; Queens County; New York,36,081,053502,Queens,0,14,0,14,0,14,0,14,,,,,,,,not calculated,CV unavailable
36081017901,96372,0,Census Tract 179.01; Queens County; New York,36,081,017901,Queens,451,54,267,75,397,505,192,342,0.5920177383592018,0.0914486650719975,0.1504330540434359,0.4415846843157659,0.7424507924026377,0.30086610808687175,0.1544694679680557,proportion approximation,CV <= 30% diagnostic reference
36081023501,138076,0,Census Tract 235.01; Queens County; New York,36,081,023501,Queens,1575,382,1140,318,1193,1957,822,1458,0.7238095238095238,0.06062848179398113,0.09973385255109896,0.6240756712584248,0.8235433763606228,0.19946770510219802,0.08376303405747393,proportion approximation,CV <= 30% diagnostic reference
36081030906,216946,0,Census Tract 309.06; Queens County; New York,36,081,030906,Queens,1385,152,415,151,1233,1537,264,566,0.2996389891696751,0.06319006349886004,0.10394765445562477,0.1956913347140503,0.40358664362529983,0.20789530891124952,0.21088732035161725,proportion approximation,CV <= 30% diagnostic reference
36081030905,193761,0,Census Tract 309.05; Queens County; New York,36,081,030905,Queens,1225,247,255,118,978,1472,137,373,0.20816326530612245,0.05270593417009543,0.08670126170980698,0.12146200359631547,0.2948645270159294,0.17340252341961393,0.25319517395438,proportion approximation,CV <= 30% diagnostic reference
36081027702,100518,0,Census Tract 277.02; Queens County; New York,36,081,027702,Queens,1551,305,780,143,1246,1856,637,923,0.5029013539651838,0.08219205211524494,0.13520592572957793,0.36769542823560586,0.6381072796947617,0.2704118514591558,0.1634357343983909,alternative ratio approximation,CV <= 30% diagnostic reference
36081101004,570400,210562,Census Tract 1010.04; Queens County; New York,36,081,101004,Queens,2583,327,1537,280,2256,2910,1257,1817,0.5950445218737902,0.04738546110741096,0.07794908352169103,0.5170954383520991,0.6729936053954813,0.1558981670433821,0.07963347172442584,proportion approximation,CV <= 30% diagnostic reference
36081101003,234449,0,Census Tract 1010.03; Queens County; New York,36,081,101003,Queens,1430,354,638,174,1076,1784,464,812,0.4461538461538462,0.03103990759192413,0.051060647988715194,0.395093198165131,0.49721449414256136,0.10212129597743036,0.06957220667155407,proportion approximation,CV <= 30% diagnostic reference
36081097206,306780,0,Census Tract 972.06; Queens County; New York,36,081,097206,Queens,1342,300,1064,332,1042,1642,732,1396,0.7928464977645305,0.10492148201788948,0.1725958379194282,0.6202506598451023,0.9654423356839588,0.34519167583885646,0.13233517750752602,proportion approximation,CV <= 30% diagnostic reference
36081100803,347303,0,Census Tract 1008.03; Queens County; New York,36,081,100803,Queens,1357,150,638,159,1207,1507,479,797,0.47015475313190863,0.06383843459744641,0.10501422491279934,0.3651405282191093,0.575168978044708,0.2100284498255987,0.1357817488224683,proportion approximation,CV <= 30% diagnostic reference
36081100804,691400,144963,Census Tract 1008.04; Queens County; New York,36,081,100804,Queens,1457,238,285,177,1219,1695,108,462,0.19560741249142072,0.07124932601955326,0.11720514130216511,0.0784022711892556,0.31281255379358586,0.23441028260433025,0.3642465544227688,proportion approximation,CV > 30% diagnostic reference
36081155103,734880,0,Census Tract 1551.03; Queens County; New York,36,081,155103,Queens,2205,233,245,146,1972,2438,99,391,0.1111111111111111,0.039613297749780396,0.06516387479838875,0.04594723631272235,0.17627498590949986,0.1303277495967775,0.35651967974802357,proportion approximation,CV > 30% diagnostic reference
36081066401,1112816,103375,Census Tract 664.01; Queens County; New York,36,081,066401,Queens,460,63,49,47,397,523,2,96,0.10652173913043478,0.06147539173424719,0.10112701940283662,0.0053947197275981545,0.20764875853327142,0.20225403880567328,0.5771159224031369,proportion approximation,CV > 30% diagnostic reference
36081033405,261206,0,Census Tract 334.05; Queens County; New York,36,081,033405,Queens,1645,192,328,176,1453,1837,152,504,0.19939209726443768,0.06348274127134944,0.10442910939136982,0.09496298787306787,0.3038212066558075,0.2088582187827396,0.3183814310712495,proportion approximation,CV > 30% diagnostic reference
36081155104,706517,0,Census Tract 1551.04; Queens County; New York,36,081,155104,Queens,1203,236,116,72,967,1439,44,188,0.09642560266001662,0.03451815342024886,0.056782362376309375,0.03964324028370725,0.153207965036326,0.11356472475261875,0.35797705659102913,proportion approximation,CV > 30% diagnostic reference
36081025402,380087,0,Census Tract 254.02; Queens County; New York,36,081,025402,Queens,2154,232,1341,204,1922,2386,1137,1545,0.6225626740947076,0.040658022084091305,0.0668824463283302,0.5556802277663774,0.6894451204230377,0.13376489265666036,0.06530751645722048,proportion approximation,CV <= 30% diagnostic reference
36081025401,252022,0,Census Tract 254.01; Queens County; New York,36,081,025401,Queens,997,227,319,143,770,1224,176,462,0.31995987963891676,0.07510787082657269,0.12355244750971209,0.19640743212920467,0.44351232714862887,0.2471048950194242,0.23474152731690587,proportion approximation,CV <= 30% diagnostic reference
36081028803,272512,106288,Census Tract 288.03; Queens County; New York,36,081,028803,Queens,0,14,0,14,0,14,0,14,,,,,,,,not calculated,CV unavailable
36081028802,200165,0,Census Tract 288.02; Queens County; New York,36,081,028802,Queens,617,120,114,65,497,737,49,179,0.1847649918962723,0.060200743380769466,0.09903022286136577,0.08573476903490652,0.2837952147576381,0.19806044572273157,0.32582332163100663,proportion approximation,CV > 30% diagnostic reference
36081069300,142998,0,Census Tract 693; Queens County; New York,36,081,069300,Queens,1248,212,824,159,1036,1460,665,983,0.6602564102564102,0.036737206817429105,0.060432705214670875,0.5998237050417393,0.7206891154710812,0.12086541042934185,0.055640818092416895,proportion approximation,CV <= 30% diagnostic reference
36081069400,520067,4775,Census Tract 694; Queens County; New York,36,081,069400,Queens,1198,163,194,113,1035,1361,81,307,0.16193656093489148,0.05575344847215,0.09171442273668674,0.07022213819820473,0.25365098367157823,0.18342884547337351,0.34429191376100876,proportion approximation,CV > 30% diagnostic reference
36081069500,213219,0,Census Tract 695; Queens County; New York,36,081,069500,Queens,880,88,392,94,792,968,298,486,0.44545454545454544,0.05901926779108338,0.09708669551633216,0.3483678499382133,0.5425412409708776,0.19417339103266434,0.1324922338167178,proportion approximation,CV <= 30% diagnostic reference
36081069701,132473,0,Census Tract 697.01; Queens County; New York,36,081,069701,Queens,1768,143,725,172,1625,1911,553,897,0.4100678733031674,0.05559674384384945,0.09145664362313236,0.3186112296800351,0.5015245169262997,0.18291328724626466,0.13557936981507013,proportion approximation,CV <= 30% diagnostic reference
36081138501,989754,49214,Census Tract 1385.01; Queens County; New York,36,081,138501,Queens,1461,257,78,62,1204,1718,16,140,0.053388090349075976,0.025157739176377026,0.04138448094514021,0.012003609403935765,0.09477257129421618,0.08276896189028041,0.47122380688060045,proportion approximation,CV > 30% diagnostic reference
36081138502,2354813,39269,Census Tract 1385.02; Queens County; New York,36,081,138502,Queens,0,14,0,14,0,14,0,14,,,,,,,,not calculated,CV unavailable
36081143500,357720,0,Census Tract 1435; Queens County; New York,36,081,143500,Queens,759,129,78,60,630,888,18,138,0.10276679841897234,0.04686788086635636,0.07709766402515622,0.025669134393816115,0.17986446244412857,0.15419532805031244,0.45606053304569844,proportion approximation,CV > 30% diagnostic reference
36081144100,337064,0,Census Tract 1441; Queens County; New York,36,081,144100,Queens,1177,262,191,85,915,1439,106,276,0.1622769753610875,0.03801462765785122,0.06253406249716525,0.09974291286392226,0.22481103785825277,0.1250681249943305,0.2342576793366015,proportion approximation,CV <= 30% diagnostic reference
36081144700,412786,0,Census Tract 1447; Queens County; New York,36,081,144700,Queens,1037,169,194,104,868,1206,90,298,0.1870781099324976,0.058080696475018574,0.09554274570140556,0.09153536423109204,0.28262085563390316,0.19108549140281111,0.3104622796113106,proportion approximation,CV > 30% diagnostic reference
36081145101,251956,0,Census Tract 1451.01; Queens County; New York,36,081,145101,Queens,424,59,30,22,365,483,8,52,0.07075471698113207,0.030969071772195097,0.050944123065260936,0.019810593915871137,0.121698840046393,0.10188824613052186,0.4376962143803574,proportion approximation,CV > 30% diagnostic reference
36081145102,343669,0,Census Tract 1451.02; Queens County; New York,36,081,145102,Queens,915,169,215,157,746,1084,58,372,0.23497267759562843,0.10091516393838927,0.16600544467865036,0.06896723291697807,0.40097812227427876,0.3320108893573007,0.4294761628075636,proportion approximation,CV > 30% diagnostic reference
36081139900,364201,0,Census Tract 1399; Queens County; New York,36,081,139900,Queens,532,80,16,15,452,612,1,31,0.03007518796992481,0.016918183370278218,0.02783041164410767,0.002244776325817141,0.05790559961403248,0.05566082328821534,0.5625295970617508,proportion approximation,CV > 30% diagnostic reference
36081140901,244496,0,Census Tract 1409.01; Queens County; New York,36,081,140901,Queens,322,170,37,41,152,492,0,78,0.11490683229813664,0.06805380626558126,0.11194851130688117,0.002958320991255467,0.2268553436050178,0.22389702261376232,0.5922520437166802,proportion approximation,CV > 30% diagnostic reference
36081140902,537661,0,Census Tract 1409.02; Queens County; New York,36,081,140902,Queens,866,103,35,24,763,969,11,59,0.04041570438799076,0.01659182851336916,0.027293557904492265,0.013122146483498496,0.06770926229248303,0.05458711580898454,0.4105292426450769,proportion approximation,CV > 30% diagnostic reference
36081142900,530345,0,Census Tract 1429; Queens County; New York,36,081,142900,Queens,1380,300,223,127,1080,1680,96,350,0.16159420289855073,0.05170846278804611,0.08506042128633585,0.07653378161221487,0.2466546241848866,0.17012084257267174,0.3199895903475499,proportion approximation,CV > 30% diagnostic reference
36081146300,323968,0,Census Tract 1463; Queens County; New York,36,081,146300,Queens,1085,323,248,116,762,1408,132,364,0.22857142857142856,0.05012960768276243,0.0824632046381442,0.14610822393328438,0.31103463320957275,0.16492640927628838,0.21931703361208563,proportion approximation,CV <= 30% diagnostic reference
36081146700,354572,0,Census Tract 1467; Queens County; New York,36,081,146700,Queens,1404,186,192,59,1218,1590,133,251,0.13675213675213677,0.023049848302683765,0.037917000457914796,0.09883513629422197,0.17466913721005156,0.07583400091582959,0.16855201571337503,proportion approximation,CV <= 30% diagnostic reference
36081147100,421861,0,Census Tract 1471; Queens County; New York,36,081,147100,Queens,1401,162,119,63,1239,1563,56,182,0.08493932905067808,0.02667609139839561,0.04388217035036078,0.0410571587003173,0.12882149940103887,0.08776434070072157,0.3140605382281702,proportion approximation,CV > 30% diagnostic reference
36081147900,909484,0,Census Tract 1479; Queens County; New York,36,081,147900,Queens,1788,228,357,128,1560,2016,229,485,0.19966442953020133,0.040673435610127526,0.06690780157865978,0.13275662795154156,0.2665722311088611,0.13381560315731952,0.20370897162719334,proportion approximation,CV <= 30% diagnostic reference
36081148300,1334134,1047226,Census Tract 1483; Queens County; New York,36,081,148300,Queens,1077,158,46,39,919,1235,7,85,0.04271123491179202,0.0216811358725592,0.035665468510359885,0.0070457664014321325,0.0783767034221519,0.07133093702071977,0.5076213768423099,proportion approximation,CV > 30% diagnostic reference
36081150701,877002,0,Census Tract 1507.01; Queens County; New York,36,081,150701,Queens,1139,174,77,61,965,1313,16,138,0.06760316066725197,0.031945635724248723,0.05255057076638915,0.01505258990086282,0.12015373143364112,0.1051011415327783,0.4725464816872636,proportion approximation,CV > 30% diagnostic reference
36081071600,18319107,904474,Census Tract 716; Queens County; New York,36,081,071600,Queens,0,14,0,14,0,14,0,14,,,,,,,,not calculated,CV unavailable
36081069702,441419,0,Census Tract 697.02; Queens County; New York,36,081,069702,Queens,1529,295,397,226,1234,1824,171,623,0.2596468279921517,0.08453556368478303,0.1390610022614681,0.12058582573068363,0.3987078302536198,0.2781220045229361,0.32557903494718704,proportion approximation,CV > 30% diagnostic reference
36081070700,222061,0,Census Tract 707; Queens County; New York,36,081,070700,Queens,985,111,129,55,874,1096,74,184,0.13096446700507614,0.03273668929611085,0.05385185389210235,0.0771126131129738,0.18481632089717848,0.10770370778420468,0.24996619346255186,proportion approximation,CV <= 30% diagnostic reference
36081071100,375475,0,Census Tract 711; Queens County; New York,36,081,071100,Queens,2966,377,1152,243,2589,3343,909,1395,0.38840188806473364,0.039746873856130106,0.06538360749333402,0.3230182805713996,0.4537854955580677,0.1307672149866681,0.10233439918166831,proportion approximation,CV <= 30% diagnostic reference
36081072900,193731,0,Census Tract 729; Queens County; New York,36,081,072900,Queens,480,79,63,35,401,559,28,98,0.13125,0.04233645532343656,0.06964346900705314,0.06160653099294687,0.20089346900705313,0.13928693801410624,0.3225634691309452,proportion approximation,CV > 30% diagnostic reference
36081073900,224293,0,Census Tract 739; Queens County; New York,36,081,073900,Queens,2626,320,1411,300,2306,2946,1111,1711,0.5373191165270373,0.05690977947881692,0.09361658724265383,0.44370252928438353,0.6309357037696912,0.18723317448530769,0.1059143025594424,proportion approximation,CV <= 30% diagnostic reference
36081074300,193477,0,Census Tract 743; Queens County; New York,36,081,074300,Queens,1673,232,782,168,1441,1905,614,950,0.4674237895995218,0.046623976328649314,0.07669644106062812,0.3907273485388937,0.5441202306601499,0.15339288212125624,0.0997466910458188,proportion approximation,CV <= 30% diagnostic reference
36081074500,174486,0,Census Tract 745; Queens County; New York,36,081,074500,Queens,1693,189,1083,202,1504,1882,881,1285,0.6396928529238038,0.05810555863829669,0.09558364395999805,0.5441092089638058,0.7352764968838019,0.19116728791999615,0.09083352795441949,proportion approximation,CV <= 30% diagnostic reference
36081076902,101240,0,Census Tract 769.02; Queens County; New York,36,081,076902,Queens,628,78,281,72,550,706,209,353,0.44745222929936307,0.06096006098732614,0.1002793003241515,0.34717292897521157,0.5477315296235146,0.200558600648303,0.13623814341651536,proportion approximation,CV <= 30% diagnostic reference
36081073100,189843,0,Census Tract 731; Queens County; New York,36,081,073100,Queens,577,74,32,25,503,651,7,57,0.05545927209705372,0.025981621150937547,0.042739766793292264,0.01271950530376146,0.09819903889034598,0.08547953358658453,0.4684811063778427,proportion approximation,CV > 30% diagnostic reference
36081073700,210609,0,Census Tract 737; Queens County; New York,36,081,073700,Queens,1088,148,456,130,940,1236,326,586,0.41911764705882354,0.0638336374048219,0.10500633353093203,0.3141113135278915,0.5241239805897555,0.210012667061864,0.152304819071154,proportion approximation,CV <= 30% diagnostic reference
36081077300,279069,0,Census Tract 773; Queens County; New York,36,081,077300,Queens,1167,117,610,123,1050,1284,487,733,0.5227077977720651,0.05559081863867943,0.09144689666062766,0.43126090111143744,0.6141546944326928,0.18289379332125533,0.10635161533006376,proportion approximation,CV <= 30% diagnostic reference
36081077500,229489,0,Census Tract 775; Queens County; New York,36,081,077500,Queens,1121,171,548,139,950,1292,409,687,0.4888492417484389,0.060223488096892416,0.09906763791938802,0.3897816038290509,0.5879168796678269,0.198135275838776,0.12319439809601532,proportion approximation,CV <= 30% diagnostic reference
36081077902,559114,0,Census Tract 779.02; Queens County; New York,36,081,077902,Queens,1829,391,587,383,1438,2220,204,970,0.3209404045926736,0.12027063610489061,0.19784519639254505,0.12309520820012854,0.5187856009852186,0.3956903927850901,0.3747444521905365,proportion approximation,CV > 30% diagnostic reference
36081077903,263829,0,Census Tract 779.03; Queens County; New York,36,081,077903,Queens,1160,155,209,68,1005,1315,141,277,0.18017241379310345,0.03249176761032307,0.05344895771898145,0.126723456074122,0.2336213715120849,0.1068979154379629,0.18033708338743903,proportion approximation,CV <= 30% diagnostic reference
36081077905,275174,0,Census Tract 779.05; Queens County; New York,36,081,077905,Queens,1384,232,372,147,1152,1616,225,519,0.26878612716763006,0.058470278620721246,0.09618360833108645,0.1726025188365436,0.36496973549871653,0.19236721666217294,0.2175345849760167,proportion approximation,CV <= 30% diagnostic reference
36081078800,192534,0,Census Tract 788; Queens County; New York,36,081,078800,Queens,609,98,119,62,511,707,57,181,0.19540229885057472,0.05886238498143547,0.09682862329446135,0.09857367555611338,0.2922309221450361,0.19365724658892272,0.3012369113755815,proportion approximation,CV > 30% diagnostic reference
36081079200,363822,0,Census Tract 792; Queens County; New York,36,081,079200,Queens,909,185,131,63,724,1094,68,194,0.14411441144114412,0.03817314124688519,0.06279481735112613,0.08131959409001799,0.20690922879227025,0.12558963470225226,0.26488080452991325,proportion approximation,CV <= 30% diagnostic reference
36081079300,874070,0,Census Tract 793; Queens County; New York,36,081,079300,Queens,0,14,0,14,0,14,0,14,,,,,,,,not calculated,CV unavailable
36081079900,287107,0,Census Tract 799; Queens County; New York,36,081,079900,Queens,1170,272,347,157,898,1442,190,504,0.2965811965811966,0.06998144169529999,0.1151194715887685,0.18146172499242808,0.4117006681699651,0.23023894317753701,0.23596048064409506,proportion approximation,CV <= 30% diagnostic reference
36081150702,835426,0,Census Tract 1507.02; Queens County; New York,36,081,150702,Queens,1289,169,193,133,1120,1458,60,326,0.14972847168347556,0.061578178655385216,0.10129610388810868,0.048432367795366874,0.25102457557158425,0.2025922077762174,0.4112656595170546,proportion approximation,CV > 30% diagnostic reference
36081152901,1399259,0,Census Tract 1529.01; Queens County; New York,36,081,152901,Queens,2300,232,211,135,2068,2532,76,346,0.09173913043478261,0.035235024643428495,0.05796161553843988,0.03377751489634274,0.1497007459732225,0.11592323107687977,0.3840784676771826,proportion approximation,CV > 30% diagnostic reference
36081152902,1032987,0,Census Tract 1529.02; Queens County; New York,36,081,152902,Queens,2495,453,69,42,2042,2948,27,111,0.027655310621242483,0.009767392158488158,0.01606736010071302,0.011587950520529463,0.0437226707219555,0.032134720201426034,0.35318323819460806,proportion approximation,CV > 30% diagnostic reference
36081155101,475148,0,Census Tract 1551.01; Queens County; New York,36,081,155101,Queens,1533,256,398,186,1277,1789,212,584,0.25962165688193084,0.06888772624725302,0.11332030967673122,0.1463013472051996,0.3729419665586621,0.22664061935346247,0.26533890536944443,proportion approximation,CV <= 30% diagnostic reference
36081156700,1469692,0,Census Tract 1567; Queens County; New York,36,081,156700,Queens,302,92,75,51,210,394,24,126,0.24834437086092714,0.09178097519249781,0.1509797041916589,0.09736466666926824,0.39932407505258605,0.3019594083833178,0.3695713934417912,proportion approximation,CV > 30% diagnostic reference
36081157101,1225450,0,Census Tract 1571.01; Queens County; New York,36,081,157101,Queens,2537,254,478,264,2283,2791,214,742,0.1884115096570753,0.06221027388125606,0.10233590053466622,0.08607560912240907,0.2907474101917415,0.20467180106933242,0.33018298083001385,proportion approximation,CV > 30% diagnostic reference
36081157901,906728,0,Census Tract 1579.01; Queens County; New York,36,081,157901,Queens,1602,275,47,41,1327,1877,6,88,0.02933832709113608,0.01525385911824815,0.02509259824951821,0.00424572884161787,0.05443092534065429,0.05018519649903642,0.5199294107964583,proportion approximation,CV > 30% diagnostic reference
36081157902,722597,0,Census Tract 1579.02; Queens County; New York,36,081,157902,Queens,1274,266,118,58,1008,1540,60,176,0.09262166405023547,0.02505434661004509,0.04121440017352417,0.0514072638767113,0.13383606422375965,0.08242880034704836,0.27050201339997837,proportion approximation,CV <= 30% diagnostic reference
36081157903,664155,0,Census Tract 1579.03; Queens County; New York,36,081,157903,Queens,1155,95,140,90,1060,1250,50,230,0.12121212121212122,0.04697972379919095,0.07728164564966912,0.043930475562452095,0.19849376686179032,0.1545632912993382,0.38758272134332533,proportion approximation,CV > 30% diagnostic reference
36081161700,702364,0,Census Tract 1617; Queens County; New York,36,081,161700,Queens,1571,153,158,104,1418,1724,54,262,0.10057288351368555,0.03980015293579756,0.06547125157938699,0.03510163193429856,0.16604413509307253,0.13094250315877398,0.3957344320388479,proportion approximation,CV > 30% diagnostic reference
36081162100,710319,0,Census Tract 1621; Queens County; New York,36,081,162100,Queens,2057,171,120,120,1886,2228,0,240,0.0583373845405931,0.035340704102432265,0.058135458248501075,0.00020192629209202229,0.11647284278909417,0.11627091649700215,0.6057985694891931,proportion approximation,CV > 30% diagnostic reference
36081037900,197067,0,Census Tract 379; Queens County; New York,36,081,037900,Queens,1468,206,1050,190,1262,1674,860,1240,0.715258855585831,0.04967496915420629,0.08171532425866936,0.6335435313271617,0.7969741798445004,0.16343064851733868,0.06945033782702366,proportion approximation,CV <= 30% diagnostic reference
36081048200,228378,0,Census Tract 482; Queens County; New York,36,081,048200,Queens,413,91,47,41,322,504,6,88,0.11380145278450363,0.05839189392965536,0.09605466551428307,0.017746787270220554,0.2098561182987867,0.19210933102856614,0.5131032381478227,proportion approximation,CV > 30% diagnostic reference
36081048400,414676,0,Census Tract 484; Queens County; New York,36,081,048400,Queens,1339,154,266,123,1185,1493,143,389,0.19865571321882,0.054086849712207244,0.08897286777658092,0.10968284544223908,0.2876285809954009,0.17794573555316182,0.27226425475430643,proportion approximation,CV <= 30% diagnostic reference
36081037501,53069,0,Census Tract 375.01; Queens County; New York,36,081,037501,Queens,346,39,195,71,307,385,124,266,0.5635838150289018,0.11861508039451703,0.1951218072489805,0.3684620077799212,0.7587056222778823,0.3902436144979611,0.21046573239232252,proportion approximation,CV <= 30% diagnostic reference
36081040901,70865,0,Census Tract 409.01; Queens County; New York,36,081,040901,Queens,445,106,226,71,339,551,155,297,0.5078651685393258,0.06323802113845839,0.10402654477276405,0.40383862376656177,0.6118917133120899,0.20805308954552815,0.12451734250714151,proportion approximation,CV <= 30% diagnostic reference
36081120701,391384,0,Census Tract 1207.01; Queens County; New York,36,081,120701,Queens,872,93,102,43,779,965,59,145,0.11697247706422019,0.029001698446169323,0.047707793943948536,0.06926468312027165,0.16468027100816873,0.09541558788789709,0.24793608867705538,proportion approximation,CV <= 30% diagnostic reference
36081066301,280333,0,Census Tract 663.01; Queens County; New York,36,081,066301,Queens,1005,147,196,131,858,1152,65,327,0.19502487562189055,0.07731828445427803,0.12718857792728736,0.0678362976946032,0.3222134535491779,0.2543771558545747,0.39645344834974194,proportion approximation,CV > 30% diagnostic reference
36081088902,288396,0,Census Tract 889.02; Queens County; New York,36,081,088902,Queens,2766,279,1176,278,2487,3045,898,1454,0.42516268980477223,0.05525681137257163,0.09089745470788033,0.3342652350968919,0.5160601445126526,0.1817949094157607,0.1299662757283445,proportion approximation,CV <= 30% diagnostic reference
36081088903,369072,0,Census Tract 889.03; Queens County; New York,36,081,088903,Queens,1568,143,252,129,1425,1711,123,381,0.16071428571428573,0.04921231917998821,0.08095426505108061,0.07976002066320512,0.24166855076536634,0.16190853010216122,0.3062099860088155,proportion approximation,CV > 30% diagnostic reference
36081040502,58013,0,Census Tract 405.02; Queens County; New York,36,081,040502,Queens,506,111,282,82,395,617,200,364,0.5573122529644269,0.06466480141628662,0.1063735983297915,0.4509386546346354,0.6636858512942184,0.21274719665958303,0.11602975005901076,proportion approximation,CV <= 30% diagnostic reference
36081040501,71456,0,Census Tract 405.01; Queens County; New York,36,081,040501,Queens,250,102,201,96,148,352,105,297,0.804,0.12135390269565675,0.19962716993435536,0.6043728300656447,1.0,0.3956271699343553,0.15093768991997109,proportion approximation,CV <= 30% diagnostic reference
36081040301,88617,0,Census Tract 403.01; Queens County; New York,36,081,040301,Queens,881,304,581,321,577,1185,260,902,0.659477866061294,0.17298355498499401,0.28455794795031514,0.37491991811097886,0.9440358140116092,0.5691158959006304,0.26230380712870865,proportion approximation,CV <= 30% diagnostic reference
36081039901,106061,0,Census Tract 399.01; Queens County; New York,36,081,039901,Queens,523,72,224,82,451,595,142,306,0.42829827915869984,0.08831512151992228,0.14527837490027215,0.2830199042584277,0.573576654058972,0.29055674980054425,0.20620003819160423,proportion approximation,CV <= 30% diagnostic reference
36081040101,87946,0,Census Tract 401.01; Queens County; New York,36,081,040101,Queens,658,102,378,102,556,760,276,480,0.574468085106383,0.07713320469828172,0.12688412172867344,0.44758396337770956,0.7013522068350565,0.25376824345734694,0.1342689118821941,proportion approximation,CV <= 30% diagnostic reference
36081134701,465093,0,Census Tract 1347.01; Queens County; New York,36,081,134701,Queens,1964,159,356,170,1805,2123,186,526,0.18126272912423624,0.051857179591672034,0.0853050604283005,0.09595766869593575,0.26656778955253674,0.170610120856601,0.2860884851630446,proportion approximation,CV <= 30% diagnostic reference
36081134702,613864,0,Census Tract 1347.02; Queens County; New York,36,081,134702,Queens,1606,93,265,95,1513,1699,170,360,0.16500622665006226,0.03548713741295674,0.058376341044313836,0.10662988560574843,0.2233825676943761,0.11675268208862766,0.2150654440951265,proportion approximation,CV <= 30% diagnostic reference
36081028801,238437,0,Census Tract 288.01; Queens County; New York,36,081,028801,Queens,829,114,178,80,715,943,98,258,0.2147165259348613,0.055850250124269425,0.0918736614544232,0.12284286448043809,0.3065901873892845,0.18374732290884643,0.26011155816303005,proportion approximation,CV <= 30% diagnostic reference
36081084902,99545,0,Census Tract 849.02; Queens County; New York,36,081,084902,Queens,1345,133,840,152,1212,1478,688,992,0.6245353159851301,0.057534680002447124,0.09464454860402552,0.5298907673811046,0.7191798645891556,0.18928909720805098,0.09212398167058497,proportion approximation,CV <= 30% diagnostic reference
36081066302,244844,0,Census Tract 663.02; Queens County; New York,36,081,066302,Queens,0,14,0,14,0,14,0,14,,,,,,,,not calculated,CV unavailable
36081122703,440120,0,Census Tract 1227.03; Queens County; New York,36,081,122703,Queens,2663,212,351,193,2451,2875,158,544,0.13180623357116034,0.04359333092987427,0.07171102937964317,0.06009520419151716,0.20351726295080352,0.14342205875928637,0.3307380064565675,proportion approximation,CV > 30% diagnostic reference
36081122704,261206,0,Census Tract 1227.04; Queens County; New York,36,081,122704,Queens,1929,470,709,455,1459,2399,254,1164,0.36754795230689474,0.13265183092773408,0.21821226187612255,0.1493356904307722,0.5857602141830173,0.43642452375224505,0.3609102706059225,proportion approximation,CV > 30% diagnostic reference
36081021602,112181,0,Census Tract 216.02; Queens County; New York,36,081,021602,Queens,535,139,153,94,396,674,59,247,0.28598130841121494,0.0967884972298998,0.15921707794318515,0.1267642304680298,0.4451983863544001,0.31843415588637036,0.3384434380261202,proportion approximation,CV > 30% diagnostic reference
36081027102,48936,0,Census Tract 271.02; Queens County; New York,36,081,027102,Queens,973,228,664,278,745,1201,386,942,0.6824254881808839,0.1439346981240992,0.2367725784141432,0.44565290976674066,0.9191980665950271,0.47354515682828646,0.21091635734148872,proportion approximation,CV <= 30% diagnostic reference
36081046902,76707,0,Census Tract 469.02; Queens County; New York,36,081,046902,Queens,1078,111,746,136,967,1189,610,882,0.6920222634508348,0.06328833655399542,0.10410931363132248,0.5879129498195124,0.7961315770821573,0.20821862726264495,0.0914541914278915,proportion approximation,CV <= 30% diagnostic reference
36081046901,74678,0,Census Tract 469.01; Queens County; New York,36,081,046901,Queens,1347,201,910,197,1146,1548,713,1107,0.6755753526354863,0.06441113555031786,0.10595631798027287,0.5696190346552135,0.7815316706157591,0.21191263596054566,0.09534263690799796,proportion approximation,CV <= 30% diagnostic reference
36081119300,211094,0,Census Tract 1193; Queens County; New York,36,081,119300,Queens,742,124,133,65,618,866,68,198,0.1792452830188679,0.0500428493434307,0.0823204871699435,0.09692479584892441,0.26156577018881144,0.16464097433988703,0.27918642265282395,proportion approximation,CV <= 30% diagnostic reference
36081119900,184360,0,Census Tract 1199; Queens County; New York,36,081,119900,Queens,514,85,45,42,429,599,3,87,0.08754863813229571,0.048887067392643306,0.08041922586089824,0.007129412271397476,0.16796786399319397,0.1608384517217965,0.5583989475515257,proportion approximation,CV > 30% diagnostic reference
36081120500,202234,0,Census Tract 1205; Queens County; New York,36,081,120500,Queens,955,111,516,111,844,1066,405,627,0.5403141361256545,0.0594550747982682,0.09780359804315118,0.4425105380825033,0.6381177341688057,0.1956071960863024,0.11003797758206614,proportion approximation,CV <= 30% diagnostic reference
36081121500,631659,0,Census Tract 1215; Queens County; New York,36,081,121500,Queens,1373,215,315,112,1158,1588,203,427,0.2294246176256373,0.0445203766295631,0.0732360195556313,0.15618859807000599,0.30266063718126857,0.14647203911126258,0.19405230829330203,proportion approximation,CV <= 30% diagnostic reference
36081122300,495705,0,Census Tract 1223; Queens County; New York,36,081,122300,Queens,1294,394,127,86,900,1688,41,213,0.09814528593508501,0.03608703566673741,0.059363173671783044,0.038782112263301964,0.15750845960686805,0.11872634734356607,0.36768995395872606,proportion approximation,CV > 30% diagnostic reference
36081119500,189356,0,Census Tract 1195; Queens County; New York,36,081,119500,Queens,425,75,28,21,350,500,7,49,0.06588235294117648,0.029194219200809786,0.0480244905853321,0.017857862355844377,0.11390684352650857,0.09604898117066418,0.4431265414408628,proportion approximation,CV > 30% diagnostic reference
36081122702,449740,0,Census Tract 1227.02; Queens County; New York,36,081,122702,Queens,2764,330,1408,374,2434,3094,1034,1782,0.5094066570188133,0.07347865378926256,0.12087238548333691,0.38853427153547637,0.6302790425021502,0.2417447709666738,0.14424360729653532,proportion approximation,CV <= 30% diagnostic reference
36081124100,499011,0,Census Tract 1241; Queens County; New York,36,081,124100,Queens,1390,215,237,109,1175,1605,128,346,0.17050359712230215,0.04489327733643028,0.07384944121842782,0.09665415590387433,0.24435303834072997,0.14769888243685564,0.263298124462608,proportion approximation,CV <= 30% diagnostic reference
36081125700,331896,0,Census Tract 1257; Queens County; New York,36,081,125700,Queens,1033,179,242,92,854,1212,150,334,0.23426911907066797,0.04818925091879576,0.07927131776141902,0.15499780130924895,0.313540436832087,0.15854263552283804,0.20570039751700833,proportion approximation,CV <= 30% diagnostic reference
36081126500,200793,0,Census Tract 1265; Queens County; New York,36,081,126500,Queens,675,118,210,110,557,793,100,320,0.3111111111111111,0.09338581143725083,0.1536196598142776,0.1574914512968335,0.4647307709253887,0.3072393196285552,0.3001686796197348,proportion approximation,CV > 30% diagnostic reference
36081126700,768255,0,Census Tract 1267; Queens County; New York,36,081,126700,Queens,660,139,102,77,521,799,25,179,0.15454545454545454,0.06810606814247136,0.11203448209436538,0.04251097245108916,0.26657993663981994,0.2240689641887308,0.4406863232748147,proportion approximation,CV > 30% diagnostic reference
36081128300,1971930,0,Census Tract 1283; Queens County; New York,36,081,128300,Queens,0,14,0,14,0,14,0,14,,,,,,,,not calculated,CV unavailable
36081130100,698698,0,Census Tract 1301; Queens County; New York,36,081,130100,Queens,1647,181,306,104,1466,1828,202,410,0.18579234972677597,0.03632396250457467,0.059752918320025335,0.12603943140675064,0.2455452680468013,0.11950583664005066,0.19550838642168128,proportion approximation,CV <= 30% diagnostic reference
36081056600,194134,0,Census Tract 566; Queens County; New York,36,081,056600,Queens,464,145,186,149,319,609,37,335,0.40086206896551724,0.17974407764739897,0.2956790077299713,0.10518306123554594,0.6965410766954885,0.5913580154599425,0.44839382810964046,proportion approximation,CV > 30% diagnostic reference
36081115100,282637,13939,Census Tract 1151; Queens County; New York,36,081,115100,Queens,379,47,73,34,332,426,39,107,0.19261213720316622,0.052566202183916055,0.08647140259254191,0.10614073461062432,0.2790835397957081,0.1729428051850838,0.27291220037950936,proportion approximation,CV <= 30% diagnostic reference
36081120300,184012,0,Census Tract 1203; Queens County; New York,36,081,120300,Queens,568,126,175,122,442,694,53,297,0.30809859154929575,0.12378405810059706,0.20362477557548217,0.10447381597381358,0.511723367124778,0.4072495511509644,0.4017676857207951,proportion approximation,CV > 30% diagnostic reference
36081066100,133576,0,Census Tract 661; Queens County; New York,36,081,066100,Queens,637,66,108,46,571,703,62,154,0.1695447409733124,0.042580116001814106,0.0700442908229842,0.0995004501503282,0.2395890317962966,0.14008858164596838,0.2511438323440332,proportion approximation,CV <= 30% diagnostic reference
36081079000,260592,0,Census Tract 790; Queens County; New York,36,081,079000,Queens,872,115,253,123,757,987,130,376,0.2901376146788991,0.08253256548084122,0.1357660702159838,0.1543715444629153,0.4259036848948829,0.2715321404319676,0.28446006758614045,proportion approximation,CV <= 30% diagnostic reference
36081103300,606048,0,Census Tract 1033; Queens County; New York,36,081,103300,Queens,1544,177,203,105,1367,1721,98,308,0.13147668393782383,0.0403124111594788,0.06631391635734263,0.0651627675804812,0.19779060029516646,0.13262783271468526,0.3066126247794841,proportion approximation,CV > 30% diagnostic reference
36081133300,695376,0,Census Tract 1333; Queens County; New York,36,081,133300,Queens,1462,326,160,94,1136,1788,66,254,0.1094391244870041,0.036160781958631774,0.05948448632194927,0.049954638165054834,0.16892361080895338,0.11896897264389855,0.33041914514699783,proportion approximation,CV > 30% diagnostic reference
36081134100,592973,0,Census Tract 1341; Queens County; New York,36,081,134100,Queens,1143,319,78,59,824,1462,19,137,0.06824146981627296,0.02916503353458375,0.04797648016439027,0.020264989651882698,0.11621794998066323,0.09595296032878053,0.4273799144875542,proportion approximation,CV > 30% diagnostic reference
36081136700,772177,0,Census Tract 1367; Queens County; New York,36,081,136700,Queens,2354,277,400,165,2077,2631,235,565,0.16992353440951571,0.0408394958244194,0.06718097063116991,0.1027425637783458,0.23710450504068564,0.13436194126233986,0.24034043292670815,proportion approximation,CV <= 30% diagnostic reference
36081101002,534843,112252,Census Tract 1010.02; Queens County; New York,36,081,101002,Queens,1874,296,613,171,1578,2170,442,784,0.3271077908217716,0.04572157274074369,0.07521198715852337,0.25189580366324826,0.40231977798029495,0.15042397431704668,0.13977524847659653,proportion approximation,CV <= 30% diagnostic reference
36081101700,987636,0,Census Tract 1017; Queens County; New York,36,081,101700,Queens,2519,258,298,145,2261,2777,153,443,0.1183009130607384,0.034208416147047185,0.056272844561892625,0.06202806849884577,0.17457375762263103,0.11254568912378526,0.2891644304510465,proportion approximation,CV <= 30% diagnostic reference
36081115500,187009,0,Census Tract 1155; Queens County; New York,36,081,115500,Queens,733,128,192,67,605,861,125,259,0.26193724420190995,0.04810770258416839,0.079137170750957,0.18280007345095295,0.34107441495286694,0.158274341501914,0.1836611770531012,proportion approximation,CV <= 30% diagnostic reference
36081093900,656191,881592,Census Tract 939; Queens County; New York,36,081,093900,Queens,1768,232,213,146,1536,2000,67,359,0.12047511312217195,0.04927162838230679,0.08105182868889467,0.03942328443327728,0.20152694181106662,0.16210365737778934,0.40897764779304413,proportion approximation,CV > 30% diagnostic reference
36081094201,347514,199843,Census Tract 942.01; Queens County; New York,36,081,094201,Queens,1339,176,375,135,1163,1515,240,510,0.28005974607916356,0.05705838235053018,0.09386103896662215,0.1861987071125414,0.37392078504578574,0.18772207793324433,0.20373646391295974,proportion approximation,CV <= 30% diagnostic reference
36081094202,713774,458004,Census Tract 942.02; Queens County; New York,36,081,094202,Queens,2140,297,1074,262,1843,2437,812,1336,0.5018691588785047,0.061207353449142715,0.10068609642383977,0.40118306245466495,0.6025552553023444,0.2013721928476795,0.12195878620220242,proportion approximation,CV <= 30% diagnostic reference
36081094203,509890,1050429,Census Tract 942.03; Queens County; New York,36,081,094203,Queens,2951,385,1143,366,2566,3336,777,1509,0.3873263300576076,0.068853889343556,0.11326464797014962,0.27406168208745796,0.5005909780277572,0.22652929594029925,0.17776712813021328,proportion approximation,CV <= 30% diagnostic reference
36081001903,465506,0,Census Tract 19.03; Queens County; New York,36,081,001903,Queens,1303,191,1122,191,1112,1494,931,1313,0.8610897927858787,0.045307885304845155,0.07453147132647028,0.7865583214594084,0.935621264112349,0.14906294265294062,0.05261691136560895,proportion approximation,CV <= 30% diagnostic reference
36081053901,439013,0,Census Tract 539.01; Queens County; New York,36,081,053901,Queens,1625,186,778,226,1439,1811,552,1004,0.4787692307692308,0.07770527958175974,0.12782518491199477,0.35094404585723604,0.6065944156812255,0.2556503698239895,0.16230215850945962,proportion approximation,CV <= 30% diagnostic reference
36081117100,397538,0,Census Tract 1171; Queens County; New York,36,081,117100,Queens,947,129,223,109,818,1076,114,332,0.235480464625132,0.0671977148596992,0.1105402409442052,0.1249402236809268,0.3460207055693372,0.22108048188841037,0.2853642868705612,proportion approximation,CV <= 30% diagnostic reference
36081116100,175694,0,Census Tract 1161; Queens County; New York,36,081,116100,Queens,1373,164,567,130,1209,1537,437,697,0.4129643117261471,0.04913019417015438,0.08081916940990395,0.33214514231624315,0.4937834811360511,0.16163833881980794,0.11896958835206696,proportion approximation,CV <= 30% diagnostic reference
36081116700,166109,0,Census Tract 1167; Queens County; New York,36,081,116700,Queens,644,74,232,62,570,718,170,294,0.36024844720496896,0.05283860384548996,0.08691950332583098,0.273328943879138,0.44716795053079994,0.17383900665166196,0.14667267619179108,proportion approximation,CV <= 30% diagnostic reference
36081117500,562493,0,Census Tract 1175; Queens County; New York,36,081,117500,Queens,1727,160,449,177,1567,1887,272,626,0.259988419224088,0.060558805755332006,0.09961923546752115,0.16036918375656684,0.35960765469160916,0.19923847093504232,0.23292885866249083,proportion approximation,CV <= 30% diagnostic reference
36081118100,195223,0,Census Tract 1181; Queens County; New York,36,081,118100,Queens,689,85,96,44,604,774,52,140,0.13933236574746008,0.037388349191713285,0.06150383442036835,0.07782853132709172,0.20083620016782844,0.12300766884073672,0.26833929784469224,proportion approximation,CV <= 30% diagnostic reference
36081119100,217685,0,Census Tract 1191; Queens County; New York,36,081,119100,Queens,1071,145,206,110,926,1216,96,316,0.19234360410831,0.060396146310865526,0.09935166068137379,0.09299194342693622,0.2916952647896838,0.19870332136274754,0.31400132378124745,proportion approximation,CV > 30% diagnostic reference
36081017102,407252,0,Census Tract 171.02; Queens County; New York,36,081,017102,Queens,175,156,51,62,19,331,0,113,0.2914285714285714,0.14643857011995481,0.2408914478473257,0.050537123581245735,0.5323200192758971,0.4817828956946514,0.5024852896272959,proportion approximation,CV > 30% diagnostic reference
36081017101,831867,0,Census Tract 171.01; Queens County; New York,36,081,017101,Queens,0,14,0,14,0,14,0,14,,,,,,,,not calculated,CV unavailable
36081027701,74374,0,Census Tract 277.01; Queens County; New York,36,081,027701,Queens,1216,202,906,239,1014,1418,667,1145,0.7450657894736842,0.09281531686790563,0.15268119624770476,0.5923845932259795,0.8977469857213889,0.3053623924954094,0.12457331712072103,proportion approximation,CV <= 30% diagnostic reference
36081003301,190890,0,Census Tract 33.01; Queens County; New York,36,081,003301,Queens,2330,204,1719,223,2126,2534,1496,1942,0.7377682403433476,0.04293199668827937,0.07062313455221957,0.6671451057911281,0.8083913748955672,0.14124626910443916,0.05819171162518379,proportion approximation,CV <= 30% diagnostic reference
36081091603,1886647,2775575,Census Tract 916.03; Queens County; New York,36,081,091603,Queens,1865,241,247,116,1624,2106,131,363,0.1324396782841823,0.0363510812355943,0.05979752863255263,0.07264214965162966,0.19223720691673493,0.11959505726510528,0.27447273888414325,proportion approximation,CV <= 30% diagnostic reference
36081091604,2487379,2149056,Census Tract 916.04; Queens County; New York,36,081,091604,Queens,0,14,0,14,0,14,0,14,,,,,,,,not calculated,CV unavailable
36081000101,293144,73200,Census Tract 1.01; Queens County; New York,36,081,000101,Queens,2381,374,1220,216,2007,2755,1004,1436,0.5123897522049559,0.025445088876100926,0.041857171201186025,0.4705325810037698,0.5542469234061419,0.08371434240237208,0.04965963656884943,proportion approximation,CV <= 30% diagnostic reference
36081021601,227740,0,Census Tract 216.01; Queens County; New York,36,081,021601,Queens,1412,228,634,217,1184,1640,417,851,0.4490084985835694,0.08237412686340813,0.13550543869030637,0.313503059893263,0.5845139372738758,0.2710108773806128,0.1834578345916913,proportion approximation,CV <= 30% diagnostic reference
36085014605,875799,6861,Census Tract 146.05; Richmond County; New York,36,085,014605,Staten Island,1336,217,66,55,1119,1553,11,121,0.04940119760479042,0.0245459659403234,0.04037811397183199,0.00902308363295843,0.08977931157662242,0.080756227943664,0.49686985600412215,proportion approximation,CV > 30% diagnostic reference
36085014606,1768732,192,Census Tract 146.06; Richmond County; New York,36,085,014606,Staten Island,2254,238,135,98,2016,2492,37,233,0.05989352262644188,0.026149458593508455,0.04301585938632141,0.016877663240120473,0.10290938201276328,0.08603171877264282,0.43659910866494855,proportion approximation,CV > 30% diagnostic reference
36085015100,1004814,0,Census Tract 151; Richmond County; New York,36,085,015100,Staten Island,1772,288,152,112,1484,2060,40,264,0.08577878103837472,0.03747640328114335,0.06164868339748081,0.02413009764089391,0.14742746443585553,0.12329736679496162,0.43689596456701324,proportion approximation,CV > 30% diagnostic reference
36085015601,1429954,0,Census Tract 156.01; Richmond County; New York,36,085,015601,Staten Island,2296,278,286,187,2018,2574,99,473,0.12456445993031359,0.048654913190493414,0.08003733219836166,0.04452712773195193,0.20460179212867524,0.1600746643967233,0.39060028211668835,proportion approximation,CV > 30% diagnostic reference
36085015602,881072,0,Census Tract 156.02; Richmond County; New York,36,085,015602,Staten Island,1266,151,102,56,1115,1417,46,158,0.08056872037914692,0.02624762826546065,0.04317734849668277,0.03739137188246415,0.12374606887582969,0.08635469699336554,0.32577938611836454,proportion approximation,CV > 30% diagnostic reference
36085015603,969267,2670770,Census Tract 156.03; Richmond County; New York,36,085,015603,Staten Island,1801,232,78,70,1569,2033,8,148,0.043309272626318715,0.023382863354636706,0.03846481021837738,0.004844462407941334,0.08177408284469609,0.07692962043675475,0.5399043192525731,proportion approximation,CV > 30% diagnostic reference
36085016901,823441,0,Census Tract 169.01; Richmond County; New York,36,085,016901,Staten Island,1047,112,108,58,935,1159,50,166,0.10315186246418338,0.03300077737112728,0.05428627877550437,0.048865583688679014,0.15743814123968775,0.10857255755100872,0.31992420284787276,proportion approximation,CV > 30% diagnostic reference
36085014700,1667034,2000,Census Tract 147; Richmond County; New York,36,085,014700,Staten Island,1544,249,364,201,1295,1793,163,565,0.23575129533678757,0.07568743662301786,0.12450583324486438,0.1112454620919232,0.36025712858165193,0.24901166648972872,0.32104780809324057,proportion approximation,CV > 30% diagnostic reference
36085020100,628188,0,Census Tract 201; Richmond County; New York,36,085,020100,Staten Island,1278,209,196,121,1069,1487,75,317,0.15336463223787167,0.05549956852802334,0.09129679022859839,0.062067842009273275,0.24466142246647005,0.18259358045719676,0.36187983968782567,proportion approximation,CV > 30% diagnostic reference
36085031902,690539,294299,Census Tract 319.02; Richmond County; New York,36,085,031902,Staten Island,1571,185,532,183,1386,1756,349,715,0.33863781031190326,0.06653362552794796,0.1094478139934744,0.22918999631842885,0.4480856243053777,0.21889562798694884,0.19647429643685385,proportion approximation,CV <= 30% diagnostic reference
36085000300,377461,2080565,Census Tract 3; Richmond County; New York,36,085,000300,Staten Island,948,147,250,114,801,1095,136,364,0.26371308016877637,0.06874584428158746,0.11308691384321139,0.15062616632556497,0.37679999401198777,0.2261738276864228,0.2606842415157797,proportion approximation,CV <= 30% diagnostic reference
36085000600,666769,2045497,Census Tract 6; Richmond County; New York,36,085,000600,Staten Island,1277,239,510,216,1038,1516,294,726,0.39937353171495693,0.09224029278412216,0.15173528162988095,0.24763825008507598,0.5511088133448379,0.30347056325976185,0.2309624585986745,proportion approximation,CV <= 30% diagnostic reference
36085000800,799850,0,Census Tract 8; Richmond County; New York,36,085,000800,Staten Island,1858,282,116,88,1576,2140,28,204,0.062432723358449946,0.028209830575334698,0.04640517129642558,0.016027552062024365,0.10883789465487553,0.09281034259285117,0.4518436655945851,proportion approximation,CV > 30% diagnostic reference
36085001100,325090,0,Census Tract 11; Richmond County; New York,36,085,001100,Staten Island,1270,159,386,161,1111,1429,225,547,0.30393700787401573,0.07351125450222601,0.12092601365616178,0.18301099421785394,0.4248630215301775,0.24185202731232358,0.24186345393219438,proportion approximation,CV <= 30% diagnostic reference
36085001700,306005,0,Census Tract 17; Richmond County; New York,36,085,001700,Staten Island,595,121,148,69,474,716,79,217,0.24873949579831933,0.0634362216800619,0.10435258466370181,0.14438691113461752,0.3530920804620211,0.2087051693274036,0.25503075607862724,proportion approximation,CV <= 30% diagnostic reference
36085002002,771749,0,Census Tract 20.02; Richmond County; New York,36,085,002002,Staten Island,1291,212,239,171,1079,1503,68,410,0.18512780790085206,0.07837056126109887,0.12891957327450765,0.05620823462634442,0.3140473811753597,0.2578391465490153,0.4233321949291993,proportion approximation,CV > 30% diagnostic reference
36085002100,864360,2017877,Census Tract 21; Richmond County; New York,36,085,002100,Staten Island,2160,255,959,249,1905,2415,710,1208,0.4439814814814815,0.062415029889896535,0.1026727241688798,0.3413087573126017,0.5466542056503613,0.20534544833775958,0.14058025501791085,proportion approximation,CV <= 30% diagnostic reference
36085002900,526903,0,Census Tract 29; Richmond County; New York,36,085,002900,Staten Island,1831,269,1035,263,1562,2100,772,1298,0.5652648825778264,0.07124438602987791,0.11719701501914916,0.4480678675586772,0.6824618975969755,0.23439403003829828,0.12603716987507868,proportion approximation,CV <= 30% diagnostic reference
36085003300,852475,0,Census Tract 33; Richmond County; New York,36,085,003300,Staten Island,1429,154,383,146,1275,1583,237,529,0.26801959412176346,0.05957539634576635,0.09800152698878564,0.17001806713297782,0.3660211211105491,0.19600305397757126,0.22228000359817263,proportion approximation,CV <= 30% diagnostic reference
36085017005,1389594,681,Census Tract 170.05; Richmond County; New York,36,085,017005,Staten Island,1828,211,217,103,1617,2039,114,320,0.1187089715536105,0.03322449440628576,0.05465429329834008,0.06405467825527042,0.17336326485195058,0.10930858659668016,0.27988191601239804,proportion approximation,CV <= 30% diagnostic reference
36085017007,1460411,1188,Census Tract 170.07; Richmond County; New York,36,085,017007,Staten Island,1883,204,134,67,1679,2087,67,201,0.07116303770578863,0.021116250975578586,0.03473623285482678,0.03642680485096186,0.1058992705606154,0.06947246570965354,0.29673060139563046,proportion approximation,CV <= 30% diagnostic reference
36085017300,343224,0,Census Tract 173; Richmond County; New York,36,085,017300,Staten Island,992,141,240,81,851,1133,159,321,0.24193548387096775,0.04502058151454508,0.07405885659142665,0.1678766272795411,0.3159943404623944,0.14811771318285327,0.18608507026011964,proportion approximation,CV <= 30% diagnostic reference
36085017600,3265505,2161742,Census Tract 176; Richmond County; New York,36,085,017600,Staten Island,1554,155,83,65,1399,1709,18,148,0.05341055341055341,0.02522000131179045,0.04148690215789529,0.011923651252658117,0.0948974555684487,0.08297380431579057,0.4721913498617152,proportion approximation,CV > 30% diagnostic reference
36061023400,108228,0,Census Tract 234; New York County; New York,36,061,023400,Manhattan,2463,414,2341,416,2049,2877,1925,2757,0.950466910272026,0.03331441705024327,0.05480221604765017,0.8956646942243759,1.0,0.10433530577562411,0.0350505806043354,proportion approximation,CV <= 30% diagnostic reference
36061023501,179045,0,Census Tract 235.01; New York County; New York,36,061,023501,Manhattan,2817,281,2093,327,2536,3098,1766,2420,0.7429889953851615,0.05431078865715944,0.08934124734102727,0.6536477480441343,0.8323302427261887,0.17868249468205444,0.073097702650367,proportion approximation,CV <= 30% diagnostic reference
36061023502,41338,0,Census Tract 235.02; New York County; New York,36,061,023502,Manhattan,867,101,648,110,766,968,538,758,0.7474048442906575,0.05609944186065003,0.0922835818607693,0.6551212624298881,0.8396884261514268,0.1845671637215387,0.07505897545244379,proportion approximation,CV <= 30% diagnostic reference
36061023600,263164,127979,Census Tract 236; New York County; New York,36,061,023600,Manhattan,4594,440,2941,582,4154,5034,2359,3523,0.6401828471919896,0.06739248216774174,0.11086063316593515,0.5293222140260544,0.7510434803579248,0.2217212663318704,0.10527067768738713,proportion approximation,CV <= 30% diagnostic reference
36061023700,271911,280838,Census Tract 237; New York County; New York,36,061,023700,Manhattan,2651,294,2178,301,2357,2945,1877,2479,0.8215767634854771,0.04118519246032361,0.06774964159723233,0.7538271218882449,0.8893264050827094,0.13549928319446458,0.050129451428979746,proportion approximation,CV <= 30% diagnostic reference
36061023900,63850,0,Census Tract 239; New York County; New York,36,061,023900,Manhattan,1271,138,974,197,1133,1409,777,1171,0.7663257277734068,0.07949542848747625,0.13076997986189842,0.6355557479115084,0.8970957076353052,0.26153995972379684,0.10373582095234322,proportion approximation,CV <= 30% diagnostic reference
36061024000,2183933,793007,Census Tract 240; New York County; New York,36,061,024000,Manhattan,0,14,0,14,0,14,0,14,,,,,,,,not calculated,CV unavailable
36061024301,105194,0,Census Tract 243.01; New York County; New York,36,061,024301,Manhattan,1583,218,1287,201,1365,1801,1086,1488,0.8130132659507264,0.03640715536231517,0.05988977057100845,0.753123495379718,0.8729030365217348,0.11977954114201683,0.04478051821176761,proportion approximation,CV <= 30% diagnostic reference
36061024302,213258,113258,Census Tract 243.02; New York County; New York,36,061,024302,Manhattan,2663,292,2182,379,2371,2955,1803,2561,0.8193766428839655,0.06709826728701827,0.11037664968714506,0.7089999931968205,0.9297532925711105,0.22075329937429,0.08188940686770378,proportion approximation,CV <= 30% diagnostic reference
36061024500,212070,0,Census Tract 245; New York County; New York,36,061,024500,Manhattan,5442,697,4922,693,4745,6139,4229,5615,0.904446894524072,0.032152148004558095,0.052890283467498064,0.851556611056574,0.95733717799157,0.10578056693499605,0.03554896169053335,proportion approximation,CV <= 30% diagnostic reference
36061024900,60659,0,Census Tract 249; New York County; New York,36,061,024900,Manhattan,470,80,412,86,390,550,326,498,0.8765957446808511,0.0643867715251326,0.10591623915884313,0.7706795055220079,0.9825119838396943,0.21183247831768637,0.0734509286815833,proportion approximation,CV <= 30% diagnostic reference
36061025500,441356,605826,Census Tract 255; New York County; New York,36,061,025500,Manhattan,1908,243,1585,304,1665,2151,1281,1889,0.8307127882599581,0.07242081060338376,0.1191322334425663,0.7115805548173918,0.9498450217025244,0.2382644668851326,0.08717912090300077,proportion approximation,CV <= 30% diagnostic reference
36061026300,157208,0,Census Tract 263; New York County; New York,36,061,026300,Manhattan,2804,283,2495,267,2521,3087,2228,2762,0.8898002853067047,0.019243800109209157,0.031656051179649064,0.8581442341270556,0.9214563364863538,0.06331210235929818,0.02162710040329558,proportion approximation,CV <= 30% diagnostic reference
36061026500,195037,0,Census Tract 265; New York County; New York,36,061,026500,Manhattan,2942,359,1770,360,2583,3301,1410,2130,0.601631543167913,0.059511385561422665,0.09789622924854029,0.5037353139193728,0.6995277724164533,0.1957924584970805,0.09891666458853417,proportion approximation,CV <= 30% diagnostic reference
36061026700,47339,0,Census Tract 267; New York County; New York,36,061,026700,Manhattan,591,50,352,65,541,641,287,417,0.5956006768189509,0.05942914931823311,0.09776095062849346,0.49783972619045747,0.6933616274474443,0.19552190125698687,0.09978019104282888,proportion approximation,CV <= 30% diagnostic reference
36061026900,175569,0,Census Tract 269; New York County; New York,36,061,026900,Manhattan,2470,321,1797,316,2149,2791,1481,2113,0.7275303643724697,0.05239195762592044,0.08618477029463913,0.6413455940778305,0.8137151346671088,0.17236954058927823,0.07201343090485447,proportion approximation,CV <= 30% diagnostic reference
36061027500,279711,863167,Census Tract 275; New York County; New York,36,061,027500,Manhattan,1794,499,1201,501,1295,2293,700,1702,0.669453734671126,0.1265183140054919,0.20812262653903418,0.4613311081320918,0.8775763612101601,0.4162452530780683,0.18898738994658823,proportion approximation,CV <= 30% diagnostic reference
36061027700,163262,0,Census Tract 277; New York County; New York,36,061,027700,Manhattan,1997,267,1599,277,1730,2264,1322,1876,0.800701051577366,0.05361733426790147,0.08820051487069791,0.7125005367066681,0.888901566448064,0.17640102974139582,0.0669629872001246,proportion approximation,CV <= 30% diagnostic reference
36061027900,180013,0,Census Tract 279; New York County; New York,36,061,027900,Manhattan,4302,388,3052,406,3914,4690,2646,3458,0.7094374709437471,0.04217179079394826,0.0693725958560449,0.6400648750877022,0.778810066799792,0.13874519171208988,0.05944398558177111,proportion approximation,CV <= 30% diagnostic reference
36061028500,121940,0,Census Tract 285; New York County; New York,36,061,028500,Manhattan,2286,308,1881,318,1978,2594,1563,2199,0.8228346456692913,0.05107938066684141,0.08402558119695412,0.7388090644723372,0.9068602268662455,0.16805116239390827,0.06207733344199865,proportion approximation,CV <= 30% diagnostic reference
36061028700,532368,1009529,Census Tract 287; New York County; New York,36,061,028700,Manhattan,1634,199,1237,214,1435,1833,1023,1451,0.7570379436964504,0.05654469997852485,0.09301603146467338,0.664021912231777,0.8500539751611238,0.18603206292934682,0.07469202891261892,proportion approximation,CV <= 30% diagnostic reference
36061008601,125340,499842,Census Tract 86.01; New York County; New York,36,061,008601,Manhattan,1817,231,1525,223,1586,2048,1302,1748,0.8392955421023666,0.03686373358944655,0.060640841754639574,0.778654700347727,0.8999363838570061,0.12128168350927915,0.043922232086573365,proportion approximation,CV <= 30% diagnostic reference
36061029100,187477,0,Census Tract 291; New York County; New York,36,061,029100,Manhattan,3912,331,2861,351,3581,4243,2510,3212,0.7313394683026585,0.03949630855749511,0.06497142757707947,0.666368040725579,0.796310895879738,0.12994285515415904,0.05400543833516983,proportion approximation,CV <= 30% diagnostic reference
36061029300,157076,0,Census Tract 293; New York County; New York,36,061,029300,Manhattan,2921,305,2392,260,2616,3226,2132,2652,0.8188976377952756,0.01503338720602447,0.024729921953910255,0.7941677158413654,0.8436275597491858,0.04945984390782043,0.018358078607356807,proportion approximation,CV <= 30% diagnostic reference
36061029500,135565,0,Census Tract 295; New York County; New York,36,061,029500,Manhattan,3345,301,2048,271,3044,3646,1777,2319,0.6122571001494769,0.03610920001965709,0.05939963403233592,0.5528574661171409,0.6716567341818128,0.11879926806467189,0.058977184602418437,proportion approximation,CV <= 30% diagnostic reference
36061029700,948118,1003977,Census Tract 297; New York County; New York,36,061,029700,Manhattan,0,14,0,14,0,14,0,14,,,,,,,,not calculated,CV unavailable
36061030300,156650,0,Census Tract 303; New York County; New York,36,061,030300,Manhattan,1629,178,1114,186,1451,1807,928,1300,0.6838551258440762,0.05248222100572673,0.08633325355442047,0.5975218722896557,0.7701883793984966,0.1726665071088409,0.07674464813135443,proportion approximation,CV <= 30% diagnostic reference
36061016300,263617,358433,Census Tract 163; New York County; New York,36,061,016300,Manhattan,3288,453,2364,296,2835,3741,2068,2660,0.718978102189781,0.08136938473214801,0.13385263788438348,0.5851254643053975,0.8528307400741645,0.267705275768767,0.1131736620132414,alternative ratio approximation,CV <= 30% diagnostic reference
36061029900,620159,318812,Census Tract 299; New York County; New York,36,061,029900,Manhattan,1399,158,1181,163,1241,1557,1018,1344,0.8441744102930665,0.040713297752329854,0.06697337480258261,0.7772010354904839,0.9111477850956491,0.13394674960516517,0.048228538150304374,proportion approximation,CV <= 30% diagnostic reference
36085003900,583060,0,Census Tract 39; Richmond County; New York,36,085,003900,Staten Island,1102,117,223,108,985,1219,115,331,0.20235934664246824,0.058127463922394505,0.09561967815233896,0.10673966849012928,0.2979790247948072,0.19123935630467792,0.2872487230604428,proportion approximation,CV <= 30% diagnostic reference
36085004700,895658,0,Census Tract 47; Richmond County; New York,36,085,004700,Staten Island,928,140,129,79,788,1068,50,208,0.13900862068965517,0.05015551710847759,0.08250582564344563,0.05650279504620953,0.2215144463331008,0.16501165128689127,0.36080868121447446,proportion approximation,CV > 30% diagnostic reference
36085005000,792524,42337,Census Tract 50; Richmond County; New York,36,085,005000,Staten Island,1500,165,276,134,1335,1665,142,410,0.184,0.05289378031303495,0.08701026861494249,0.09698973138505751,0.2710102686149425,0.17402053722988498,0.2874661973534508,proportion approximation,CV <= 30% diagnostic reference
36085006400,709804,0,Census Tract 64; Richmond County; New York,36,085,006400,Staten Island,1221,127,294,119,1094,1348,175,413,0.24078624078624078,0.057257265294465585,0.09418820140939589,0.1465980393768449,0.33497444219563666,0.18837640281879175,0.23779292831477034,proportion approximation,CV <= 30% diagnostic reference
36085007400,541258,442359,Census Tract 74; Richmond County; New York,36,085,007400,Staten Island,1791,392,355,183,1399,2183,172,538,0.19821328866554996,0.05623720052623968,0.09251019486566427,0.1057030937998857,0.29072348353121424,0.18502038973132856,0.28372063702111344,proportion approximation,CV <= 30% diagnostic reference
36085007500,480639,0,Census Tract 75; Richmond County; New York,36,085,007500,Staten Island,972,228,80,56,744,1200,24,136,0.0823045267489712,0.03299828854188598,0.05428218465140244,0.02802234209756875,0.13658671140037365,0.1085643693028049,0.40092920578391467,proportion approximation,CV > 30% diagnostic reference
36085008100,806838,194554,Census Tract 81; Richmond County; New York,36,085,008100,Staten Island,1795,236,574,126,1559,2031,448,700,0.31977715877437324,0.034171010922094305,0.05621131296684514,0.2635658458075281,0.37598847174121836,0.11242262593369023,0.10685882335393602,proportion approximation,CV <= 30% diagnostic reference
36085009601,776279,0,Census Tract 96.01; Richmond County; New York,36,085,009601,Staten Island,1562,208,243,117,1354,1770,126,360,0.1555697823303457,0.043758225207568995,0.071982280466451,0.08358750186389471,0.2275520627967967,0.143964560932902,0.2812771513342501,proportion approximation,CV <= 30% diagnostic reference
36085009602,617605,0,Census Tract 96.02; Richmond County; New York,36,085,009602,Staten Island,1444,191,108,59,1253,1635,49,167,0.07479224376731301,0.024099080090565026,0.03964298674897947,0.035149257018333546,0.11443523051629248,0.07928597349795893,0.32221362639607315,proportion approximation,CV > 30% diagnostic reference
36061010602,124970,73073,Census Tract 106.02; New York County; New York,36,061,010602,Manhattan,2146,193,1437,210,1953,2339,1227,1647,0.6696178937558248,0.04688821909373273,0.07713112040919035,0.5924867733466345,0.7467490141650152,0.1542622408183807,0.07002235085257512,proportion approximation,CV <= 30% diagnostic reference
36061010900,175741,0,Census Tract 109; New York County; New York,36,061,010900,Manhattan,113,32,107,32,81,145,75,139,0.9469026548672567,0.05534955768748623,0.09105002239591485,0.8558526324713418,1.0,0.1441473675286582,0.05845327120267237,proportion approximation,CV <= 30% diagnostic reference
36061011000,176516,0,Census Tract 110; New York County; New York,36,061,011000,Manhattan,3675,577,2983,550,3098,4252,2433,3533,0.8117006802721088,0.047698005666783276,0.07846321932185849,0.7332374609502503,0.8901638995939674,0.15692643864371703,0.05876304754456203,proportion approximation,CV <= 30% diagnostic reference
36061011202,78008,0,Census Tract 112.02; New York County; New York,36,061,011202,Manhattan,313,71,217,69,242,384,148,286,0.6932907348242812,0.09391070119599151,0.15448310346740604,0.5388076313568751,0.8477738382916872,0.308966206934812,0.13545644919053154,proportion approximation,CV <= 30% diagnostic reference
36061011203,77947,0,Census Tract 112.03; New York County; New York,36,061,011203,Manhattan,528,99,437,101,429,627,336,538,0.8276515151515151,0.06798944145968762,0.11184263120118614,0.715808883950329,0.9394941463527012,0.2236852624023722,0.08214742583687658,proportion approximation,CV <= 30% diagnostic reference
36061031100,730773,312736,Census Tract 311; New York County; New York,36,061,031100,Manhattan,0,14,0,14,0,14,0,14,,,,,,,,not calculated,CV unavailable
36061003700,383379,331291,Census Tract 37; New York County; New York,36,061,003700,Manhattan,1934,546,1551,535,1388,2480,1016,2086,0.8019648397104446,0.09662201454030565,0.1589432139188028,0.6430216257916418,0.9609080536292475,0.3178864278376057,0.12048160936231538,proportion approximation,CV <= 30% diagnostic reference
36061005200,168893,0,Census Tract 52; New York County; New York,36,061,005200,Manhattan,1382,173,1106,148,1209,1555,958,1254,0.8002894356005789,0.02300650048950237,0.037845693305231395,0.7624437422953475,0.8381351289058102,0.07569138661046271,0.028747724843121405,proportion approximation,CV <= 30% diagnostic reference
36061010100,175520,0,Census Tract 101; New York County; New York,36,061,010100,Manhattan,1169,214,1079,233,955,1383,846,1312,0.9230111206159111,0.06426632407850383,0.1057181031091388,0.8172930175067723,1.0,0.1827069824932277,0.0696268145021047,proportion approximation,CV <= 30% diagnostic reference
36061014700,65417,0,Census Tract 147; New York County; New York,36,061,014700,Manhattan,1372,277,1024,273,1095,1649,751,1297,0.7463556851311953,0.07899637908635365,0.12994904359705176,0.6164066415341436,0.876304728728247,0.25989808719410346,0.10584280479148166,proportion approximation,CV <= 30% diagnostic reference
36061015001,51643,0,Census Tract 150.01; New York County; New York,36,061,015001,Manhattan,1049,97,650,130,952,1146,520,780,0.6196377502383222,0.06680034499602526,0.10988656751846156,0.5097511827198606,0.7295243177567838,0.2197731350369232,0.10780547984743152,proportion approximation,CV <= 30% diagnostic reference
36085018901,1136446,0,Census Tract 189.01; Richmond County; New York,36,085,018901,Staten Island,1697,146,121,88,1551,1843,33,209,0.0713022981732469,0.03130218594666435,0.05149209588226285,0.019810202290984055,0.12279439405550975,0.1029841917645257,0.43900669050817687,proportion approximation,CV > 30% diagnostic reference
36085019700,300157,0,Census Tract 197; Richmond County; New York,36,085,019700,Staten Island,703,84,67,34,619,787,33,101,0.0953058321479374,0.028574061915603913,0.04700433185116844,0.04830150029676897,0.14231016399910584,0.09400866370233688,0.2998144108458142,proportion approximation,CV <= 30% diagnostic reference
36085020803,2098034,0,Census Tract 208.03; Richmond County; New York,36,085,020803,Staten Island,2505,290,116,103,2215,2795,13,219,0.04630738522954092,0.024782241417029314,0.04076678713101322,0.005540598098527701,0.08707417236055415,0.08153357426202645,0.5351682306005037,proportion approximation,CV > 30% diagnostic reference
36085020804,1330758,0,Census Tract 208.04; Richmond County; New York,36,085,020804,Staten Island,1903,226,79,56,1677,2129,23,135,0.04151339989490278,0.01763604469958078,0.029011293530810382,0.012502106364092401,0.07052469342571316,0.05802258706162076,0.42482776029496483,proportion approximation,CV > 30% diagnostic reference
36085022300,766316,606238,Census Tract 223; Richmond County; New York,36,085,022300,Staten Island,1065,239,233,87,826,1304,146,320,0.2187793427230047,0.03968989271123696,0.0652898735099848,0.1534894692130199,0.28406921623298953,0.13057974701996963,0.18141517483891573,proportion approximation,CV <= 30% diagnostic reference
36085023100,592842,0,Census Tract 231; Richmond County; New York,36,085,023100,Staten Island,1529,218,265,99,1311,1747,166,364,0.17331589274035317,0.03638136264623942,0.05984734155306384,0.11346855118728932,0.233163234293417,0.11969468310612769,0.209913598060755,proportion approximation,CV <= 30% diagnostic reference
36085023900,532083,0,Census Tract 239; Richmond County; New York,36,085,023900,Staten Island,1044,144,177,117,900,1188,60,294,0.16954022988505746,0.06662736389808442,0.10960201361234888,0.05993821627270858,0.27914224349740635,0.21920402722469778,0.39298851926327766,proportion approximation,CV > 30% diagnostic reference
36061015002,125571,0,Census Tract 150.02; New York County; New York,36,061,015002,Manhattan,2260,215,1170,198,2045,2475,972,1368,0.5176991150442478,0.0440469251092978,0.07245719180479489,0.44524192323945294,0.5901563068490427,0.1449143836095898,0.08508209465556668,proportion approximation,CV <= 30% diagnostic reference
36061015200,189340,529192,Census Tract 152; New York County; New York,36,061,015200,Manhattan,3559,314,2603,311,3245,3873,2292,2914,0.7313852205675752,0.03582050841793904,0.05892473634750972,0.6724604842200654,0.7903099569150849,0.11784947269501944,0.04897625411427009,proportion approximation,CV <= 30% diagnostic reference
36061019100,223477,177936,Census Tract 191; New York County; New York,36,061,019100,Manhattan,4294,523,3355,559,3771,4817,2796,3914,0.7813227759664648,0.054001411283572984,0.08883232156147756,0.6924904544049872,0.8701550975279424,0.17766464312295516,0.06911536812270117,proportion approximation,CV <= 30% diagnostic reference
36061022301,186810,133262,Census Tract 223.01; New York County; New York,36,061,022301,Manhattan,2610,291,2162,306,2319,2901,1856,2468,0.828352490421456,0.04390307968777191,0.0722205660863848,0.7561319243350711,0.9005730565078408,0.14444113217276966,0.053000480104109474,proportion approximation,CV <= 30% diagnostic reference
36061031900,99257,324477,Census Tract 319; New York County; New York,36,061,031900,Manhattan,0,14,0,14,0,14,0,14,,,,,,,,not calculated,CV unavailable
36085011401,526892,0,Census Tract 114.01; Richmond County; New York,36,085,011401,Staten Island,1408,240,507,239,1168,1648,268,746,0.3600852272727273,0.09620597049441496,0.1582588214633126,0.2018264058094147,0.5183440487360399,0.3165176429266252,0.26717555514030816,proportion approximation,CV <= 30% diagnostic reference
36085011402,579280,0,Census Tract 114.02; Richmond County; New York,36,085,011402,Staten Island,1201,137,128,83,1064,1338,45,211,0.10657785179017486,0.04135642053108701,0.06803131177363814,0.03854654001653672,0.174609163563813,0.13606262354727627,0.38803953951433984,proportion approximation,CV > 30% diagnostic reference
36085012100,741984,0,Census Tract 121; Richmond County; New York,36,085,012100,Staten Island,1091,262,63,45,829,1353,18,108,0.05774518790100825,0.023614314529331795,0.0388455474007508,0.01889964050025745,0.09659073530175905,0.0776910948015016,0.40893995478573,proportion approximation,CV > 30% diagnostic reference
36085012500,461075,0,Census Tract 125; Richmond County; New York,36,085,012500,Staten Island,1148,148,144,64,1000,1296,80,208,0.1254355400696864,0.03243296319314014,0.05335222445271553,0.07208331561697087,0.17878776452240194,0.10670444890543107,0.25856278990086723,proportion approximation,CV <= 30% diagnostic reference
36085012804,897166,342703,Census Tract 128.04; Richmond County; New York,36,085,012804,Staten Island,1525,171,417,165,1354,1696,252,582,0.27344262295081967,0.06307677671700461,0.10376129769947258,0.1696813252513471,0.37720392065029223,0.20752259539894513,0.23067646161494493,proportion approximation,CV <= 30% diagnostic reference
36085013203,1027708,5153,Census Tract 132.03; Richmond County; New York,36,085,013203,Staten Island,2309,245,232,136,2064,2554,96,368,0.10047639670853183,0.035214014949755096,0.057927054592347135,0.04254934211618469,0.15840345130087896,0.11585410918469427,0.35047051947838154,proportion approximation,CV > 30% diagnostic reference
36085013204,1045193,0,Census Tract 132.04; Richmond County; New York,36,085,013204,Staten Island,1789,218,140,79,1571,2007,61,219,0.07825600894354388,0.026210836747415266,0.043116826449498116,0.03513918249404577,0.121372835393042,0.08623365289899623,0.3349370495794708,proportion approximation,CV > 30% diagnostic reference
36085013302,849327,0,Census Tract 133.02; Richmond County; New York,36,085,013302,Staten Island,965,284,147,88,681,1249,59,235,0.15233160621761657,0.04827408067859161,0.0794108627162832,0.07292074350133337,0.23174246893389977,0.1588217254325664,0.3169012779240878,proportion approximation,CV > 30% diagnostic reference
36085013400,850704,0,Census Tract 134; Richmond County; New York,36,085,013400,Staten Island,1372,138,169,98,1234,1510,71,267,0.12317784256559766,0.04276343385516454,0.07034584869174566,0.052831993873852,0.1935236912573433,0.1406916973834913,0.3471682322442944,proportion approximation,CV > 30% diagnostic reference
36085013800,1407436,0,Census Tract 138; Richmond County; New York,36,085,013800,Staten Island,2477,294,162,118,2183,2771,44,280,0.06540169559951554,0.028572373672279647,0.04700155469090002,0.018400140908615525,0.11240325029041556,0.09400310938180004,0.4368751209026956,proportion approximation,CV > 30% diagnostic reference
36085007700,248536,0,Census Tract 77; Richmond County; New York,36,085,007700,Staten Island,523,85,148,50,438,608,98,198,0.2829827915869981,0.05095002392791287,0.08381278936141667,0.1991700022255814,0.36679558094841475,0.16762557872283335,0.18004636833985427,proportion approximation,CV <= 30% diagnostic reference
36085002700,250358,0,Census Tract 27; Richmond County; New York,36,085,002700,Staten Island,395,117,107,65,278,512,42,172,0.2708860759493671,0.08733722941453326,0.14366974238690722,0.12721633356245987,0.4145558183362743,0.28733948477381444,0.32241313662374427,proportion approximation,CV > 30% diagnostic reference
36085003600,409183,0,Census Tract 36; Richmond County; New York,36,085,003600,Staten Island,870,174,185,85,696,1044,100,270,0.21264367816091953,0.05347063961068788,0.08795920215958157,0.12468447600133796,0.3006028803205011,0.1759184043191631,0.2514565214124241,proportion approximation,CV <= 30% diagnostic reference
36085018701,385154,0,Census Tract 187.01; Richmond County; New York,36,085,018701,Staten Island,693,99,56,33,594,792,23,89,0.08080808080808081,0.02808424776393044,0.046198587571665575,0.03460949323641524,0.1270066683797464,0.09239717514333115,0.34754256607863915,proportion approximation,CV > 30% diagnostic reference
36085015400,2220712,2745202,Census Tract 154; Richmond County; New York,36,085,015400,Staten Island,0,14,0,14,0,14,0,14,,,,,,,,not calculated,CV unavailable
36085000900,231877,0,Census Tract 9; Richmond County; New York,36,085,000900,Staten Island,864,142,367,106,722,1006,261,473,0.42476851851851855,0.06132895119789983,0.10088612472054521,0.32388239379797334,0.5256546432390637,0.2017722494410904,0.14438205404628188,proportion approximation,CV <= 30% diagnostic reference
36085012200,827812,0,Census Tract 122; Richmond County; New York,36,085,012200,Staten Island,1383,132,84,60,1251,1515,24,144,0.06073752711496746,0.026136713393446136,0.04299489353221889,0.017742633582748565,0.10373242064718635,0.08598978706443779,0.43032231694209533,proportion approximation,CV > 30% diagnostic reference
36085011201,1607939,585976,Census Tract 112.01; Richmond County; New York,36,085,011201,Staten Island,1866,256,285,114,1610,2122,171,399,0.1527331189710611,0.034886021061551864,0.057387504646252814,0.09534561432480829,0.2101206236173139,0.11477500929250561,0.22841163263458167,proportion approximation,CV <= 30% diagnostic reference
36085030302,908763,0,Census Tract 303.02; Richmond County; New York,36,085,030302,Staten Island,2091,209,225,147,1882,2300,78,372,0.10760401721664276,0.04223325680793769,0.06947370744905751,0.038130309767585246,0.17707772466570026,0.13894741489811502,0.3924877332684343,proportion approximation,CV > 30% diagnostic reference
36085024700,479856,0,Census Tract 247; Richmond County; New York,36,085,024700,Staten Island,878,102,141,63,776,980,78,204,0.16059225512528474,0.04211923508577723,0.06928614171610355,0.0913061134091812,0.22987839684138828,0.13857228343220707,0.2622743858532795,proportion approximation,CV <= 30% diagnostic reference
36061019900,226590,198119,Census Tract 199; New York County; New York,36,061,019900,Manhattan,3196,499,2538,478,2697,3695,2060,3016,0.7941176470588235,0.050845627922854436,0.08364105793309555,0.710476589125728,0.877758704991919,0.16728211586619102,0.06402782775470559,proportion approximation,CV <= 30% diagnostic reference
36085006700,950892,1786,Census Tract 67; Richmond County; New York,36,085,006700,Staten Island,1192,150,181,95,1042,1342,86,276,0.1518456375838926,0.047035528459974586,0.0773734443166582,0.07447219326723441,0.2292190819005508,0.15474688863331637,0.30975883936071663,proportion approximation,CV > 30% diagnostic reference
36085014608,448628,0,Census Tract 146.08; Richmond County; New York,36,085,014608,Staten Island,1266,187,177,127,1079,1453,50,304,0.13981042654028436,0.05967615742835159,0.09816727896963837,0.041643147570645994,0.23797770550992273,0.19633455793927673,0.42683624465702324,proportion approximation,CV > 30% diagnostic reference
36085017011,719396,0,Census Tract 170.11; Richmond County; New York,36,085,017011,Staten Island,1617,227,91,53,1390,1844,38,144,0.05627705627705628,0.01933760832401737,0.031810365693008574,0.024466690584047705,0.08808742197006486,0.06362073138601715,0.34361442483446253,proportion approximation,CV > 30% diagnostic reference
36061009700,172933,0,Census Tract 97; New York County; New York,36,061,009700,Manhattan,2631,365,2056,350,2266,2996,1706,2406,0.7814519194222729,0.046866858875364896,0.07709598284997525,0.7043559365722977,0.8585479022722481,0.15419196569995042,0.05997407864838767,proportion approximation,CV <= 30% diagnostic reference
36061001502,208794,145770,Census Tract 15.02; New York County; New York,36,061,001502,Manhattan,3952,423,3530,488,3529,4375,3042,4018,0.8932186234817814,0.04750754727922822,0.07814991527433042,0.8150687082074509,0.9713685387561118,0.15629983054866092,0.05318691978683001,proportion approximation,CV <= 30% diagnostic reference
36061013900,181585,0,Census Tract 139; New York County; New York,36,061,013900,Manhattan,6055,1277,5403,1204,4778,7332,4199,6607,0.8923203963666392,0.03903504860623404,0.06421265495725499,0.8281077414093841,0.9565330513238942,0.12842530991451007,0.04374555234328097,proportion approximation,CV <= 30% diagnostic reference
36061008300,174158,0,Census Tract 83; New York County; New York,36,061,008300,Manhattan,2014,277,1714,250,1737,2291,1464,1964,0.8510427010923535,0.025121967400574763,0.041325636373945485,0.809717064718408,0.892368337466299,0.08265127274789097,0.029519044541865564,proportion approximation,CV <= 30% diagnostic reference
36061024700,256348,410802,Census Tract 247; New York County; New York,36,061,024700,Manhattan,2705,382,2037,418,2323,3087,1619,2455,0.7530499075785583,0.06815481720232819,0.11211467429782987,0.6409352332807284,0.8651645818763881,0.22422934859565968,0.09050504689852613,proportion approximation,CV <= 30% diagnostic reference
36061003602,89011,0,Census Tract 36.02; New York County; New York,36,061,003602,Manhattan,1514,223,1289,235,1291,1737,1054,1524,0.8513870541611624,0.0556051319488338,0.0914704420558316,0.7599166121053309,0.942857496216994,0.1829408841116631,0.06531122557838198,proportion approximation,CV <= 30% diagnostic reference
36061005502,115486,0,Census Tract 55.02; New York County; New York,36,061,005502,Manhattan,1099,198,795,209,901,1297,586,1004,0.7233848953594176,0.08419047031975804,0.13849332367600198,0.5848915716834157,0.8618782190354196,0.27698664735200396,0.11638405897033219,proportion approximation,CV <= 30% diagnostic reference
36061019800,225452,0,Census Tract 198; New York County; New York,36,061,019800,Manhattan,1029,143,751,117,886,1172,634,868,0.7298347910592808,0.031241979169517337,0.05139305573385602,0.6784417353254248,0.7812278467931368,0.102786111467712,0.04280691952787396,proportion approximation,CV <= 30% diagnostic reference
36061018700,218111,185382,Census Tract 187; New York County; New York,36,061,018700,Manhattan,3668,393,2857,370,3275,4061,2487,3227,0.7788985823336968,0.0344459912871955,0.0566636556674366,0.7222349266662602,0.8355622380011334,0.11332731133487317,0.044223974813242244,proportion approximation,CV <= 30% diagnostic reference
36061016500,204327,0,Census Tract 165; New York County; New York,36,061,016500,Manhattan,3327,309,2484,303,3018,3636,2181,2787,0.7466185752930569,0.035891011719580354,0.05904071427870969,0.6875778610143471,0.8056592895717666,0.11808142855741943,0.048071415455331654,proportion approximation,CV <= 30% diagnostic reference
36061012500,174253,0,Census Tract 125; New York County; New York,36,061,012500,Manhattan,1452,219,1325,232,1233,1671,1093,1557,0.912534435261708,0.04933503354492763,0.08115613018140595,0.831378305080302,0.993690565443114,0.162312260362812,0.05406374996772447,proportion approximation,CV <= 30% diagnostic reference
36061023300,232212,294444,Census Tract 233; New York County; New York,36,061,023300,Manhattan,2751,287,1884,300,2464,3038,1584,2184,0.6848418756815703,0.05008306304841729,0.08238663871464644,0.6024552369669238,0.7672285143962168,0.16477327742929293,0.07313084206273672,proportion approximation,CV <= 30% diagnostic reference
36061020800,148566,0,Census Tract 208; New York County; New York,36,061,020800,Manhattan,2235,302,1659,321,1933,2537,1338,1980,0.7422818791946308,0.06249267568661549,0.10280045150448248,0.6394814276901484,0.8450823306991133,0.20560090300896494,0.08418995187437349,proportion approximation,CV <= 30% diagnostic reference
36085013201,469586,0,Census Tract 132.01; Richmond County; New York,36,085,013201,Staten Island,547,57,50,32,490,604,18,82,0.09140767824497258,0.035088307775082164,0.05772026629001016,0.033687411954962415,0.14912794453498274,0.11544053258002032,0.3838660870593989,proportion approximation,CV > 30% diagnostic reference
36085027704,528028,0,Census Tract 277.04; Richmond County; New York,36,085,027704,Staten Island,1535,217,189,155,1318,1752,34,344,0.12312703583061889,0.06046544745076751,0.09946566105651256,0.023661374774106333,0.22259269688713146,0.1989313221130251,0.49108180866099543,proportion approximation,CV > 30% diagnostic reference
36085027302,1021147,0,Census Tract 273.02; Richmond County; New York,36,085,027302,Staten Island,1240,212,142,96,1028,1452,46,238,0.11451612903225807,0.04553364497101846,0.07490284597732537,0.039613283054932696,0.18941897500958343,0.14980569195465074,0.3976177448173443,proportion approximation,CV > 30% diagnostic reference
36085029104,1541565,0,Census Tract 291.04; Richmond County; New York,36,085,029104,Staten Island,2293,314,261,151,1979,2607,110,412,0.11382468382032272,0.03889442381716254,0.06398132717923238,0.04984335664109034,0.17780601099955512,0.12796265435846477,0.3417046506235774,proportion approximation,CV > 30% diagnostic reference
36085017009,1182339,0,Census Tract 170.09; Richmond County; New York,36,085,017009,Staten Island,1593,223,83,62,1370,1816,21,145,0.052102950408035156,0.023240567454767467,0.038230733463092484,0.013872216944942672,0.09033368387112764,0.07646146692618497,0.44605089102945267,proportion approximation,CV > 30% diagnostic reference
36085018902,755077,0,Census Tract 189.02; Richmond County; New York,36,085,018902,Staten Island,1602,236,134,101,1366,1838,33,235,0.08364544319600499,0.037586795154893285,0.06183027802979945,0.02181516516620554,0.14547572122580443,0.12366055605959889,0.4493585510308884,proportion approximation,CV > 30% diagnostic reference
36085021300,784577,0,Census Tract 213; Richmond County; New York,36,085,021300,Staten Island,1558,161,305,133,1397,1719,172,438,0.19576379974326058,0.05041594209301664,0.08293422474301237,0.1128295750002482,0.27869802448627295,0.16586844948602475,0.2575345501013768,proportion approximation,CV <= 30% diagnostic reference
36085010500,816706,0,Census Tract 105; Richmond County; New York,36,085,010500,Staten Island,1768,167,474,165,1601,1935,309,639,0.2680995475113122,0.05460443608278361,0.08982429735617904,0.17827525015513318,0.35792384486749124,0.17964859471235806,0.20367224260413805,proportion approximation,CV <= 30% diagnostic reference
36085000700,528114,605460,Census Tract 7; Richmond County; New York,36,085,000700,Staten Island,1942,227,909,294,1715,2169,615,1203,0.46807415036045313,0.08581017273090329,0.1411577341423359,0.32691641621811723,0.6092318845027891,0.28231546828467186,0.1833260235901146,proportion approximation,CV <= 30% diagnostic reference
36085002001,512964,0,Census Tract 20.01; Richmond County; New York,36,085,002001,Staten Island,1519,307,371,180,1212,1826,191,551,0.24423963133640553,0.06548826487482515,0.10772819571908737,0.13651143561731816,0.3519678270554929,0.21545639143817474,0.2681311976950388,proportion approximation,CV <= 30% diagnostic reference
36061011600,195582,132931,Census Tract 116; New York County; New York,36,061,011600,Manhattan,1889,452,1607,454,1437,2341,1153,2061,0.8507146638433033,0.07767478821799553,0.12777502661860266,0.7229396372247007,0.9784896904619059,0.25555005323720525,0.09130533599489332,proportion approximation,CV <= 30% diagnostic reference
36061016002,51427,0,Census Tract 160.02; New York County; New York,36,061,016002,Manhattan,1214,211,990,207,1003,1425,783,1197,0.8154859967051071,0.05762199158417633,0.09478817615597006,0.7206978205491371,0.9102741728610771,0.18957635231194003,0.070659694730495,proportion approximation,CV <= 30% diagnostic reference
36061030700,84374,0,Census Tract 307; New York County; New York,36,061,030700,Manhattan,1835,197,1058,195,1638,2032,863,1253,0.576566757493188,0.052509791858009615,0.08637860760642582,0.4901881498867622,0.6629453650996138,0.1727572152128516,0.09107322122821139,proportion approximation,CV <= 30% diagnostic reference
36061004800,175762,0,Census Tract 48; New York County; New York,36,061,004800,Manhattan,3101,347,2369,332,2754,3448,2037,2701,0.7639471138342471,0.03918309689991746,0.06445619440036422,0.6994909194338829,0.8284033082346113,0.12891238880072842,0.051290326503437754,proportion approximation,CV <= 30% diagnostic reference
36061023200,180488,0,Census Tract 232; New York County; New York,36,061,023200,Manhattan,3410,286,3138,312,3124,3696,2826,3450,0.9202346041055719,0.029871126812599996,0.049138003606726995,0.8710966004988449,0.9693726077122989,0.09827600721345409,0.03246033856946016,proportion approximation,CV <= 30% diagnostic reference
36061009100,179098,0,Census Tract 91; New York County; New York,36,061,009100,Manhattan,3801,369,3191,454,3432,4170,2737,3645,0.8395159168639832,0.05308006394267682,0.08731670518570338,0.7521992116782799,0.9268326220496865,0.17463341037140667,0.06322698935948436,proportion approximation,CV <= 30% diagnostic reference
36061006600,174701,0,Census Tract 66; New York County; New York,36,061,006600,Manhattan,6431,1011,5444,886,5420,7442,4558,6330,0.846524646244752,0.0216670972616071,0.03564237499534368,0.8108822712494083,0.8821670212400957,0.07128474999068746,0.025595353139124772,proportion approximation,CV <= 30% diagnostic reference
36061001001,80143,244297,Census Tract 10.01; New York County; New York,36,061,001001,Manhattan,812,58,432,84,754,870,348,516,0.5320197044334976,0.05848971736641224,0.09621558506774813,0.4358041193657494,0.6282352895012457,0.19243117013549632,0.10993900579057114,proportion approximation,CV <= 30% diagnostic reference
36061007700,178780,0,Census Tract 77; New York County; New York,36,061,007700,Manhattan,3274,329,2720,382,2945,3603,2338,3102,0.8307880268784361,0.04954975519031719,0.08150934728807178,0.7492786795903643,0.9122973741665079,0.1630186945761436,0.059641874445992095,proportion approximation,CV <= 30% diagnostic reference
36061011201,79536,0,Census Tract 112.01; New York County; New York,36,061,011201,Manhattan,516,100,443,101,416,616,342,544,0.8585271317829457,0.06267603650162538,0.10310208004517377,0.755425051737772,0.9616292118281194,0.20620416009034748,0.07300414183936502,proportion approximation,CV <= 30% diagnostic reference
36061017401,100812,0,Census Tract 174.01; New York County; New York,36,061,017401,Manhattan,2341,205,2112,233,2136,2546,1879,2345,0.9021785561725758,0.03680061927470357,0.06053701870688738,0.8416415374656885,0.9627155748794631,0.12107403741377465,0.04079083793659141,proportion approximation,CV <= 30% diagnostic reference
36061015602,108763,0,Census Tract 156.02; New York County; New York,36,061,015602,Manhattan,1180,196,1031,213,984,1376,818,1244,0.8737288135593221,0.06525042421807034,0.10733694783872572,0.7663918657205964,0.9810657613980478,0.21467389567745143,0.0746804079314481,proportion approximation,CV <= 30% diagnostic reference
36061018000,212522,0,Census Tract 180; New York County; New York,36,061,018000,Manhattan,2966,375,2475,420,2591,3341,2055,2895,0.8344571813890762,0.05741732031373043,0.09445149191608657,0.7400056894729896,0.9289086733051628,0.1889029838321732,0.06880798870728261,proportion approximation,CV <= 30% diagnostic reference
36061008000,172626,0,Census Tract 80; New York County; New York,36,061,008000,Manhattan,2830,254,2431,224,2576,3084,2207,2655,0.8590106007067138,0.010889010179523007,0.017912421745315345,0.8410981789613984,0.8769230224520291,0.03582484349063075,0.012676223285911193,proportion approximation,CV <= 30% diagnostic reference
36061020101,55126,0,Census Tract 201.01; New York County; New York,36,061,020101,Manhattan,337,49,272,56,288,386,216,328,0.8071216617210683,0.07151774997299136,0.11764669870557079,0.6894749630154975,0.924768360426639,0.23529339741114152,0.08860838875330179,proportion approximation,CV <= 30% diagnostic reference
36061022200,181422,0,Census Tract 222; New York County; New York,36,061,022200,Manhattan,1571,195,1139,217,1376,1766,922,1356,0.7250159134309357,0.06370190635990727,0.10478963596204748,0.6202262774688883,0.8298055493929832,0.20957927192409498,0.08786276987832689,proportion approximation,CV <= 30% diagnostic reference
36061013800,182092,0,Census Tract 138; New York County; New York,36,061,013800,Manhattan,6641,1065,5342,981,5576,7706,4361,6323,0.8043969281734679,0.04375237363345306,0.07197265462703029,0.7324242735464376,0.8763695828004981,0.14394530925406057,0.05439152251961096,proportion approximation,CV <= 30% diagnostic reference
36061007400,174085,0,Census Tract 74; New York County; New York,36,061,007400,Manhattan,2825,381,2437,392,2444,3206,2045,2829,0.8626548672566372,0.04597099526251602,0.07562228720683886,0.7870325800497984,0.938277154463476,0.15124457441367767,0.05329013607575206,proportion approximation,CV <= 30% diagnostic reference
36061003200,217682,0,Census Tract 32; New York County; New York,36,061,003200,Manhattan,4746,525,3687,464,4221,5271,3223,4151,0.7768647281921618,0.028339208780001065,0.04661799844310175,0.73024672974906,0.8234827266352636,0.09323599688620354,0.03647894897474507,proportion approximation,CV <= 30% diagnostic reference
36061026100,156222,0,Census Tract 261; New York County; New York,36,061,026100,Manhattan,3719,337,3312,363,3382,4056,2949,3675,0.89056197902662,0.03337814258582073,0.05490704455367511,0.8356549344729449,0.9454690235802952,0.10981408910735024,0.03747986481783433,proportion approximation,CV <= 30% diagnostic reference
36061022500,262466,142349,Census Tract 225; New York County; New York,36,061,022500,Manhattan,3968,397,2923,427,3571,4365,2496,3350,0.7366431451612904,0.047665933052627195,0.07841045987157173,0.6582326852897187,0.8150536050328621,0.15682091974314338,0.06470695256682336,proportion approximation,CV <= 30% diagnostic reference
36061004100,191278,0,Census Tract 41; New York County; New York,36,061,004100,Manhattan,3095,484,2351,327,2611,3579,2024,2678,0.7596122778675283,0.09664254717039751,0.15897699009530392,0.6006352877722243,0.9185892679628322,0.31795398019060794,0.12722615205971088,alternative ratio approximation,CV <= 30% diagnostic reference
36061002100,237229,0,Census Tract 21; New York County; New York,36,061,002100,Manhattan,3387,410,2463,421,2977,3797,2042,2884,0.7271922054915855,0.053347979594915114,0.08775742643363536,0.6394347790579501,0.8149496319252209,0.17551485286727075,0.0733615943515946,proportion approximation,CV <= 30% diagnostic reference
36061001402,113920,0,Census Tract 14.02; New York County; New York,36,061,001402,Manhattan,1751,325,1398,336,1426,2076,1062,1734,0.7984009137635637,0.07410854517307632,0.12190855680971054,0.6764923569538531,0.9203094705732743,0.24381711361942116,0.09282121788129945,proportion approximation,CV <= 30% diagnostic reference
36061028100,94229,0,Census Tract 281; New York County; New York,36,061,028100,Manhattan,1459,231,925,248,1228,1690,677,1173,0.6339958875942426,0.08338921909557807,0.13717526541222594,0.4968206221820167,0.7711711530064685,0.2743505308244518,0.13152958990318747,proportion approximation,CV <= 30% diagnostic reference
36085017012,922584,0,Census Tract 170.12; Richmond County; New York,36,085,017012,Staten Island,1679,164,105,67,1515,1843,38,172,0.06253722453841572,0.02397228198751109,0.03943440386945574,0.023102820668959974,0.10197162840787147,0.0788688077389115,0.38332820435267734,proportion approximation,CV > 30% diagnostic reference
36061024100,178781,212490,Census Tract 241; New York County; New York,36,061,024100,Manhattan,3228,277,2523,331,2951,3505,2192,2854,0.7815985130111525,0.047151031161501204,0.07756344626066948,0.704035066750483,0.8591619592718219,0.15512689252133893,0.06032640847773519,proportion approximation,CV <= 30% diagnostic reference
36061017200,177939,0,Census Tract 172; New York County; New York,36,061,017200,Manhattan,2545,261,2223,314,2284,2806,1909,2537,0.8734774066797643,0.051575417308699426,0.08484156147281055,0.7886358452069537,0.9583189681525748,0.16968312294562105,0.05904608054459741,proportion approximation,CV <= 30% diagnostic reference
36061011300,175653,0,Census Tract 113; New York County; New York,36,061,011300,Manhattan,49,23,27,17,26,72,10,44,0.5510204081632653,0.14056981438905042,0.23123734466998794,0.31978306349327734,0.7822577528332532,0.4624746893399758,0.25510818166901744,proportion approximation,CV <= 30% diagnostic reference
36061019000,103795,0,Census Tract 190; New York County; New York,36,061,019000,Manhattan,1645,126,1047,169,1519,1771,878,1216,0.6364741641337386,0.054973754011452804,0.09043182534883987,0.5460423387848987,0.7269059894825785,0.18086365069767973,0.08637232602563502,proportion approximation,CV <= 30% diagnostic reference
36061009500,171964,0,Census Tract 95; New York County; New York,36,061,009500,Manhattan,1499,184,1357,204,1315,1683,1153,1561,0.9052701801200801,0.047761614973360504,0.07856785663117803,0.826702323488902,0.9838380367512581,0.1571357132623561,0.05275951425576079,proportion approximation,CV <= 30% diagnostic reference
36061027300,176924,0,Census Tract 273; New York County; New York,36,061,027300,Manhattan,3116,303,2068,334,2813,3419,1734,2402,0.6636713735558408,0.052026656374801444,0.08558384973654838,0.5780875238192924,0.7492552232923892,0.17116769947309685,0.07839219596899483,proportion approximation,CV <= 30% diagnostic reference
36061010601,121959,130046,Census Tract 106.01; New York County; New York,36,061,010601,Manhattan,4152,720,2649,660,3432,4872,1989,3309,0.6380057803468208,0.06938517807667072,0.11413861793612333,0.5238671624106974,0.7521443982829441,0.2282772358722467,0.1087532122968429,proportion approximation,CV <= 30% diagnostic reference
36061005900,116175,0,Census Tract 59; New York County; New York,36,061,005900,Manhattan,2381,343,1593,335,2038,2724,1258,1928,0.6690466190676186,0.06231051914553212,0.10250080399440034,0.5665458150732183,0.771547423062019,0.20500160798880063,0.09313329948870809,proportion approximation,CV <= 30% diagnostic reference
36061014602,109174,0,Census Tract 146.02; New York County; New York,36,061,014602,Manhattan,4997,740,4195,745,4257,5737,3450,4940,0.8395037022213327,0.05002533219913497,0.08229167146757703,0.7572120307537558,0.9217953736889097,0.16458334293515398,0.05958917401646662,proportion approximation,CV <= 30% diagnostic reference
36061006300,178188,0,Census Tract 63; New York County; New York,36,061,006300,Manhattan,3445,394,2744,405,3051,3839,2339,3149,0.7965166908563135,0.04517404566194118,0.07431130511389324,0.7222053857424202,0.8708279959702068,0.14862261022778656,0.05671449974686128,proportion approximation,CV <= 30% diagnostic reference
36061025100,159422,0,Census Tract 251; New York County; New York,36,061,025100,Manhattan,839,114,658,128,725,953,530,786,0.7842669845053635,0.06636907689208049,0.1091771314874724,0.675089853017891,0.8934441159928359,0.21835426297494487,0.08462561628032757,proportion approximation,CV <= 30% diagnostic reference
36061017900,213907,189883,Census Tract 179; New York County; New York,36,061,017900,Manhattan,4369,547,3024,419,3822,4916,2605,3443,0.6921492332341497,0.024975062001351838,0.04108397699222378,0.6510652562419259,0.7332332102263734,0.08216795398444754,0.036083348506582735,proportion approximation,CV <= 30% diagnostic reference
36061011800,176762,0,Census Tract 118; New York County; New York,36,061,011800,Manhattan,5148,615,3353,607,4533,5763,2746,3960,0.6513209013209014,0.05385499309061108,0.08859146363405522,0.5627294376868461,0.7399123649549566,0.17718292726811047,0.08268580507917263,proportion approximation,CV <= 30% diagnostic reference
36061003400,160257,0,Census Tract 34; New York County; New York,36,061,003400,Manhattan,3944,570,3056,475,3374,4514,2581,3531,0.7748478701825557,0.02694408902326428,0.04432302644326974,0.730524843739286,0.8191708966258255,0.0886460528865396,0.03477339237819186,proportion approximation,CV <= 30% diagnostic reference
36061020500,281121,381877,Census Tract 205; New York County; New York,36,061,020500,Manhattan,1197,144,671,102,1053,1341,569,773,0.5605680868838764,0.03166667992251229,0.052091688472532725,0.5084763984113436,0.6126597753564091,0.10418337694506552,0.05649033661288705,proportion approximation,CV <= 30% diagnostic reference
36061018900,265404,0,Census Tract 189; New York County; New York,36,061,018900,Manhattan,4625,471,3850,490,4154,5096,3360,4340,0.8324324324324325,0.038629632404268935,0.0635457453050224,0.76888668712741,0.8959781777374549,0.12709149061004488,0.046405727238894495,proportion approximation,CV <= 30% diagnostic reference
36061003002,78532,0,Census Tract 30.02; New York County; New York,36,061,003002,Manhattan,1727,162,1490,181,1565,1889,1309,1671,0.8627678054429647,0.04048113813805733,0.06659147223710431,0.7961763332058605,0.929359277680069,0.13318294447420853,0.046920084271426174,proportion approximation,CV <= 30% diagnostic reference
36061013100,174135,0,Census Tract 131; New York County; New York,36,061,013100,Manhattan,2250,314,2072,322,1936,2564,1750,2394,0.9208888888888889,0.038276848799481886,0.0629654162751477,0.8579234726137411,0.9838543051640366,0.12593083255029547,0.041565110906773284,proportion approximation,CV <= 30% diagnostic reference
36061008200,172401,0,Census Tract 82; New York County; New York,36,061,008200,Manhattan,2006,261,1814,276,1745,2267,1538,2090,0.9042871385842473,0.04335840706168196,0.07132457961646682,0.8329625589677805,0.975611718200714,0.14264915923293353,0.047947610014186334,proportion approximation,CV <= 30% diagnostic reference
36061020701,47273,0,Census Tract 207.01; New York County; New York,36,061,020701,Manhattan,1091,150,956,155,941,1241,801,1111,0.8762603116406966,0.04577431836031218,0.07529875370271354,0.8009615579379831,0.9515590653434102,0.1505975074054271,0.05223826499069099,proportion approximation,CV <= 30% diagnostic reference
36061008900,165578,0,Census Tract 89; New York County; New York,36,061,008900,Manhattan,2991,429,2308,395,2562,3420,1913,2703,0.7716482781678369,0.04379869081878882,0.07204884639690762,0.6995994317709293,0.8436971245647444,0.14409769279381512,0.05675991518154132,proportion approximation,CV <= 30% diagnostic reference
36061002500,131517,94115,Census Tract 25; New York County; New York,36,061,002500,Manhattan,1786,200,1626,195,1586,1986,1431,1821,0.910414333706607,0.023754949592946877,0.039076892080397614,0.8713374416262093,0.9494912257870046,0.07815378416079533,0.026092460007997,proportion approximation,CV <= 30% diagnostic reference
36061011100,175464,0,Census Tract 111; New York County; New York,36,061,011100,Manhattan,2704,294,2482,282,2410,2998,2200,2764,0.9178994082840237,0.018399616368353452,0.030267368925941427,0.8876320393580823,0.9481667772099651,0.06053473785188279,0.020045351595498685,proportion approximation,CV <= 30% diagnostic reference
36061005000,166468,0,Census Tract 50; New York County; New York,36,061,005000,Manhattan,2760,324,2285,279,2436,3084,2006,2564,0.8278985507246377,0.016901967852353122,0.027803737117120884,0.8000948136075168,0.8557022878417586,0.05560747423424184,0.02041550602734994,proportion approximation,CV <= 30% diagnostic reference
36061000800,220708,167906,Census Tract 8; New York County; New York,36,061,000800,Manhattan,4355,811,3691,811,3544,5166,2880,4502,0.8475315729047073,0.06008314910628795,0.09883678027984369,0.7486947926248636,0.9463683531845509,0.19767356055968732,0.0708919301972051,proportion approximation,CV <= 30% diagnostic reference
36061015802,51508,0,Census Tract 158.02; New York County; New York,36,061,015802,Manhattan,2138,450,1902,450,1688,2588,1452,2352,0.8896164639850327,0.058435651960855685,0.0961266474756076,0.7934898165094251,0.9857431114606403,0.19225329495121524,0.0656863427404361,proportion approximation,CV <= 30% diagnostic reference
36061014200,178985,0,Census Tract 142; New York County; New York,36,061,014200,Manhattan,1876,402,786,261,1474,2278,525,1047,0.4189765458422175,0.06460783895477805,0.10627989508060989,0.3126966507616076,0.5252564409228274,0.21255979016121984,0.15420395150020816,proportion approximation,CV <= 30% diagnostic reference
36061007200,175015,0,Census Tract 72; New York County; New York,36,061,007200,Manhattan,4078,556,3797,545,3522,4634,3252,4342,0.9310936733692987,0.02539603273296375,0.04177647384572537,0.8893171995235734,0.9728701472150241,0.08355294769145072,0.02727548630103402,proportion approximation,CV <= 30% diagnostic reference
36061021500,69708,0,Census Tract 215; New York County; New York,36,061,021500,Manhattan,1821,187,1518,205,1634,2008,1313,1723,0.8336079077429983,0.04444438169551628,0.07311100788912428,0.760496899853874,0.9067189156321226,0.14622201577824856,0.053315691085332774,proportion approximation,CV <= 30% diagnostic reference
36061025900,75465,0,Census Tract 259; New York County; New York,36,061,025900,Manhattan,1806,190,1286,211,1616,1996,1075,1497,0.7120708748615725,0.054501089200001795,0.08965429173400295,0.6224165831275695,0.8017251665955755,0.17930858346800593,0.07653885466189989,proportion approximation,CV <= 30% diagnostic reference
36061031703,248049,508859,Census Tract 317.03; New York County; New York,36,061,031703,Manhattan,2353,415,1537,346,1938,2768,1191,1883,0.6532086697832554,0.05554918878312194,0.0913784155482356,0.5618302542350199,0.744587085331491,0.18275683109647112,0.08504049525483795,proportion approximation,CV <= 30% diagnostic reference
36085013301,67337,0,Census Tract 133.01; Richmond County; New York,36,085,013301,Staten Island,499,51,401,58,448,550,343,459,0.8036072144288577,0.049997136241946856,0.08224528911800258,0.7213619253108552,0.8858525035468603,0.1644905782360051,0.06221588774247252,proportion approximation,CV <= 30% diagnostic reference
36061012200,172615,0,Census Tract 122; New York County; New York,36,061,012200,Manhattan,1469,231,848,207,1238,1700,641,1055,0.5772634445200817,0.06551888666323799,0.1077785685610265,0.4694848759590552,0.6850420130811082,0.21555713712205304,0.1134991090899724,proportion approximation,CV <= 30% diagnostic reference
36061014402,176870,0,Census Tract 144.02; New York County; New York,36,061,014402,Manhattan,3764,467,2722,449,3297,4231,2273,3171,0.7231668437832094,0.04778647029236087,0.07860874363093363,0.6445581001522758,0.801775587414143,0.15721748726186724,0.06607945414417572,proportion approximation,CV <= 30% diagnostic reference
36061015601,73562,0,Census Tract 156.01; New York County; New York,36,061,015601,Manhattan,2794,280,2279,289,2514,3074,1990,2568,0.8156764495347173,0.03852926571927857,0.06338064210821324,0.752295807426504,0.8790570916429306,0.12676128421642652,0.047235966836184425,proportion approximation,CV <= 30% diagnostic reference
36061021600,173198,0,Census Tract 216; New York County; New York,36,061,021600,Manhattan,3361,316,2574,338,3045,3677,2236,2912,0.7658434989586432,0.04267788046565843,0.07020511336600811,0.6956383855926351,0.8360486123246513,0.1404102267320162,0.055726634127846925,proportion approximation,CV <= 30% diagnostic reference
36061022000,174954,0,Census Tract 220; New York County; New York,36,061,022000,Manhattan,3032,377,1882,380,2655,3409,1502,2262,0.6207124010554089,0.06002826520005324,0.09874649625408759,0.5219659048013213,0.7194588973094965,0.1974929925081752,0.0967086610449317,proportion approximation,CV <= 30% diagnostic reference
36061025300,169344,0,Census Tract 253; New York County; New York,36,061,025300,Manhattan,4028,371,3547,394,3657,4399,3153,3941,0.8805858987090367,0.03323817169207018,0.054676792433455454,0.8259091062755812,0.9352626911424922,0.10935358486691094,0.03774551891053248,proportion approximation,CV <= 30% diagnostic reference
36061027100,192909,0,Census Tract 271; New York County; New York,36,061,027100,Manhattan,3179,274,2411,305,2905,3453,2106,2716,0.758414595784838,0.04269141722661636,0.07022738133778392,0.6881872144470541,0.828641977122622,0.1404547626755679,0.056290342332398755,proportion approximation,CV <= 30% diagnostic reference
36061028300,151093,0,Census Tract 283; New York County; New York,36,061,028300,Manhattan,3239,313,2161,316,2926,3552,1845,2477,0.6671812287743131,0.04451155432509275,0.07322150686477757,0.5939597219095355,0.7404027356390906,0.14644301372955515,0.06671583732483824,proportion approximation,CV <= 30% diagnostic reference
36061000100,76389,0,Census Tract 1; New York County; New York,36,061,000100,Manhattan,0,14,0,14,0,14,0,14,,,,,,,,not calculated,CV unavailable
36061000201,90233,75976,Census Tract 2.01; New York County; New York,36,061,000201,Manhattan,852,186,779,195,666,1038,584,974,0.9143192488262911,0.06807653294295354,0.11198589669115858,0.8023333521351326,1.0,0.19766664786486743,0.07445597697996972,proportion approximation,CV <= 30% diagnostic reference
36061000202,310040,428737,Census Tract 2.02; New York County; New York,36,061,000202,Manhattan,3163,313,2641,318,2850,3476,2323,2959,0.8349668036674044,0.034819618581836784,0.057278272567121515,0.7776885311002829,0.8922450762345259,0.11455654513424296,0.04170179991455878,proportion approximation,CV <= 30% diagnostic reference
36061000500,843918,3485553,Census Tract 5; New York County; New York,36,061,000500,Manhattan,0,14,0,14,0,14,0,14,,,,,,,,not calculated,CV unavailable
36061000600,240406,176018,Census Tract 6; New York County; New York,36,061,000600,Manhattan,5393,693,4405,680,4700,6086,3725,5085,0.8167995549786761,0.042475868613022376,0.0698728038684218,0.7469267511102543,0.8866723588470978,0.13974560773684352,0.05200280577299198,proportion approximation,CV <= 30% diagnostic reference
36061000700,253229,246239,Census Tract 7; New York County; New York,36,061,000700,Manhattan,5224,508,4498,533,4716,5732,3965,5031,0.8610260336906586,0.035443186575323755,0.058304041916407576,0.802721991774251,0.9193300756070661,0.11660808383281518,0.041163896547241285,proportion approximation,CV <= 30% diagnostic reference
36061000900,298886,476839,Census Tract 9; New York County; New York,36,061,000900,Manhattan,893,191,703,183,702,1084,520,886,0.7872340425531915,0.07100750321446918,0.1168073427878018,0.6704266997653897,0.9040413853409933,0.2336146855756036,0.09019872029946084,proportion approximation,CV <= 30% diagnostic reference
36061001002,199682,245138,Census Tract 10.02; New York County; New York,36,061,001002,Manhattan,2510,400,2049,458,2110,2910,1591,2507,0.8163346613545817,0.07778093723607404,0.1279496417533418,0.6883850196012399,0.9442843031079234,0.25589928350668356,0.09528069910324347,proportion approximation,CV <= 30% diagnostic reference
36061001200,120597,0,Census Tract 12; New York County; New York,36,061,001200,Manhattan,1934,207,1350,230,1727,2141,1120,1580,0.6980351602895554,0.056247052576549536,0.09252640148842399,0.6055087588011314,0.7905615617779793,0.1850528029768479,0.08057911087633096,proportion approximation,CV <= 30% diagnostic reference
36061001300,317216,0,Census Tract 13; New York County; New York,36,061,001300,Manhattan,2780,285,2567,298,2495,3065,2269,2865,0.9233812949640288,0.03057386042666076,0.05029400040185695,0.8730872945621718,0.9736752953658857,0.10058800080371388,0.03311076431091426,proportion approximation,CV <= 30% diagnostic reference
36061001401,93505,0,Census Tract 14.01; New York County; New York,36,061,001401,Manhattan,1799,246,1017,250,1553,2045,767,1267,0.5653140633685381,0.07020129897453631,0.11548113681311223,0.44983292655542584,0.6807952001816503,0.23096227362622446,0.12418105885466157,proportion approximation,CV <= 30% diagnostic reference
36005006500,261811,0,Census Tract 65; Bronx County; New York,36,005,006500,Bronx,2245,243,1996,268,2002,2488,1728,2264,0.889086859688196,0.042940065657274505,0.07063640800621657,0.8184504516819795,0.9597232676944125,0.14127281601243302,0.04829681733496055,proportion approximation,CV <= 30% diagnostic reference
36005020200,124813,0,Census Tract 202; Bronx County; New York,36,005,020200,Bronx,975,173,548,174,802,1148,374,722,0.5620512820512821,0.08996720615992063,0.14799605413306943,0.41405522791821264,0.7100473361843516,0.2959921082661389,0.1600693905217566,proportion approximation,CV <= 30% diagnostic reference
36005015700,319009,0,Census Tract 157; Bronx County; New York,36,005,015700,Bronx,2321,111,1755,250,2210,2432,1505,2005,0.7561395950021542,0.06167814251729013,0.10146054444094227,0.6546790505612119,0.8576001394430965,0.20292108888188465,0.08156978278212558,proportion approximation,CV <= 30% diagnostic reference
36005005200,182689,0,Census Tract 52; Bronx County; New York,36,005,005200,Bronx,813,105,538,124,708,918,414,662,0.6617466174661747,0.07679444453930744,0.12632686126716072,0.5354197561990139,0.7880734787333354,0.2526537225343215,0.11604811042835862,proportion approximation,CV <= 30% diagnostic reference
36047012600,235982,0,Census Tract 126; Kings County; New York,36,047,012600,Brooklyn,892,91,415,96,801,983,319,511,0.46524663677130046,0.05871847859226114,0.09659189728426958,0.36865473948703087,0.56183853405557,0.19318379456853918,0.12620935639589623,proportion approximation,CV <= 30% diagnostic reference
36047027100,245353,0,Census Tract 271; Kings County; New York,36,047,027100,Brooklyn,1610,169,971,198,1441,1779,773,1169,0.6031055900621118,0.0640943858574462,0.105435264735499,0.4976703253266128,0.7085408547976109,0.21087052947099805,0.10627390445982325,proportion approximation,CV <= 30% diagnostic reference
36047034800,592737,87258,Census Tract 348; Kings County; New York,36,047,034800,Brooklyn,938,149,651,144,789,1087,507,795,0.6940298507462687,0.06494525213570598,0.10683493976323635,0.5871949109830323,0.800864790509505,0.21366987952647265,0.09357702995897421,proportion approximation,CV <= 30% diagnostic reference
36047046000,196068,0,Census Tract 460; Kings County; New York,36,047,046000,Brooklyn,1231,145,535,128,1086,1376,407,663,0.4346060113728676,0.05501866034323381,0.09050569626461963,0.34410031510824796,0.5251117076374872,0.1810113925292392,0.12659433809816978,proportion approximation,CV <= 30% diagnostic reference
36047105804,770249,27109,Census Tract 1058.04; Kings County; New York,36,047,105804,Brooklyn,2953,321,2197,332,2632,3274,1865,2529,0.7439891635624788,0.04747670579363483,0.0780991810305293,0.6658899825319495,0.8220883445930081,0.15619836206105853,0.06381370605762571,proportion approximation,CV <= 30% diagnostic reference
36005043503,4660603,28258,Census Tract 435.03; Bronx County; New York,36,005,043503,Bronx,0,14,0,14,0,14,0,14,,,,,,,,not calculated,CV unavailable
36005043501,398042,0,Census Tract 435.01; Bronx County; New York,36,005,043501,Bronx,446,40,318,50,406,486,268,368,0.7130044843049327,0.055976431111093086,0.09208122917774812,0.6209232551271846,0.8050857134826808,0.18416245835549616,0.0785078247658727,proportion approximation,CV <= 30% diagnostic reference
36005033602,56395,0,Census Tract 336.02; Bronx County; New York,36,005,033602,Bronx,589,87,124,70,502,676,54,194,0.21052631578947367,0.06972955989384612,0.11470512602537686,0.09582118976409681,0.32523144181485053,0.22941025205075372,0.3312154094957691,proportion approximation,CV > 30% diagnostic reference
36085011203,1001598,0,Census Tract 112.03; Richmond County; New York,36,085,011203,Staten Island,2244,436,481,204,1808,2680,277,685,0.214349376114082,0.04912355569994937,0.08080824912641671,0.1335411269876653,0.2951576252404987,0.16161649825283342,0.2291751746168116,proportion approximation,CV <= 30% diagnostic reference
36005033601,128000,0,Census Tract 336.01; Bronx County; New York,36,005,033601,Bronx,2188,248,1810,300,1940,2436,1510,2110,0.8272394881170019,0.0608142839462684,0.10003949709161152,0.7271999910253903,0.9272789852086134,0.20007899418322306,0.07351472556598633,proportion approximation,CV <= 30% diagnostic reference
36085022802,5507700,860084,Census Tract 228.02; Richmond County; New York,36,085,022802,Staten Island,0,14,0,14,0,14,0,14,,,,,,,,not calculated,CV unavailable
36085022801,4065100,926280,Census Tract 228.01; Richmond County; New York,36,085,022801,Staten Island,10,7,0,14,3,17,0,14,0.0,0.8510638297872339,1.4,0.0,1.0,1.0,,proportion approximation,CV unavailable
36005033802,46999,0,Census Tract 338.02; Bronx County; New York,36,005,033802,Bronx,528,98,373,111,430,626,262,484,0.7064393939393939,0.09989453238008883,0.16432650576524613,0.5421128881741478,0.87076589970464,0.3286530115304922,0.14140566513857078,proportion approximation,CV <= 30% diagnostic reference
36005033801,114381,0,Census Tract 338.01; Bronx County; New York,36,005,033801,Bronx,913,292,442,99,621,1205,343,541,0.484118291347207,0.1149099180423476,0.1890268151796618,0.2950914761675452,0.6731451065268688,0.37805363035932354,0.23735917459878586,alternative ratio approximation,CV <= 30% diagnostic reference
36005043502,1656169,3169,Census Tract 435.02; Bronx County; New York,36,005,043502,Bronx,0,14,0,14,0,14,0,14,,,,,,,,not calculated,CV unavailable
36085011204,975926,741225,Census Tract 112.04; Richmond County; New York,36,085,011204,Staten Island,27,26,16,21,1,53,0,37,0.5925925925925926,0.32127120481497223,0.5284911319206294,0.0641014606719632,1.0,0.9358985393280368,0.5421451581252656,proportion approximation,CV > 30% diagnostic reference
36047051601,115927,0,Census Tract 516.01; Kings County; New York,36,047,051601,Brooklyn,1913,194,1110,194,1719,2107,916,1304,0.5802404600104548,0.050209134350113704,0.08259402600593704,0.4976464340045178,0.6628344860163918,0.16518805201187403,0.08653159820879956,proportion approximation,CV <= 30% diagnostic reference
36081059502,231198,0,Census Tract 595.02; Queens County; New York,36,081,059502,Queens,908,155,324,136,753,1063,188,460,0.3568281938325991,0.08318202315196861,0.13683442808498836,0.21999376574761076,0.4936626219175875,0.2736688561699767,0.23311505253699846,proportion approximation,CV <= 30% diagnostic reference
36081059501,164850,0,Census Tract 595.01; Queens County; New York,36,081,059501,Queens,760,83,265,92,677,843,173,357,0.34868421052631576,0.06985237385182831,0.11490715498625757,0.23377705554005818,0.46359136551257335,0.22981430997251517,0.20033133632977176,proportion approximation,CV <= 30% diagnostic reference
36081084901,203934,0,Census Tract 849.01; Queens County; New York,36,081,084901,Queens,1095,206,561,132,889,1301,429,693,0.5123287671232877,0.0440134358452696,0.0724021019654685,0.4399266651578192,0.5847308690887562,0.14480420393093696,0.08590857798675618,proportion approximation,CV <= 30% diagnostic reference
36081048302,134146,0,Census Tract 483.02; Queens County; New York,36,081,048302,Queens,654,155,376,167,499,809,209,543,0.5749235474006116,0.13128175036138182,0.2159584793444731,0.3589650680561385,0.7908820267450847,0.4319169586889462,0.22834644876687157,proportion approximation,CV <= 30% diagnostic reference
36081066403,350347,11837,Census Tract 664.03; Queens County; New York,36,081,066403,Queens,1658,279,159,97,1379,1937,62,256,0.09589867310012062,0.03418516509904313,0.056234596587925956,0.03966407651219467,0.15213326968804658,0.11246919317585191,0.3564717215988271,proportion approximation,CV > 30% diagnostic reference
36081019903,640210,0,Census Tract 199.03; Queens County; New York,36,081,019903,Queens,0,14,0,14,0,14,0,14,,,,,,,,not calculated,CV unavailable
36081089201,1775763,0,Census Tract 892.01; Queens County; New York,36,081,089201,Queens,2727,302,107,90,2425,3029,17,197,0.039237257059039236,0.01988814111687986,0.03271599213726737,0.006521264921771866,0.0719532491963066,0.06543198427453474,0.5068687927638447,proportion approximation,CV > 30% diagnostic reference
36081053902,165527,0,Census Tract 539.02; Queens County; New York,36,081,053902,Queens,8,7,0,14,1,15,0,14,0.0,1.0638297872340425,1.75,0.0,1.0,1.0,,proportion approximation,CV unavailable
36047061003,80173,0,Census Tract 610.03; Kings County; New York,36,047,061003,Brooklyn,613,94,362,74,519,707,288,436,0.5905383360522023,0.0485274704493641,0.07982768888920394,0.5107106471629983,0.6703660249414063,0.159655377778408,0.08217497067806682,proportion approximation,CV <= 30% diagnostic reference
36047061004,224494,0,Census Tract 610.04; Kings County; New York,36,047,061004,Brooklyn,2919,314,1985,357,2605,3233,1628,2342,0.6800274066461117,0.05958286393913829,0.09801381117988249,0.5820135954662292,0.7780412178259942,0.196027622359765,0.08761832737448093,proportion approximation,CV <= 30% diagnostic reference
36047069601,456923,47776,Census Tract 696.01; Kings County; New York,36,047,069601,Brooklyn,1295,167,338,137,1128,1462,201,475,0.261003861003861,0.06096920152109644,0.10029433650220364,0.16070952450165737,0.3612981975060647,0.2005886730044073,0.233595017662189,proportion approximation,CV <= 30% diagnostic reference
36047069602,688168,172866,Census Tract 696.02; Kings County; New York,36,047,069602,Brooklyn,1954,275,412,272,1679,2229,140,684,0.21084953940634596,0.08267595788317977,0.13600195071783072,0.07484758868851524,0.3468514901241767,0.27200390143566144,0.39210879054304193,proportion approximation,CV > 30% diagnostic reference
36047079801,129680,0,Census Tract 798.01; Kings County; New York,36,047,079801,Brooklyn,1523,297,976,315,1226,1820,661,1291,0.6408404464871963,0.10018512013898546,0.1648045226286311,0.4760359238585652,0.8056449691158274,0.3296090452572622,0.15633395283983081,proportion approximation,CV <= 30% diagnostic reference
36047079802,106366,0,Census Tract 798.02; Kings County; New York,36,047,079802,Brooklyn,2661,257,2127,275,2404,2918,1852,2402,0.7993235625704622,0.041766255964320244,0.0687054910613068,0.7306180715091555,0.868029053631769,0.1374109821226135,0.05225200146735128,proportion approximation,CV <= 30% diagnostic reference
36047105801,418443,0,Census Tract 1058.01; Kings County; New York,36,047,105801,Brooklyn,3188,433,2276,380,2755,3621,1896,2656,0.7139272271016311,0.0421401652651529,0.06932057186117652,0.6446066552404546,0.7832477989628077,0.13864114372235314,0.059025855388975146,proportion approximation,CV <= 30% diagnostic reference
36047990100,0,17793788,Census Tract 9901; Kings County; New York,36,047,990100,Brooklyn,0,14,0,14,0,14,0,14,,,,,,,,not calculated,CV unavailable
36047079202,107940,0,Census Tract 792.02; Kings County; New York,36,047,079202,Brooklyn,670,133,416,83,537,803,333,499,0.6208955223880597,0.007574417027030228,0.012459916009464726,0.608435606378595,0.6333554383975244,0.024919832018929444,0.0121991812694958,proportion approximation,CV <= 30% diagnostic reference
36047079001,60467,0,Census Tract 790.01; Kings County; New York,36,047,079001,Brooklyn,444,91,266,77,353,535,189,343,0.5990990990990991,0.07444937445073889,0.12246922097146548,0.4766298781276336,0.7215683200705646,0.24493844194293102,0.1242688806621356,proportion approximation,CV <= 30% diagnostic reference
36047079002,122521,0,Census Tract 790.02; Kings County; New York,36,047,079002,Brooklyn,1252,166,831,187,1086,1418,644,1018,0.6637380191693291,0.07336275599845715,0.12068173361746201,0.543056285551867,0.7844197527867911,0.24136346723492408,0.11052968773774773,proportion approximation,CV <= 30% diagnostic reference
36047003101,149882,0,Census Tract 31.01; Kings County; New York,36,047,003101,Brooklyn,1748,202,1298,207,1546,1950,1091,1505,0.7425629290617849,0.04961026316949063,0.08160888291381209,0.6609540461479728,0.824171811975597,0.16321776582762415,0.06680950694936026,proportion approximation,CV <= 30% diagnostic reference
36047078801,93155,0,Census Tract 788.01; Kings County; New York,36,047,078801,Brooklyn,693,178,438,143,515,871,295,581,0.6320346320346321,0.07743417286949941,0.12737921437032654,0.5046554176643056,0.7594138464049586,0.254758428740653,0.1225157118688655,proportion approximation,CV <= 30% diagnostic reference
36047078601,87141,0,Census Tract 786.01; Kings County; New York,36,047,078601,Brooklyn,928,212,560,190,716,1140,370,750,0.603448275862069,0.09202161197283569,0.15137555169531472,0.45207272416675426,0.7548238275573836,0.3027511033906294,0.15249295698355628,proportion approximation,CV <= 30% diagnostic reference
36047078602,83930,0,Census Tract 786.02; Kings County; New York,36,047,078602,Brooklyn,844,105,497,120,739,949,377,617,0.5888625592417062,0.07407514469865589,0.12185361302928895,0.46700894621241723,0.7107161722709952,0.24370722605857792,0.12579360588665106,proportion approximation,CV <= 30% diagnostic reference
36047014102,89630,0,Census Tract 141.02; Kings County; New York,36,047,014102,Brooklyn,906,215,378,89,691,1121,289,467,0.41721854304635764,0.08478589987365165,0.13947280529215697,0.27774573775420064,0.5566913483385146,0.278945610584314,0.20321699810986346,alternative ratio approximation,CV <= 30% diagnostic reference
36047014101,75853,0,Census Tract 141.01; Kings County; New York,36,047,014101,Brooklyn,535,45,257,63,490,580,194,320,0.4803738317757009,0.06723889833398411,0.11060798775940386,0.3697658440162971,0.5909818195351048,0.22121597551880767,0.139972025714714,proportion approximation,CV <= 30% diagnostic reference
36047014901,74973,0,Census Tract 149.01; Kings County; New York,36,047,014901,Brooklyn,635,87,294,72,548,722,222,366,0.462992125984252,0.05713163023387272,0.09398153173472062,0.36901059424953137,0.5569736577189726,0.1879630634694412,0.1233965482942489,proportion approximation,CV <= 30% diagnostic reference
36047014902,174858,0,Census Tract 149.02; Kings County; New York,36,047,014902,Brooklyn,1872,439,967,397,1433,2311,570,1364,0.5165598290598291,0.10581780843410735,0.17407029487410658,0.34248953418572253,0.6906301239339356,0.3481405897482131,0.2048510210844353,proportion approximation,CV <= 30% diagnostic reference
36047059403,206719,0,Census Tract 594.03; Kings County; New York,36,047,059403,Brooklyn,1111,163,497,150,948,1274,347,647,0.44734473447344736,0.07172500457748285,0.1179876325299593,0.32935710194348805,0.5653323670034066,0.23597526505991856,0.16033496999111357,proportion approximation,CV <= 30% diagnostic reference
36047059404,213899,0,Census Tract 594.04; Kings County; New York,36,047,059404,Brooklyn,1539,202,915,204,1337,1741,711,1119,0.594541910331384,0.06513596243317897,0.1071486582025794,0.48739325212880463,0.7016905685339634,0.21429731640515876,0.10955655320728135,proportion approximation,CV <= 30% diagnostic reference
36047102801,153894,0,Census Tract 1028.01; Kings County; New York,36,047,102801,Brooklyn,495,125,127,71,370,620,56,198,0.25656565656565655,0.07779197262078491,0.12796779496119118,0.12859786160446537,0.3845334515268477,0.2559355899223823,0.3032049326558152,proportion approximation,CV > 30% diagnostic reference
36047078802,63958,0,Census Tract 788.02; Kings County; New York,36,047,078802,Brooklyn,601,134,387,133,467,735,254,520,0.6439267886855241,0.10237358519174088,0.16840454764041374,0.47552224104511037,0.8123313363259379,0.33680909528082753,0.15898326795926684,proportion approximation,CV <= 30% diagnostic reference
36047005301,575471,2153435,Census Tract 53.01; Kings County; New York,36,047,005301,Brooklyn,920,131,291,97,789,1051,194,388,0.31630434782608696,0.05795192251261162,0.09533091253324612,0.22097343529284086,0.41163526035933307,0.1906618250664922,0.18321570003987178,proportion approximation,CV <= 30% diagnostic reference
36047005302,779108,3225498,Census Tract 53.02; Kings County; New York,36,047,005302,Brooklyn,45,32,29,30,13,77,0,59,0.6444444444444445,0.2943351677155914,0.4841813508921478,0.16026309355229668,1.0,0.8397369064477034,0.45672698438626247,proportion approximation,CV > 30% diagnostic reference
36047009402,75543,0,Census Tract 94.02; Kings County; New York,36,047,009402,Brooklyn,937,217,458,146,720,1154,312,604,0.4887940234791889,0.0650897357958264,0.10707261538413443,0.38172140809505445,0.5958666388633234,0.2141452307682689,0.1331639354600204,proportion approximation,CV <= 30% diagnostic reference
36047009202,56624,0,Census Tract 92.02; Kings County; New York,36,047,009202,Brooklyn,1019,204,772,150,815,1223,622,922,0.7576054955839058,0.1284855192194842,0.2113586791160515,0.5462468164678542,0.9689641746999573,0.4227173582321031,0.16959422808893057,alternative ratio approximation,CV <= 30% diagnostic reference
36047009201,56593,0,Census Tract 92.01; Kings County; New York,36,047,009201,Brooklyn,586,72,294,79,514,658,215,373,0.5017064846416383,0.07288365598050282,0.11989361408792715,0.3818128705537111,0.6216000987295653,0.23978722817585424,0.1452715047774648,proportion approximation,CV <= 30% diagnostic reference
36047009002,73946,0,Census Tract 90.02; Kings County; New York,36,047,009002,Brooklyn,397,96,273,99,301,493,174,372,0.6876574307304786,0.11296995349587838,0.18583557350071994,0.5018218572297586,0.8734930042311986,0.37167114700144,0.1642823133255081,proportion approximation,CV <= 30% diagnostic reference
36047044902,1756701,175743,Census Tract 449.02; Kings County; New York,36,047,044902,Brooklyn,0,14,0,14,0,14,0,14,,,,,,,,not calculated,CV unavailable
36047079201,108751,0,Census Tract 792.01; Kings County; New York,36,047,079201,Brooklyn,532,125,299,112,407,657,187,411,0.5620300751879699,0.09967113390390471,0.16395901527192325,0.39807105991604663,0.7259890904598931,0.3279180305438465,0.17734128172868666,proportion approximation,CV <= 30% diagnostic reference
36047001501,165241,0,Census Tract 15.01; Kings County; New York,36,047,001501,Brooklyn,2159,223,1903,224,1936,2382,1679,2127,0.8814265863825845,0.03024832511814649,0.049758494819350976,0.8316680915632335,0.9311850812019355,0.09951698963870204,0.03431746396746099,proportion approximation,CV <= 30% diagnostic reference
36047044901,386035,0,Census Tract 449.01; Kings County; New York,36,047,044901,Brooklyn,1045,167,780,177,878,1212,603,957,0.7464114832535885,0.07310134281820767,0.1202517089359516,0.6261597743176369,0.8666631921895401,0.2405034178719032,0.09793705544234232,proportion approximation,CV <= 30% diagnostic reference
36047049301,67820,0,Census Tract 493.01; Kings County; New York,36,047,049301,Brooklyn,947,91,856,104,856,1038,752,960,0.9039070749736009,0.04085196941580858,0.0672014896890051,0.8367055852845958,0.971108564662606,0.13440297937801016,0.04519487737940504,proportion approximation,CV <= 30% diagnostic reference
36047049302,160188,0,Census Tract 493.02; Kings County; New York,36,047,049302,Brooklyn,2459,281,2016,318,2178,2740,1698,2334,0.8198454656364376,0.05419074566833417,0.08914377662440971,0.7307016890120278,0.9089892422608473,0.1782875532488195,0.06609873194366753,proportion approximation,CV <= 30% diagnostic reference
36047035301,69917,0,Census Tract 353.01; Kings County; New York,36,047,035301,Brooklyn,1116,177,856,174,939,1293,682,1030,0.7670250896057348,0.059282209920375986,0.0975192353190185,0.6695058542867163,0.8645443249247533,0.19503847063803703,0.07728848863450888,proportion approximation,CV <= 30% diagnostic reference
36047035302,93185,0,Census Tract 353.02; Kings County; New York,36,047,035302,Brooklyn,1014,132,512,114,882,1146,398,626,0.504930966469428,0.055446241696831766,0.09120906759128826,0.41372189887813976,0.5961400340607163,0.1824181351825765,0.10980954898552228,proportion approximation,CV <= 30% diagnostic reference
36047035101,69889,0,Census Tract 351.01; Kings County; New York,36,047,035101,Brooklyn,762,139,663,139,623,901,524,802,0.8700787401574803,0.05465928983133576,0.08991453177254732,0.780164208384933,0.9599932719300277,0.17982906354509476,0.06282108424053974,proportion approximation,CV <= 30% diagnostic reference
36047035102,93117,0,Census Tract 351.02; Kings County; New York,36,047,035102,Brooklyn,1047,133,727,107,914,1180,620,834,0.6943648519579751,0.031376690519230796,0.05161465590413466,0.6427501960538405,0.7459795078621098,0.10322931180826922,0.045187613443789056,proportion approximation,CV <= 30% diagnostic reference
36047034901,69957,0,Census Tract 349.01; Kings County; New York,36,047,034901,Brooklyn,817,197,644,209,620,1014,435,853,0.7882496940024479,0.10408300486810024,0.17121654300802489,0.617033150994423,0.9594662370104728,0.3424330860160498,0.13204319095844394,proportion approximation,CV <= 30% diagnostic reference
36047034902,93256,0,Census Tract 349.02; Kings County; New York,36,047,034902,Brooklyn,1669,337,1405,321,1332,2006,1084,1726,0.8418214499700419,0.0547061144314428,0.08999155823972341,0.7518298917303186,0.9318130082097653,0.17998311647944676,0.06498541280147903,proportion approximation,CV <= 30% diagnostic reference
36047056302,190772,67755,Census Tract 563.02; Kings County; New York,36,047,056302,Brooklyn,1434,225,1162,230,1209,1659,932,1392,0.810320781032078,0.059437633141415515,0.09777490651762852,0.7125458745144495,0.9080956875497066,0.1955498130352571,0.07335074520205667,proportion approximation,CV <= 30% diagnostic reference
36047056301,179514,0,Census Tract 563.01; Kings County; New York,36,047,056301,Brooklyn,2422,257,1386,248,2165,2679,1138,1634,0.5722543352601156,0.05011966277446489,0.08244684526399475,0.48980748999612084,0.6547011805241103,0.16489369052798947,0.08758284505032754,proportion approximation,CV <= 30% diagnostic reference
36047120802,117296,0,Census Tract 1208.02; Kings County; New York,36,047,120802,Brooklyn,1723,289,1046,282,1434,2012,764,1328,0.6070806732443412,0.0778938418608488,0.12813536986109628,0.4789453033832449,0.7352160431054375,0.2562707397221926,0.12830888100023183,proportion approximation,CV <= 30% diagnostic reference
36047103402,490129,222181,Census Tract 1034.02; Kings County; New York,36,047,103402,Brooklyn,0,14,0,14,0,14,0,14,,,,,,,,not calculated,CV unavailable
36047103401,176086,0,Census Tract 1034.01; Kings County; New York,36,047,103401,Brooklyn,1641,173,1275,186,1468,1814,1089,1461,0.7769652650822669,0.0476259537538968,0.07834469392516023,0.6986205711571067,0.8553099590074271,0.15668938785032038,0.06129740400795658,proportion approximation,CV <= 30% diagnostic reference
36047031402,385464,183705,Census Tract 314.02; Kings County; New York,36,047,031402,Brooklyn,0,14,0,14,0,14,0,14,,,,,,,,not calculated,CV unavailable
36047031401,450195,226844,Census Tract 314.01; Kings County; New York,36,047,031401,Brooklyn,1842,170,620,200,1672,2012,420,820,0.33659066232356133,0.06324559001334301,0.10403899557194926,0.23255166675161207,0.44062965789551056,0.2080779911438985,0.18790060774931908,proportion approximation,CV <= 30% diagnostic reference
36047003102,136297,0,Census Tract 31.02; Kings County; New York,36,047,003102,Brooklyn,0,14,0,14,0,14,0,14,,,,,,,,not calculated,CV unavailable
36047050001,140050,0,Census Tract 500.01; Kings County; New York,36,047,050001,Brooklyn,945,148,400,104,797,1093,296,504,0.42328042328042326,0.053402361369149415,0.08784688445225079,0.33543353882817245,0.511127307732674,0.17569376890450156,0.1261630787346155,proportion approximation,CV <= 30% diagnostic reference
36047001802,598065,456730,Census Tract 18.02; Kings County; New York,36,047,001802,Brooklyn,0,14,0,14,0,14,0,14,,,,,,,,not calculated,CV unavailable
36047001801,464952,252497,Census Tract 18.01; Kings County; New York,36,047,001801,Brooklyn,0,14,0,14,0,14,0,14,,,,,,,,not calculated,CV unavailable
36047001804,342773,1393405,Census Tract 18.04; Kings County; New York,36,047,001804,Brooklyn,0,14,0,14,0,14,0,14,,,,,,,,not calculated,CV unavailable
36047058902,222399,38353,Census Tract 589.02; Kings County; New York,36,047,058902,Brooklyn,0,14,0,14,0,14,0,14,,,,,,,,not calculated,CV unavailable
36047010601,75434,0,Census Tract 106.01; Kings County; New York,36,047,010601,Brooklyn,562,73,407,78,489,635,329,485,0.7241992882562278,0.062035198475044406,0.10204790149144805,0.6221513867647798,0.8262471897476759,0.2040958029828961,0.08566039691148637,proportion approximation,CV <= 30% diagnostic reference
36047053102,82944,0,Census Tract 531.02; Kings County; New York,36,047,053102,Brooklyn,1320,230,723,207,1090,1550,516,930,0.5477272727272727,0.07564337389538407,0.1244333500579068,0.42329392266936594,0.6721606227851795,0.24886670011581358,0.13810408512020328,proportion approximation,CV <= 30% diagnostic reference
36047050402,84339,0,Census Tract 504.02; Kings County; New York,36,047,050402,Brooklyn,892,337,567,358,555,1229,209,925,0.6356502242152466,0.19548194074890296,0.3215677925319454,0.31408243168330124,0.957218016747192,0.6431355850638907,0.3075306722187327,proportion approximation,CV > 30% diagnostic reference
36047009001,74547,0,Census Tract 90.01; Kings County; New York,36,047,009001,Brooklyn,472,65,343,94,407,537,249,437,0.7266949152542372,0.10467023738892553,0.1721825405047825,0.5545123747494547,0.8988774557590198,0.3443650810095651,0.14403601180050393,proportion approximation,CV <= 30% diagnostic reference
36047005303,297317,66967,Census Tract 53.03; Kings County; New York,36,047,005303,Brooklyn,67,45,23,33,22,112,0,56,0.34328358208955223,0.26458328907135853,0.43523951052238474,0.0,0.778523092611937,0.778523092611937,0.7707426246861314,proportion approximation,CV > 30% diagnostic reference
36047102802,864989,217164,Census Tract 1028.02; Kings County; New York,36,047,102802,Brooklyn,0,14,0,14,0,14,0,14,,,,,,,,not calculated,CV unavailable
36047107003,275133,0,Census Tract 1070.03; Kings County; New York,36,047,107003,Brooklyn,0,14,0,14,0,14,0,14,,,,,,,,not calculated,CV unavailable
36047011902,205872,41737,Census Tract 119.02; Kings County; New York,36,047,011902,Brooklyn,0,14,0,14,0,14,0,14,,,,,,,,not calculated,CV unavailable
36047001502,142146,0,Census Tract 15.02; Kings County; New York,36,047,001502,Brooklyn,2990,306,2370,252,2684,3296,2118,2622,0.7926421404682275,0.013900097170496126,0.022865659845466128,0.7697764806227613,0.8155078003136936,0.04573131969093236,0.017536409510457138,proportion approximation,CV <= 30% diagnostic reference
36047011901,448425,21859,Census Tract 119.01; Kings County; New York,36,047,011901,Brooklyn,576,97,281,58,479,673,223,339,0.4878472222222222,0.035394118073561485,0.05822332423100865,0.4296238979912136,0.5460705464532308,0.11644664846201724,0.07255164416502283,proportion approximation,CV <= 30% diagnostic reference
36047001803,614381,2637460,Census Tract 18.03; Kings County; New York,36,047,001803,Brooklyn,0,14,0,14,0,14,0,14,,,,,,,,not calculated,CV unavailable
36047035702,110255,0,Census Tract 357.02; Kings County; New York,36,047,035702,Brooklyn,0,14,0,14,0,14,0,14,,,,,,,,not calculated,CV unavailable
36047107001,1207190,0,Census Tract 1070.01; Kings County; New York,36,047,107001,Brooklyn,2103,262,1147,279,1841,2365,868,1426,0.5454113171659534,0.06926774760113016,0.11394544480385912,0.4314658723620942,0.6593567619698125,0.2278908896077183,0.12700093566275217,proportion approximation,CV <= 30% diagnostic reference
36047050401,144970,0,Census Tract 504.01; Kings County; New York,36,047,050401,Brooklyn,1182,105,610,126,1077,1287,484,736,0.5160744500846024,0.058503035028166304,0.09623749262133358,0.4198369574632688,0.612311942705936,0.1924749852426672,0.11336161869392224,proportion approximation,CV <= 30% diagnostic reference
36047057902,503282,44678,Census Tract 579.02; Kings County; New York,36,047,057902,Brooklyn,0,14,0,14,0,14,0,14,,,,,,,,not calculated,CV unavailable
36047010401,76142,0,Census Tract 104.01; Kings County; New York,36,047,010401,Brooklyn,607,117,472,132,490,724,340,604,0.7775947281713345,0.09578164917068326,0.15756081288577395,0.6200339152855605,0.9351555410571084,0.3151216257715479,0.12317682425128122,proportion approximation,CV <= 30% diagnostic reference
36047009401,75483,0,Census Tract 94.01; Kings County; New York,36,047,009401,Brooklyn,499,68,267,72,431,567,195,339,0.5350701402805611,0.07568948683927644,0.12450920585060975,0.41056093442995134,0.6595793461311709,0.24901841170121952,0.14145713083445297,proportion approximation,CV <= 30% diagnostic reference
36047120803,155241,0,Census Tract 1208.03; Kings County; New York,36,047,120803,Brooklyn,561,106,441,114,455,667,327,555,0.786096256684492,0.08430384530859322,0.13867982553263586,0.6474164311518562,0.9247760822171278,0.2773596510652716,0.10724366716127165,proportion approximation,CV <= 30% diagnostic reference
36047057901,245831,7086,Census Tract 579.01; Kings County; New York,36,047,057901,Brooklyn,606,107,360,116,499,713,244,476,0.594059405940594,0.09733854305995221,0.1601219033336214,0.4339375026069726,0.7541813092742155,0.32024380666724284,0.16385321415091955,proportion approximation,CV <= 30% diagnostic reference
36047050002,62177,0,Census Tract 500.02; Kings County; New York,36,047,050002,Brooklyn,659,104,350,109,555,763,241,459,0.5311077389984825,0.08668237641425676,0.14259250920145236,0.3885152297970301,0.6737002481999349,0.2851850184029048,0.16321053159141488,proportion approximation,CV <= 30% diagnostic reference
36047035701,69809,0,Census Tract 357.01; Kings County; New York,36,047,035701,Brooklyn,1105,176,877,215,929,1281,662,1092,0.7936651583710407,0.08991534537958074,0.1479107431494103,0.6457544152216304,0.941575901520451,0.29582148629882066,0.11329128465728246,proportion approximation,CV <= 30% diagnostic reference
36047010402,76170,0,Census Tract 104.02; Kings County; New York,36,047,010402,Brooklyn,704,165,572,159,539,869,413,731,0.8125,0.07381897662233675,0.12143221654374395,0.6910677834562561,0.9339322165437439,0.24286443308748784,0.09085412507364522,proportion approximation,CV <= 30% diagnostic reference
36047010801,75490,0,Census Tract 108.01; Kings County; New York,36,047,010801,Brooklyn,564,113,406,78,451,677,328,484,0.7198581560283688,0.12147061929105125,0.1998191687337793,0.5200389872945894,0.9196773247621481,0.3996383374675587,0.16874243665062294,alternative ratio approximation,CV <= 30% diagnostic reference
36047010602,75498,0,Census Tract 106.02; Kings County; New York,36,047,010602,Brooklyn,610,201,351,138,409,811,213,489,0.5754098360655737,0.07502311453172213,0.1234130234046829,0.4519968126608908,0.6988228594702566,0.24682604680936576,0.13038205089558547,proportion approximation,CV <= 30% diagnostic reference
36047010802,75489,0,Census Tract 108.02; Kings County; New York,36,047,010802,Brooklyn,679,143,379,87,536,822,292,466,0.5581737849779087,0.030987307930280095,0.05097412154531076,0.5071996634325979,0.6091479065232195,0.10194824309062156,0.055515520012295996,proportion approximation,CV <= 30% diagnostic reference
36047058901,201626,0,Census Tract 589.01; Kings County; New York,36,047,058901,Brooklyn,919,94,459,87,825,1013,372,546,0.499455930359086,0.04845019708422796,0.07970057420355499,0.419755356155531,0.579156504562641,0.15940114840711,0.09700595015338888,proportion approximation,CV <= 30% diagnostic reference
36047120801,202188,0,Census Tract 1208.01; Kings County; New York,36,047,120801,Brooklyn,1474,289,800,268,1185,1763,532,1068,0.5427408412483039,0.08962024465333555,0.14742530245473698,0.39531553879356696,0.6901661437030409,0.2948506049094739,0.16512530077377077,proportion approximation,CV <= 30% diagnostic reference
36047107002,1981715,534948,Census Tract 1070.02; Kings County; New York,36,047,107002,Brooklyn,0,14,0,14,0,14,0,14,,,,,,,,not calculated,CV unavailable
36047053101,78833,0,Census Tract 531.01; Kings County; New York,36,047,053101,Brooklyn,579,56,377,87,523,635,290,464,0.6511226252158895,0.082933312668304,0.1364252993393601,0.5146973258765294,0.7875479245552496,0.2728505986787202,0.12736972953567113,proportion approximation,CV <= 30% diagnostic reference
36005022703,38660,0,Census Tract 227.03; Bronx County; New York,36,005,022703,Bronx,695,143,622,152,552,838,470,774,0.8949640287769784,0.0717299434446633,0.11799575696647113,0.7769682718105073,1.0,0.22303172818949268,0.08014840947595014,proportion approximation,CV <= 30% diagnostic reference
36005022901,121893,0,Census Tract 229.01; Bronx County; New York,36,005,022901,Bronx,1970,215,1579,216,1755,2185,1363,1795,0.801522842639594,0.04018568389814771,0.06610545001245298,0.735417392627141,0.8676282926520469,0.13221090002490588,0.05013666705468713,proportion approximation,CV <= 30% diagnostic reference
36005023000,159383,0,Census Tract 230; Bronx County; New York,36,005,023000,Bronx,965,154,446,168,811,1119,278,614,0.46217616580310883,0.09586459804119656,0.15769726377776833,0.3044789020253405,0.6198734295808772,0.3153945275555367,0.20742003836267864,proportion approximation,CV <= 30% diagnostic reference
36005023200,142706,0,Census Tract 232; Bronx County; New York,36,005,023200,Bronx,867,83,408,83,784,950,325,491,0.47058823529411764,0.05134940672875201,0.08446977406879706,0.38611846122532056,0.5550580093629147,0.16893954813759415,0.10911748929859802,proportion approximation,CV <= 30% diagnostic reference
36005023302,62577,0,Census Tract 233.02; Bronx County; New York,36,005,023302,Bronx,1082,135,783,165,947,1217,618,948,0.7236598890942699,0.07470653613351817,0.1228922519396374,0.6007676371546326,0.8465521410339073,0.24578450387927475,0.10323431940800339,proportion approximation,CV <= 30% diagnostic reference
36005023502,96240,0,Census Tract 235.02; Bronx County; New York,36,005,023502,Bronx,1703,164,1393,154,1539,1867,1239,1547,0.817968291250734,0.02699862280445823,0.04441273451333379,0.7735555567374002,0.8623810257640678,0.08882546902666766,0.03300693082267937,proportion approximation,CV <= 30% diagnostic reference
36005023600,92070,0,Census Tract 236; Bronx County; New York,36,005,023600,Bronx,566,71,352,77,495,637,275,429,0.6219081272084805,0.06775177409215326,0.11145166838159211,0.5104564588268884,0.7333597955900727,0.2229033367631843,0.10894177311408734,proportion approximation,CV <= 30% diagnostic reference
36005023900,178487,0,Census Tract 239; Bronx County; New York,36,005,023900,Bronx,2583,313,2029,180,2270,2896,1849,2209,0.7855207123499807,0.07171386616561742,0.11796930984244067,0.66755140250754,0.9034900221924214,0.2359386196848814,0.09129468521724485,alternative ratio approximation,CV <= 30% diagnostic reference
36005024000,239779,0,Census Tract 240; Bronx County; New York,36,005,024000,Bronx,1319,216,541,160,1103,1535,381,701,0.41015921152388174,0.06140463179249681,0.10101061929865726,0.3091485922252245,0.511169830822539,0.20202123859731447,0.1497092593979728,proportion approximation,CV <= 30% diagnostic reference
36005024300,150432,0,Census Tract 243; Bronx County; New York,36,005,024300,Bronx,2007,162,1654,192,1845,2169,1462,1846,0.8241155954160438,0.04179455182455737,0.06875203775139688,0.7553635576646469,0.8928676331674408,0.13750407550279387,0.05071442896728334,proportion approximation,CV <= 30% diagnostic reference
36005024600,152436,0,Census Tract 246; Bronx County; New York,36,005,024600,Bronx,774,141,211,68,633,915,143,279,0.27260981912144705,0.044056346414034844,0.07247268985108732,0.20013712927035973,0.34508250897253434,0.1449453797021746,0.16160953613489557,proportion approximation,CV <= 30% diagnostic reference
36005024700,151474,0,Census Tract 247; Bronx County; New York,36,005,024700,Bronx,735,78,448,84,657,813,364,532,0.6095238095238096,0.05727587188083614,0.09421880924397545,0.5153050002798342,0.703742618767785,0.18843761848795082,0.09396822730449678,proportion approximation,CV <= 30% diagnostic reference
36005024800,277911,0,Census Tract 248; Bronx County; New York,36,005,024800,Bronx,1250,164,501,176,1086,1414,325,677,0.4008,0.0793993163206862,0.1306118753475288,0.2701881246524712,0.5314118753475288,0.26122375069505754,0.19810208662845857,proportion approximation,CV <= 30% diagnostic reference
36005024900,174193,0,Census Tract 249; Bronx County; New York,36,005,024900,Bronx,0,14,0,14,0,14,0,14,,,,,,,,not calculated,CV unavailable
36005025000,181711,0,Census Tract 250; Bronx County; New York,36,005,025000,Bronx,905,147,375,118,758,1052,257,493,0.4143646408839779,0.06788576216382587,0.11167207875949356,0.30269256212448437,0.5260367196434714,0.22334415751898706,0.16383097268869978,proportion approximation,CV <= 30% diagnostic reference
36005025300,124459,0,Census Tract 253; Bronx County; New York,36,005,025300,Bronx,1862,193,1451,160,1669,2055,1291,1611,0.7792696025778733,0.01782264196873738,0.029318246038572988,0.7499513565393002,0.8085878486164463,0.05863649207714605,0.02287095750915851,proportion approximation,CV <= 30% diagnostic reference
36005025400,169924,0,Census Tract 254; Bronx County; New York,36,005,025400,Bronx,833,103,281,83,730,936,198,364,0.33733493397358943,0.055008546565214145,0.09048905909977727,0.24684587487381215,0.4278239930733667,0.18097811819955456,0.16306804017374868,proportion approximation,CV <= 30% diagnostic reference
36005025500,168636,0,Census Tract 255; Bronx County; New York,36,005,025500,Bronx,2311,404,1795,427,1907,2715,1368,2222,0.7767200346170489,0.07617564676147644,0.12530893892262873,0.6514110956944201,0.9020289735396776,0.25061787784525746,0.09807349285001228,proportion approximation,CV <= 30% diagnostic reference
36005025600,189283,0,Census Tract 256; Bronx County; New York,36,005,025600,Bronx,626,107,235,117,519,733,118,352,0.3753993610223642,0.10671200619087125,0.1755412501839832,0.199858110838381,0.5509406112063474,0.3510825003679664,0.2842626207467464,proportion approximation,CV <= 30% diagnostic reference
36005025700,158501,17989,Census Tract 257; Bronx County; New York,36,005,025700,Bronx,656,98,395,114,558,754,281,509,0.6021341463414634,0.09038784261679114,0.14868800110462144,0.453446145236842,0.7508221474460849,0.2973760022092429,0.15011246773826578,proportion approximation,CV <= 30% diagnostic reference
36005026100,176999,0,Census Tract 261; Bronx County; New York,36,005,026100,Bronx,1126,230,640,226,896,1356,414,866,0.5683836589698046,0.09952829040534711,0.163724037716796,0.4046596212530086,0.7321076966866006,0.327448075433592,0.1751075859319076,proportion approximation,CV <= 30% diagnostic reference
36005026400,426510,0,Census Tract 264; Bronx County; New York,36,005,026400,Bronx,2227,280,623,171,1947,2507,452,794,0.2797485406376291,0.0414926652516262,0.0682554343389251,0.211493106298704,0.3480039749765542,0.13651086867785023,0.14832129296207308,proportion approximation,CV <= 30% diagnostic reference
36005026500,202137,0,Census Tract 265; Bronx County; New York,36,005,026500,Bronx,2181,323,1182,251,1858,2504,931,1433,0.5419532324621733,0.05013840400479558,0.08247767458788872,0.45947555787428457,0.624430907050062,0.16495534917577742,0.0925142632271228,proportion approximation,CV <= 30% diagnostic reference
36005026601,170250,0,Census Tract 266.01; Bronx County; New York,36,005,026601,Bronx,1400,135,597,109,1265,1535,488,706,0.42642857142857143,0.0401900892747642,0.06611269685698712,0.3603158745715843,0.49254126828555855,0.13222539371397424,0.09424811555221085,proportion approximation,CV <= 30% diagnostic reference
36005026602,303397,0,Census Tract 266.02; Bronx County; New York,36,005,026602,Bronx,2532,378,1454,388,2154,2910,1066,1842,0.5742496050552922,0.07721215597750913,0.12701399658300253,0.4472356084722897,0.7012636016382947,0.254027993166005,0.13445748207362665,proportion approximation,CV <= 30% diagnostic reference
36005026900,382001,27111,Census Tract 269; Bronx County; New York,36,005,026900,Bronx,1926,401,1484,429,1525,2327,1055,1913,0.770508826583593,0.09393684122345734,0.15452610381258733,0.6159827227710056,0.9250349303961803,0.3090522076251747,0.12191533436413668,proportion approximation,CV <= 30% diagnostic reference
36005027300,203161,0,Census Tract 273; Bronx County; New York,36,005,027300,Bronx,2979,514,2049,428,2465,3493,1621,2477,0.6878147029204431,0.049227668932253964,0.08097951539355777,0.6068351875268854,0.7687942183140009,0.1619590307871155,0.0715711204241994,proportion approximation,CV <= 30% diagnostic reference
36005027600,1837996,499778,Census Tract 276; Bronx County; New York,36,005,027600,Bronx,31,38,8,15,0,69,0,23,0.25806451612903225,0.22258034844799043,0.36614467319694427,0.0,0.6242091893259765,0.6242091893259765,0.862498850235963,proportion approximation,CV > 30% diagnostic reference
36005027700,176019,0,Census Tract 277; Bronx County; New York,36,005,027700,Bronx,1790,174,1453,191,1616,1964,1262,1644,0.8117318435754189,0.04366588200076647,0.07183037589126084,0.7399014676841581,0.8835622194666798,0.1436607517825217,0.05379348161140536,proportion approximation,CV <= 30% diagnostic reference
36005027900,276331,0,Census Tract 279; Bronx County; New York,36,005,027900,Bronx,3017,323,1731,291,2694,3340,1440,2022,0.5737487570434207,0.045206745410191235,0.07436509619976459,0.49938366084365604,0.6481138532431853,0.14873019239952923,0.07879188382585034,proportion approximation,CV <= 30% diagnostic reference
36005028300,227442,0,Census Tract 283; Bronx County; New York,36,005,028300,Bronx,1044,312,574,91,732,1356,483,665,0.5498084291187739,0.11306934599338854,0.18599907415912414,0.3638093549596498,0.7358075032778981,0.37199814831824835,0.20565225996010042,alternative ratio approximation,CV <= 30% diagnostic reference
36005028400,1124691,0,Census Tract 284; Bronx County; New York,36,005,028400,Bronx,0,14,0,14,0,14,0,14,,,,,,,,not calculated,CV unavailable
36005028500,263658,0,Census Tract 285; Bronx County; New York,36,005,028500,Bronx,1799,244,885,196,1555,2043,689,1081,0.4919399666481378,0.05235773796875376,0.08612847895859993,0.4058114876895379,0.5780684456067378,0.17225695791719986,0.10643115322687911,proportion approximation,CV <= 30% diagnostic reference
36005028900,201144,0,Census Tract 289; Bronx County; New York,36,005,028900,Bronx,1861,242,1290,261,1619,2103,1029,1551,0.6931757119828049,0.06531559748345725,0.10744415786028719,0.5857315541225178,0.8006198698430921,0.21488831572057432,0.09422661001295654,proportion approximation,CV <= 30% diagnostic reference
36005029500,236468,0,Census Tract 295; Bronx County; New York,36,005,029500,Bronx,2014,240,788,222,1774,2254,566,1010,0.3912611717974181,0.06071853818605213,0.09988199531605575,0.29137917648136236,0.49114316711347383,0.19976399063211148,0.1551867206937931,proportion approximation,CV <= 30% diagnostic reference
36005029600,723313,0,Census Tract 296; Bronx County; New York,36,005,029600,Bronx,1098,134,656,144,964,1232,512,800,0.5974499089253188,0.06626808105190608,0.1090109933303855,0.4884389155949333,0.7064609022557042,0.21802198666077094,0.11091822102895256,proportion approximation,CV <= 30% diagnostic reference
36005030000,415698,0,Census Tract 300; Bronx County; New York,36,005,030000,Bronx,2560,296,765,240,2264,2856,525,1005,0.298828125,0.052979069245135436,0.0871505689082478,0.2116775560917522,0.3859786939082478,0.1743011378164956,0.1772894343366624,proportion approximation,CV <= 30% diagnostic reference
36005030100,146000,0,Census Tract 301; Bronx County; New York,36,005,030100,Bronx,692,95,279,70,597,787,209,349,0.4031791907514451,0.05147093530833185,0.08466968858220589,0.31850950216923923,0.48784887933365095,0.16933937716441172,0.1276626782557908,proportion approximation,CV <= 30% diagnostic reference
36005030701,396734,0,Census Tract 307.01; Bronx County; New York,36,005,030701,Bronx,2411,181,564,168,2230,2592,396,732,0.23392783077561177,0.04099167810429378,0.06743131048156327,0.1664965202940485,0.30135914125717506,0.13486262096312657,0.17523215586782323,proportion approximation,CV <= 30% diagnostic reference
36005031000,639444,0,Census Tract 310; Bronx County; New York,36,005,031000,Bronx,1291,201,90,60,1090,1492,30,150,0.069713400464756,0.027471380441491236,0.04519042082625308,0.024522979638502924,0.1149038212910091,0.09038084165250618,0.3940616905551687,proportion approximation,CV > 30% diagnostic reference
36005031800,178366,0,Census Tract 318; Bronx County; New York,36,005,031800,Bronx,542,84,45,37,458,626,8,82,0.08302583025830258,0.040755023507195946,0.06704201366933733,0.01598381658896525,0.15006784392763992,0.13408402733867467,0.49087161646444893,proportion approximation,CV > 30% diagnostic reference
36005031900,213170,206540,Census Tract 319; Bronx County; New York,36,005,031900,Bronx,6,10,0,14,0,16,0,14,0.0,1.4184397163120568,2.3333333333333335,0.0,1.0,1.0,,proportion approximation,CV unavailable
36005032300,561181,0,Census Tract 323; Bronx County; New York,36,005,032300,Bronx,2690,328,1189,316,2362,3018,873,1505,0.44200743494423794,0.06345232755913705,0.10437907883478044,0.3376283561094575,0.5463865137790184,0.20875815766956085,0.1435548874130182,proportion approximation,CV <= 30% diagnostic reference
36005032400,267455,0,Census Tract 324; Bronx County; New York,36,005,032400,Bronx,1293,184,765,146,1109,1477,619,911,0.5916473317865429,0.04573954418887831,0.07524155019070482,0.5164057815958382,0.6668888819772477,0.15048310038140955,0.0773087982172806,proportion approximation,CV <= 30% diagnostic reference
36005033400,3067606,39710,Census Tract 334; Bronx County; New York,36,005,033400,Bronx,8,8,8,8,0,16,0,16,1.0,0.0,0.0,1.0,1.0,0.0,0.0,proportion approximation,CV <= 30% diagnostic reference
36005034000,158344,0,Census Tract 340; Bronx County; New York,36,005,034000,Bronx,1762,253,812,207,1509,2015,605,1019,0.4608399545970488,0.059010545941118854,0.09707234807314051,0.36376760652390827,0.5579123026701893,0.19414469614628105,0.12804997776878255,proportion approximation,CV <= 30% diagnostic reference
36005034200,156821,0,Census Tract 342; Bronx County; New York,36,005,034200,Bronx,625,174,141,64,451,799,77,205,0.2256,0.04916514884653506,0.08087666985255018,0.1447233301474498,0.3064766698525502,0.16175333970510036,0.21793062431974763,proportion approximation,CV <= 30% diagnostic reference
36005034300,121495,0,Census Tract 343; Bronx County; New York,36,005,034300,Bronx,575,78,158,74,497,653,84,232,0.2747826086956522,0.07488107263030087,0.12317936447684494,0.15160324421880725,0.39796197317249715,0.2463587289536899,0.2725102326735633,proportion approximation,CV <= 30% diagnostic reference
36005034400,157012,0,Census Tract 344; Bronx County; New York,36,005,034400,Bronx,586,144,199,144,442,730,55,343,0.3395904436860068,0.14050496420827632,0.23113066612261454,0.10845977756339228,0.5707211098086213,0.46226133224522903,0.41374828656306495,proportion approximation,CV > 30% diagnostic reference
36005037800,131851,0,Census Tract 378; Bronx County; New York,36,005,037800,Bronx,1186,147,666,167,1039,1333,499,833,0.5615514333895447,0.0744100029430113,0.12240445484125358,0.43914697854829116,0.6839558882307983,0.24480890968250718,0.13250790313875585,proportion approximation,CV <= 30% diagnostic reference
36005037900,191331,0,Census Tract 379; Bronx County; New York,36,005,037900,Bronx,2212,267,1542,363,1945,2479,1179,1905,0.6971066907775768,0.08564770699565143,0.1408904780078466,0.5562162127697302,0.8379971687854234,0.2817809560156932,0.12286169122852203,proportion approximation,CV <= 30% diagnostic reference
36005038000,213585,0,Census Tract 380; Bronx County; New York,36,005,038000,Bronx,2114,200,1233,236,1914,2314,997,1469,0.5832544938505203,0.05899445435922853,0.09704587742093093,0.48620861642958935,0.6803003712714513,0.19409175484186192,0.10114702069376247,proportion approximation,CV <= 30% diagnostic reference
36005038100,151508,0,Census Tract 381; Bronx County; New York,36,005,038100,Bronx,2726,367,1887,331,2359,3093,1556,2218,0.6922230374174615,0.04731721869671987,0.07783682475610419,0.6143862126613573,0.7700598621735657,0.1556736495122084,0.06835545212891275,proportion approximation,CV <= 30% diagnostic reference
36005038500,188946,0,Census Tract 385; Bronx County; New York,36,005,038500,Bronx,1884,204,1505,245,1680,2088,1260,1750,0.7988322717622081,0.059029763793060956,0.09710396143958527,0.7017283103226228,0.8959362332017933,0.19420792287917044,0.07389506643596468,proportion approximation,CV <= 30% diagnostic reference
36005038600,409291,0,Census Tract 386; Bronx County; New York,36,005,038600,Bronx,2869,366,1427,337,2503,3235,1090,1764,0.4973858487277797,0.0600911619282664,0.09884996137199822,0.3985358873557815,0.5962358100997779,0.1976999227439964,0.12081397587399881,proportion approximation,CV <= 30% diagnostic reference
36005038700,181498,0,Census Tract 387; Bronx County; New York,36,005,038700,Bronx,1481,152,1189,203,1329,1633,986,1392,0.8028359216745442,0.06658872478741756,0.1095384522753019,0.6932974693992423,0.9123743739498461,0.2190769045506038,0.08294188512209034,proportion approximation,CV <= 30% diagnostic reference
36005038900,170345,0,Census Tract 389; Bronx County; New York,36,005,038900,Bronx,1954,262,1545,249,1692,2216,1296,1794,0.7906857727737974,0.04297991182652797,0.0707019549546385,0.7199838178191589,0.8613877277284359,0.14140390990927698,0.05435776550746644,proportion approximation,CV <= 30% diagnostic reference
36005039100,205723,0,Census Tract 391; Bronx County; New York,36,005,039100,Bronx,3026,462,1659,493,2564,3488,1166,2152,0.5482485128883013,0.08496920624418386,0.13977434427168245,0.4084741686166189,0.6880228571599838,0.2795486885433649,0.15498301271543122,proportion approximation,CV <= 30% diagnostic reference
36005039200,96134,0,Census Tract 392; Bronx County; New York,36,005,039200,Bronx,634,104,244,75,530,738,169,319,0.38485804416403785,0.060816132730446386,0.1000425383415843,0.2848155058224535,0.4849005825056222,0.20008507668316866,0.15802224652091398,proportion approximation,CV <= 30% diagnostic reference
36005039300,181720,0,Census Tract 393; Bronx County; New York,36,005,039300,Bronx,3092,248,2425,307,2844,3340,2118,2732,0.7842820181112549,0.046698554428926925,0.07681912203558479,0.70746289607567,0.8611011401468397,0.15363824407116966,0.0595430640388627,proportion approximation,CV <= 30% diagnostic reference
36005039400,145219,0,Census Tract 394; Bronx County; New York,36,005,039400,Bronx,1701,189,1208,244,1512,1890,964,1452,0.7101704879482658,0.07282165128547909,0.11979161636461311,0.5903788715836527,0.8299621043128789,0.23958323272922621,0.10254108347400656,proportion approximation,CV <= 30% diagnostic reference
36005039700,525250,0,Census Tract 397; Bronx County; New York,36,005,039700,Bronx,521,57,461,61,464,578,400,522,0.8848368522072937,0.04003399211037883,0.06585591702157317,0.8189809351857205,0.9506927692288669,0.13171183404314646,0.04524448999893139,proportion approximation,CV <= 30% diagnostic reference
36005039902,121399,0,Census Tract 399.02; Bronx County; New York,36,005,039902,Bronx,1727,204,1382,240,1523,1931,1142,1622,0.8002316155182397,0.06192620138458617,0.10186860127764424,0.6983630142405954,0.902100216795884,0.2037372025552886,0.07738534717162106,proportion approximation,CV <= 30% diagnostic reference
36005040100,170429,0,Census Tract 401; Bronx County; New York,36,005,040100,Bronx,2172,452,1601,457,1720,2624,1144,2058,0.7371086556169429,0.0875473246837369,0.1440153491047472,0.5930933065121957,0.8811240047216902,0.28803069820949445,0.11877126121991038,proportion approximation,CV <= 30% diagnostic reference
36005040600,223327,0,Census Tract 406; Bronx County; New York,36,005,040600,Bronx,1413,235,640,227,1178,1648,413,867,0.45293701344656756,0.08625855454423509,0.1418953222252667,0.3110416912213009,0.5948323356718342,0.28379064445053337,0.19044271495469403,proportion approximation,CV <= 30% diagnostic reference
36005040701,58237,0,Census Tract 407.01; Bronx County; New York,36,005,040701,Bronx,1205,302,874,280,903,1507,594,1154,0.725311203319502,0.08798826459200569,0.14474069525384936,0.5805705080656527,0.8700518985733514,0.2894813905076987,0.12131105129675843,proportion approximation,CV <= 30% diagnostic reference
36005040702,182164,0,Census Tract 407.02; Bronx County; New York,36,005,040702,Bronx,2801,345,2140,372,2456,3146,1768,2512,0.7640128525526597,0.05697094661069386,0.0937172071745914,0.6702956453780683,0.8577300597272511,0.18743441434918284,0.07456804740960445,proportion approximation,CV <= 30% diagnostic reference
36005034500,274627,0,Census Tract 345; Bronx County; New York,36,005,034500,Bronx,1680,143,613,140,1537,1823,473,753,0.36488095238095236,0.04700871115614699,0.0773293298518618,0.28755162252909056,0.44221028223281417,0.1546586597037236,0.12883300936758066,proportion approximation,CV <= 30% diagnostic reference
36005035000,191626,0,Census Tract 350; Bronx County; New York,36,005,035000,Bronx,790,181,254,79,609,971,175,333,0.32151898734177214,0.04111123931018609,0.06762798866525613,0.253890998676516,0.3891469760070283,0.1352559773305123,0.12786566557105122,proportion approximation,CV <= 30% diagnostic reference
36081018300,215023,0,Census Tract 183; Queens County; New York,36,081,018300,Queens,2331,152,1334,235,2179,2483,1099,1569,0.5722865722865723,0.0569325295919202,0.09365401117870874,0.47863256110786356,0.6659405834652811,0.1873080223574175,0.09948255358228335,proportion approximation,CV <= 30% diagnostic reference
36081070900,219537,0,Census Tract 709; Queens County; New York,36,081,070900,Queens,1146,175,501,158,971,1321,343,659,0.43717277486910994,0.07333150631391701,0.12063032788639348,0.31654244698271644,0.5578031027555034,0.24126065577278694,0.16774033180788203,proportion approximation,CV <= 30% diagnostic reference
36081006900,210779,0,Census Tract 69; Queens County; New York,36,081,006900,Queens,2165,320,1247,258,1845,2485,989,1505,0.5759815242494226,0.0506913450783833,0.08338726265394053,0.4925942615954821,0.6593687869033631,0.166774525307881,0.08800863038869274,proportion approximation,CV <= 30% diagnostic reference
36081015900,169686,0,Census Tract 159; Queens County; New York,36,081,015900,Queens,1823,165,1373,211,1658,1988,1162,1584,0.7531541415249589,0.056862852901238936,0.09353939302253805,0.6596147485024209,0.8466935345474969,0.187078786045076,0.07549962187833836,proportion approximation,CV <= 30% diagnostic reference
36081011600,136938,0,Census Tract 116; Queens County; New York,36,081,011600,Queens,635,125,125,63,510,760,62,188,0.1968503937007874,0.055521095633228094,0.09133220231666021,0.1055181913841272,0.2881825960174476,0.1826644046333204,0.28204716581679873,proportion approximation,CV <= 30% diagnostic reference
36081055100,155133,0,Census Tract 551; Queens County; New York,36,081,055100,Queens,1605,148,1169,140,1457,1753,1029,1309,0.7283489096573209,0.033834770555170104,0.05565819756325482,0.6726907120940661,0.7840071072205758,0.1113163951265097,0.046454069068475635,proportion approximation,CV <= 30% diagnostic reference
36081048100,139052,0,Census Tract 481; Queens County; New York,36,081,048100,Queens,1811,260,1329,263,1551,2071,1066,1592,0.7338487023743788,0.060759587414761805,0.09994952129728317,0.6338991810770956,0.833798223671662,0.19989904259456637,0.0827957959429147,proportion approximation,CV <= 30% diagnostic reference
36081046100,112824,0,Census Tract 461; Queens County; New York,36,081,046100,Queens,690,92,295,83,598,782,212,378,0.427536231884058,0.06439207677731994,0.10592496629869129,0.3216112655853667,0.5334611981827493,0.2118499325973826,0.15061197619101951,proportion approximation,CV <= 30% diagnostic reference
36081058500,171163,0,Census Tract 585; Queens County; New York,36,081,058500,Queens,1623,186,827,163,1437,1809,664,990,0.5095502156500308,0.04967119533029182,0.08170911631833006,0.4278410993317007,0.5912593319683608,0.16341823263666005,0.09748047160950862,proportion approximation,CV <= 30% diagnostic reference
36081023600,176279,0,Census Tract 236; Queens County; New York,36,081,023600,Queens,1184,123,582,127,1061,1307,455,709,0.49155405405405406,0.05734237571356059,0.09432820804880716,0.3972258460052469,0.5858822621028612,0.1886564160976143,0.11665527980215762,proportion approximation,CV <= 30% diagnostic reference
36081074700,295509,0,Census Tract 747; Queens County; New York,36,081,074700,Queens,1360,155,416,123,1205,1515,293,539,0.3058823529411765,0.05073084303556891,0.08345223679351085,0.22243011614766564,0.3893345897346874,0.16690447358702173,0.16585083300089834,proportion approximation,CV <= 30% diagnostic reference
36081012100,137900,0,Census Tract 121; Queens County; New York,36,081,012100,Queens,865,98,312,83,767,963,229,395,0.3606936416184971,0.05277631719516695,0.08681704178604963,0.2738765998324475,0.4475106834045467,0.1736340835720992,0.14631895632634426,proportion approximation,CV <= 30% diagnostic reference
36081014400,219829,0,Census Tract 144; Queens County; New York,36,081,014400,Queens,529,61,364,59,468,590,305,423,0.6880907372400756,0.047647975348287706,0.07838091944793328,0.6097098177921424,0.7664716566880089,0.15676183889586648,0.0692466454924291,proportion approximation,CV <= 30% diagnostic reference
36081032700,150852,0,Census Tract 327; Queens County; New York,36,081,032700,Queens,1068,145,430,127,923,1213,303,557,0.40262172284644193,0.06419768126270442,0.10560518567714877,0.29701653716929316,0.5082269085235906,0.2112103713542975,0.1594491246245775,proportion approximation,CV <= 30% diagnostic reference
36081053800,188754,0,Census Tract 538; Queens County; New York,36,081,053800,Queens,424,73,95,42,351,497,53,137,0.2240566037735849,0.055462987126503924,0.09123661382309896,0.13281998995048594,0.3152932175966839,0.18247322764619794,0.24754006885934382,proportion approximation,CV <= 30% diagnostic reference
36081050600,206128,0,Census Tract 506; Queens County; New York,36,081,050600,Queens,446,70,67,50,376,516,17,117,0.15022421524663676,0.06662627001717598,0.1096002141782545,0.040624001068382265,0.25982442942489126,0.219200428356509,0.44351218548747,proportion approximation,CV > 30% diagnostic reference
36081061000,236862,0,Census Tract 610; Queens County; New York,36,081,061000,Queens,415,52,25,18,363,467,7,43,0.060240963855421686,0.025964519084357648,0.04271163389376833,0.017529329961653357,0.10295259774919002,0.08542326778753667,0.43101101680033693,proportion approximation,CV > 30% diagnostic reference
36081129102,991868,0,Census Tract 1291.02; Queens County; New York,36,081,129102,Queens,1208,158,66,43,1050,1366,23,109,0.054635761589403975,0.021198386974404133,0.0348713465728948,0.019764415016509176,0.08950710816229877,0.0697426931457896,0.3879947191678817,proportion approximation,CV > 30% diagnostic reference
36081027500,177626,0,Census Tract 275; Queens County; New York,36,081,027500,Queens,2335,363,1234,319,1972,2698,915,1553,0.5284796573875803,0.06635403498008594,0.10915238754224137,0.4193272698453389,0.6376320449298216,0.2183047750844827,0.12555646003119988,proportion approximation,CV <= 30% diagnostic reference
36081026100,221606,0,Census Tract 261; Queens County; New York,36,081,026100,Queens,2488,306,1651,371,2182,2794,1280,2022,0.6635852090032154,0.07586511421377094,0.1247981128816532,0.5387870961215622,0.7883833218848686,0.24959622576330642,0.11432610791269662,proportion approximation,CV <= 30% diagnostic reference
36081002000,146397,0,Census Tract 20; Queens County; New York,36,081,002000,Queens,472,63,151,63,409,535,88,214,0.3199152542372881,0.07687536475869347,0.12645997502805076,0.19345527920923736,0.4463752292653389,0.2529199500561016,0.24029915341790278,proportion approximation,CV <= 30% diagnostic reference
36081120100,162893,0,Census Tract 1201; Queens County; New York,36,081,120100,Queens,499,64,183,66,435,563,117,249,0.3667334669338677,0.07514800213316152,0.1236184635090507,0.243115003424817,0.4903519304429184,0.2472369270181014,0.20491176537949507,proportion approximation,CV <= 30% diagnostic reference
36081107201,1382812,3120,Census Tract 1072.01; Queens County; New York,36,081,107201,Queens,919,130,109,63,789,1049,46,172,0.11860718171926006,0.040406025913251584,0.06646791262729886,0.052139269091961205,0.18507509434655892,0.1329358252545977,0.3406709891218184,proportion approximation,CV > 30% diagnostic reference
36081058700,144531,0,Census Tract 587; Queens County; New York,36,081,058700,Queens,1410,191,593,158,1219,1601,435,751,0.4205673758865248,0.058658920760363,0.09649392465079713,0.32407345123572767,0.5170613005373219,0.19298784930159424,0.13947568005415148,proportion approximation,CV <= 30% diagnostic reference
36081010100,172758,0,Census Tract 101; Queens County; New York,36,081,010100,Queens,1096,133,324,116,963,1229,208,440,0.2956204379562044,0.06053155696749881,0.09957441121153554,0.19604602674466887,0.39519484916773995,0.19914882242307108,0.20476106924808238,proportion approximation,CV <= 30% diagnostic reference
36081056200,160593,0,Census Tract 562; Queens County; New York,36,081,056200,Queens,511,157,54,35,354,668,19,89,0.10567514677103718,0.03666192665837145,0.060308869353021044,0.04536627741801613,0.16598401612405822,0.12061773870604209,0.34693045411903356,proportion approximation,CV > 30% diagnostic reference
36081024600,303539,0,Census Tract 246; Queens County; New York,36,081,024600,Queens,0,14,0,14,0,14,0,14,,,,,,,,not calculated,CV unavailable
36081016400,197823,0,Census Tract 164; Queens County; New York,36,081,016400,Queens,879,205,225,91,674,1084,134,316,0.25597269624573377,0.051417046419818174,0.08458104136060089,0.17139165488513286,0.34055373760633467,0.1691620827212018,0.20086926134675634,proportion approximation,CV <= 30% diagnostic reference
36081020200,153117,0,Census Tract 202; Queens County; New York,36,081,020200,Queens,426,98,99,53,328,524,46,152,0.2323943661971831,0.06829236401224277,0.11234093880013936,0.12005342739704374,0.34473530499732247,0.22468187760027875,0.2938641118102568,proportion approximation,CV <= 30% diagnostic reference
36081050202,152854,0,Census Tract 502.02; Queens County; New York,36,081,050202,Queens,448,52,83,48,396,500,35,131,0.18526785714285715,0.0638070786346514,0.10496264435400157,0.08030521278885558,0.2902305014968587,0.20992528870800312,0.3444044726304076,proportion approximation,CV > 30% diagnostic reference
36081059600,194550,0,Census Tract 596; Queens County; New York,36,081,059600,Queens,568,190,54,48,378,758,6,102,0.09507042253521127,0.04759568023172002,0.07829489398117943,0.016775528554031832,0.1733653165163907,0.15658978796235887,0.5006360439188328,proportion approximation,CV > 30% diagnostic reference
36081063000,190477,0,Census Tract 630; Queens County; New York,36,081,063000,Queens,587,96,54,47,491,683,7,101,0.0919931856899489,0.04780666720483301,0.0786419675519503,0.013351218137998597,0.1706351532418992,0.1572839351039006,0.5196761786895736,proportion approximation,CV > 30% diagnostic reference
36081022002,306174,0,Census Tract 220.02; Queens County; New York,36,081,022002,Queens,2702,263,1025,221,2439,2965,804,1246,0.37934863064396745,0.044366190278366316,0.07298238300791259,0.30636624763605486,0.45233101365188005,0.1459647660158252,0.11695360598258124,proportion approximation,CV <= 30% diagnostic reference
36081085500,130510,0,Census Tract 855; Queens County; New York,36,081,085500,Queens,2498,268,1787,333,2230,2766,1454,2120,0.7153722978382706,0.06625918162090581,0.10899635376639007,0.6063759440718806,0.8243686516046607,0.2179927075327801,0.092621956177405,proportion approximation,CV <= 30% diagnostic reference
36081011100,150737,0,Census Tract 111; Queens County; New York,36,081,011100,Queens,1351,159,449,129,1192,1510,320,578,0.3323464100666173,0.05295193380828949,0.08710593111463621,0.2452404789519811,0.4194523411812535,0.17421186222927243,0.15932753357460824,proportion approximation,CV <= 30% diagnostic reference
36081067900,253614,0,Census Tract 679; Queens County; New York,36,081,067900,Queens,1678,210,802,216,1468,1888,586,1018,0.47794994040524436,0.06929081379575819,0.11398338869402222,0.36396655171122216,0.5919333290992665,0.22796677738804438,0.1449750443257883,proportion approximation,CV <= 30% diagnostic reference
36081012000,144523,0,Census Tract 120; Queens County; New York,36,081,012000,Queens,650,85,263,100,565,735,163,363,0.4046153846153846,0.0878183610905914,0.14446120399402287,0.26015418062136175,0.5490765886094074,0.2889224079880457,0.2170415768398647,proportion approximation,CV <= 30% diagnostic reference
36081005700,223565,0,Census Tract 57; Queens County; New York,36,081,005700,Queens,1825,163,1421,193,1662,1988,1228,1614,0.7786301369863013,0.04843234681675824,0.0796712105135673,0.698958926472734,0.8583013474998686,0.15934242102713458,0.06220199362461913,proportion approximation,CV <= 30% diagnostic reference
36081033700,150842,0,Census Tract 337; Queens County; New York,36,081,033700,Queens,870,201,292,209,669,1071,83,501,0.335632183908046,0.1382194127529481,0.22737093397859962,0.10826124992944638,0.5630031178866456,0.4547418679571992,0.41181811333926316,proportion approximation,CV > 30% diagnostic reference
36081085700,132521,0,Census Tract 857; Queens County; New York,36,081,085700,Queens,2060,256,1175,306,1804,2316,869,1481,0.5703883495145631,0.07935587047420355,0.13054040693006483,0.4398479425844982,0.7009287564446279,0.2610808138601297,0.13912603674626325,proportion approximation,CV <= 30% diagnostic reference
36081062300,156656,0,Census Tract 623; Queens County; New York,36,081,062300,Queens,883,132,369,139,751,1015,230,508,0.4178935447338618,0.08783670664782925,0.1444913824356791,0.2734021622981827,0.5623849271695409,0.2889827648713582,0.21018919233071337,proportion approximation,CV <= 30% diagnostic reference
36081045900,136886,0,Census Tract 459; Queens County; New York,36,081,045900,Queens,1091,159,480,134,932,1250,346,614,0.4399633363886343,0.06368264157019134,0.10475794538296475,0.33520539100566954,0.5447212817715991,0.20951589076592952,0.1447453374022474,proportion approximation,CV <= 30% diagnostic reference
36081111300,730305,105941,Census Tract 1113; Queens County; New York,36,081,111300,Queens,833,102,61,43,731,935,18,104,0.07322929171668667,0.030903271686849258,0.05083588192486703,0.02239340979181964,0.1240651736415537,0.10167176384973406,0.42200697237943335,proportion approximation,CV > 30% diagnostic reference
36081140300,374326,0,Census Tract 1403; Queens County; New York,36,081,140300,Queens,790,135,74,45,655,925,29,119,0.09367088607594937,0.03323202860490533,0.054666687055069274,0.03900419902088009,0.14833757313101864,0.10933337411013855,0.3547743594307461,proportion approximation,CV > 30% diagnostic reference
36081005200,130623,0,Census Tract 52; Queens County; New York,36,081,005200,Queens,660,112,209,74,548,772,135,283,0.31666666666666665,0.0598204118491185,0.09840457749179994,0.21826208917486672,0.4150712441584666,0.19680915498359985,0.18890656373405842,proportion approximation,CV <= 30% diagnostic reference
36081019800,207719,0,Census Tract 198; Queens County; New York,36,081,019800,Queens,1008,165,224,119,843,1173,105,343,0.2222222222222222,0.06827460996338414,0.1123117333897669,0.10991048883245531,0.3345339556119891,0.22462346677953382,0.30723574483522864,proportion approximation,CV > 30% diagnostic reference
36081071900,165953,0,Census Tract 719; Queens County; New York,36,081,071900,Queens,1081,138,525,152,943,1219,373,677,0.4856614246068455,0.07671965797798355,0.12620383737378293,0.3594575872330626,0.6118652619806284,0.2524076747475658,0.1579694290937147,proportion approximation,CV <= 30% diagnostic reference
36081026400,254449,0,Census Tract 264; Queens County; New York,36,081,026400,Queens,845,115,275,82,730,960,193,357,0.3254437869822485,0.05248890683276837,0.08634425173990397,0.23909953524234456,0.41178803872215247,0.1726885034798079,0.16128409554068826,proportion approximation,CV <= 30% diagnostic reference
36081014100,171071,0,Census Tract 141; Queens County; New York,36,081,014100,Queens,807,168,473,90,639,975,383,563,0.5861214374225526,0.10048982268210693,0.1653057583120659,0.42081567911048673,0.7514271957346186,0.33061151662413185,0.17144880952317187,alternative ratio approximation,CV <= 30% diagnostic reference
36081001400,213714,0,Census Tract 14; Queens County; New York,36,081,001400,Queens,1217,294,246,109,923,1511,137,355,0.20213640098603122,0.04564241031414371,0.07508176496676641,0.1270546360192648,0.27721816595279763,0.15016352993353282,0.2258000542776947,proportion approximation,CV <= 30% diagnostic reference
36081052600,182575,0,Census Tract 526; Queens County; New York,36,081,052600,Queens,754,193,209,107,561,947,102,316,0.27718832891246686,0.07471096368498041,0.12289953526179279,0.15428879365067408,0.4000878641742597,0.2457990705235856,0.2695314192271542,proportion approximation,CV <= 30% diagnostic reference
36081009700,201805,0,Census Tract 97; Queens County; New York,36,081,009700,Queens,1519,219,478,156,1300,1738,322,634,0.3146807109940751,0.05600890684614201,0.09213465176190361,0.22254605923217147,0.4068153627559787,0.18426930352380722,0.17798646338763535,proportion approximation,CV <= 30% diagnostic reference
36081115900,308991,0,Census Tract 1159; Queens County; New York,36,081,115900,Queens,1635,275,776,216,1360,1910,560,992,0.4746177370030581,0.0639901288137632,0.10526376189864048,0.3693539751044176,0.5798814989016986,0.210527523797281,0.13482456264240056,proportion approximation,CV <= 30% diagnostic reference
36081026700,209798,0,Census Tract 267; Queens County; New York,36,081,026700,Queens,2474,430,1780,486,2044,2904,1294,2266,0.719482619240097,0.09209669425523567,0.1514990620498627,0.5679835571902343,0.8709816812899598,0.3029981240997255,0.12800405707160284,proportion approximation,CV <= 30% diagnostic reference
36081010400,186476,0,Census Tract 104; Queens County; New York,36,081,010400,Queens,1102,261,390,256,841,1363,134,646,0.35390199637023595,0.13170596775525137,0.21665631695738852,0.13724567941284743,0.5705583133276244,0.433312633914777,0.3721537858109923,proportion approximation,CV > 30% diagnostic reference
36081012601,150189,0,Census Tract 126.01; Queens County; New York,36,081,012601,Queens,772,133,183,87,639,905,96,270,0.23704663212435234,0.06385072742411517,0.10503444661266945,0.1320121855116829,0.34208107873702176,0.21006889322533887,0.2693593528492727,proportion approximation,CV <= 30% diagnostic reference
36081036100,157376,0,Census Tract 361; Queens County; New York,36,081,036100,Queens,768,118,234,85,650,886,149,319,0.3046875,0.06096591486402728,0.10028892995132488,0.20439857004867512,0.4049764299513249,0.20057785990264976,0.20009325904091005,proportion approximation,CV <= 30% diagnostic reference
36081040000,196301,0,Census Tract 400; Queens County; New York,36,081,040000,Queens,467,104,76,47,363,571,29,123,0.16274089935760172,0.05707621941594695,0.09389038093923273,0.06885051841836899,0.25663128029683446,0.18778076187846549,0.35071834825325293,proportion approximation,CV > 30% diagnostic reference
36081045200,217897,0,Census Tract 452; Queens County; New York,36,081,045200,Queens,174,75,33,31,99,249,2,64,0.1896551724137931,0.0962304288655383,0.1582990554838105,0.03135611692998258,0.3479542278976036,0.316598110967621,0.5073968067455656,proportion approximation,CV > 30% diagnostic reference
36081048000,230256,0,Census Tract 480; Queens County; New York,36,081,048000,Queens,745,139,172,56,606,884,116,228,0.23087248322147652,0.03744746988222845,0.0616010879562658,0.16927139526521073,0.2924735711777423,0.12320217591253158,0.16219979687360578,proportion approximation,CV <= 30% diagnostic reference
36081051200,375791,0,Census Tract 512; Queens County; New York,36,081,051200,Queens,742,93,181,85,649,835,96,266,0.24393530997304583,0.06711238207319538,0.1103998685104064,0.13353544146263943,0.3543351784834522,0.22079973702081276,0.2751236878359722,proportion approximation,CV <= 30% diagnostic reference
36081053200,189801,0,Census Tract 532; Queens County; New York,36,081,053200,Queens,620,66,131,58,554,686,73,189,0.21129032258064517,0.05520011865675663,0.09080419519036466,0.12048612739028051,0.3020945177710098,0.1816083903807293,0.2612524699785428,proportion approximation,CV <= 30% diagnostic reference
36081059000,158601,0,Census Tract 590; Queens County; New York,36,081,059000,Queens,391,55,32,37,336,446,0,69,0.08184143222506395,0.057098042031981745,0.09392627914260997,0.0,0.1757677113676739,0.1757677113676739,0.6976667010782769,proportion approximation,CV > 30% diagnostic reference
36081060300,181368,0,Census Tract 603; Queens County; New York,36,081,060300,Queens,762,122,247,87,640,884,160,334,0.3241469816272966,0.06182155796823391,0.10169646285774478,0.22245051876955182,0.4258434444850414,0.2033929257154896,0.19072075778054345,proportion approximation,CV <= 30% diagnostic reference
36081063200,296788,0,Census Tract 632; Queens County; New York,36,081,063200,Queens,720,109,145,88,611,829,57,233,0.2013888888888889,0.0719504982797393,0.11835856967017117,0.08303031921871773,0.31974745855906006,0.23671713934034233,0.3572714397338779,proportion approximation,CV > 30% diagnostic reference
36081066701,252633,0,Census Tract 667.01; Queens County; New York,36,081,066701,Queens,867,140,233,142,727,1007,91,375,0.2687427912341407,0.0960058096762763,0.1579295569174745,0.11081323431666618,0.4266723481516152,0.315859113834949,0.3572405021001354,proportion approximation,CV > 30% diagnostic reference
36081070300,241047,0,Census Tract 703; Queens County; New York,36,081,070300,Queens,917,154,224,95,763,1071,129,319,0.24427480916030533,0.05782999454505497,0.09513034102661543,0.14914446813368992,0.33940515018692075,0.19026068205323082,0.2367415401688188,proportion approximation,CV <= 30% diagnostic reference
36081076901,181026,0,Census Tract 769.01; Queens County; New York,36,081,076901,Queens,2454,361,1240,341,2093,2815,899,1581,0.5052974735126324,0.07137007740558264,0.11740377733218343,0.387893696180449,0.6227012508448159,0.23480755466436687,0.14124368544620952,proportion approximation,CV <= 30% diagnostic reference
36081085300,195226,0,Census Tract 853; Queens County; New York,36,081,085300,Queens,2514,531,1317,553,1983,3045,764,1870,0.5238663484486874,0.11556976230663607,0.19011225899441633,0.3337540894542711,0.7139786074431037,0.3802245179888326,0.22060925014341917,proportion approximation,CV <= 30% diagnostic reference
36081097202,576641,1132095,Census Tract 972.02; Queens County; New York,36,081,097202,Queens,1300,112,1011,145,1188,1412,866,1156,0.7776923076923077,0.05420798534994161,0.08917213590065395,0.6885201717916537,0.8668644435929617,0.17834427180130796,0.06970364090496943,proportion approximation,CV <= 30% diagnostic reference
36081041300,158802,0,Census Tract 413; Queens County; New York,36,081,041300,Queens,1059,124,544,144,935,1183,400,688,0.5136921624173749,0.07413405585642169,0.12195052188381368,0.39174164053356125,0.6356426843011886,0.2439010437676274,0.14431611241167383,proportion approximation,CV <= 30% diagnostic reference
36081065501,812085,0,Census Tract 655.01; Queens County; New York,36,081,065501,Queens,0,14,0,14,0,14,0,14,,,,,,,,not calculated,CV unavailable
36081077904,385726,0,Census Tract 779.04; Queens County; New York,36,081,077904,Queens,2081,308,485,184,1773,2389,301,669,0.23306102835175396,0.04949113385447106,0.0814129151906049,0.15164811316114907,0.31447394354235886,0.1628258303812098,0.21235267948691605,proportion approximation,CV <= 30% diagnostic reference
36081114700,308438,0,Census Tract 1147; Queens County; New York,36,081,114700,Queens,617,108,30,24,509,725,6,54,0.04862236628849271,0.023073179821491346,0.037955380806353266,0.010666985482139443,0.08657774709484597,0.07591076161270653,0.474538398328672,proportion approximation,CV > 30% diagnostic reference
36081001600,151499,0,Census Tract 16; Queens County; New York,36,081,001600,Queens,760,95,289,70,665,855,219,359,0.38026315789473686,0.04795887742496673,0.07889235336407027,0.30137080453066656,0.45915551125880716,0.1577847067281406,0.12612023129056996,proportion approximation,CV <= 30% diagnostic reference
36081014201,210913,0,Census Tract 142.01; Queens County; New York,36,081,014201,Queens,1521,363,658,173,1158,1884,485,831,0.43261012491781725,0.029009303540832282,0.0477203043246691,0.38488982059314814,0.48033042924248637,0.09544060864933823,0.0670564600085196,proportion approximation,CV <= 30% diagnostic reference
36081113300,253829,0,Census Tract 1133; Queens County; New York,36,081,113300,Queens,655,144,78,46,511,799,32,124,0.11908396946564885,0.039615047882865205,0.06516675376731326,0.05391721569833559,0.1842507232329621,0.13033350753462652,0.33266482517021423,proportion approximation,CV > 30% diagnostic reference
36081115700,314622,0,Census Tract 1157; Queens County; New York,36,081,115700,Queens,1185,169,327,132,1016,1354,195,459,0.2759493670886076,0.06334879502021333,0.10420876780825093,0.17174059928035668,0.38015813489685857,0.2084175356165019,0.22956673424756205,proportion approximation,CV <= 30% diagnostic reference
36081118500,155081,0,Census Tract 1185; Queens County; New York,36,081,118500,Queens,725,101,256,104,624,826,152,360,0.35310344827586204,0.08191510676220858,0.13475035062383312,0.21835309765202893,0.48785379889969516,0.26950070124766623,0.23198614219766103,proportion approximation,CV <= 30% diagnostic reference
36081118700,187235,0,Census Tract 1187; Queens County; New York,36,081,118700,Queens,904,172,304,120,732,1076,184,424,0.336283185840708,0.07070242116643444,0.11630548281878465,0.21997770302192332,0.45258866865949265,0.23261096563756933,0.21024667346860765,proportion approximation,CV <= 30% diagnostic reference
36081121100,979720,46201,Census Tract 1211; Queens County; New York,36,081,121100,Queens,0,14,0,14,0,14,0,14,,,,,,,,not calculated,CV unavailable
36081137700,749685,0,Census Tract 1377; Queens County; New York,36,081,137700,Queens,2543,278,278,144,2265,2821,134,422,0.10931970114038538,0.033647764994896995,0.055350573416605556,0.05396912772377982,0.16467027455699093,0.11070114683321111,0.30779232511519083,proportion approximation,CV > 30% diagnostic reference
36081145900,372382,0,Census Tract 1459; Queens County; New York,36,081,145900,Queens,960,141,71,36,819,1101,35,107,0.07395833333333333,0.02181899403798092,0.03589224519247861,0.03806608814085472,0.10985057852581195,0.07178449038495724,0.29501738417551665,proportion approximation,CV <= 30% diagnostic reference
36081157102,320043,0,Census Tract 1571.02; Queens County; New York,36,081,157102,Queens,612,113,73,42,499,725,31,115,0.119281045751634,0.03951211314017916,0.06499742611559473,0.05428361963603927,0.18427847186722873,0.12999485223118945,0.33125223618889926,proportion approximation,CV > 30% diagnostic reference
36081000400,224878,0,Census Tract 4; Queens County; New York,36,081,000400,Queens,1113,188,296,123,925,1301,173,419,0.265947888589398,0.061379946372493624,0.10097001178275201,0.164977876806646,0.36691790037215,0.201940023565504,0.2307968929479237,proportion approximation,CV <= 30% diagnostic reference
36081000600,214286,0,Census Tract 6; Queens County; New York,36,081,000600,Queens,986,153,352,103,833,1139,249,455,0.35699797160243407,0.0538385842450068,0.0885644710830362,0.26843350051939785,0.4455624426854703,0.17712894216607245,0.15080921609538836,proportion approximation,CV <= 30% diagnostic reference
36081000800,189824,0,Census Tract 8; Queens County; New York,36,081,000800,Queens,1071,121,316,144,950,1192,172,460,0.2950513538748833,0.07918299542633975,0.1302560274763289,0.1647953263985544,0.42530738135121215,0.2605120549526577,0.26837021551142365,proportion approximation,CV <= 30% diagnostic reference
36081001000,161256,0,Census Tract 10; Queens County; New York,36,081,001000,Queens,1139,223,382,86,916,1362,296,468,0.3353819139596137,0.02265894532495654,0.03727396505955351,0.2981079489000602,0.3726558790191672,0.07454793011910699,0.06756161969928141,proportion approximation,CV <= 30% diagnostic reference
36081001200,227157,0,Census Tract 12; Queens County; New York,36,081,001200,Queens,1250,190,466,183,1060,1440,283,649,0.3728,0.08206004649481637,0.13498877648397292,0.2378112235160271,0.5077887764839729,0.2699775529679458,0.22011815046892802,proportion approximation,CV <= 30% diagnostic reference
36081001800,177489,0,Census Tract 18; Queens County; New York,36,081,001800,Queens,887,173,270,103,714,1060,167,373,0.3043968432919955,0.06066716324148122,0.09979748353223661,0.2045993597597589,0.4041943268242321,0.19959496706447322,0.19930286590812532,proportion approximation,CV <= 30% diagnostic reference
36081002200,147490,0,Census Tract 22; Queens County; New York,36,081,002200,Queens,662,102,220,79,560,764,141,299,0.3323262839879154,0.06552683800939639,0.10779164852545706,0.22453463546245836,0.4401179325133725,0.21558329705091414,0.19717621255554732,proportion approximation,CV <= 30% diagnostic reference
36081002400,141901,0,Census Tract 24; Queens County; New York,36,081,002400,Queens,688,92,130,44,596,780,86,174,0.18895348837209303,0.03571461193574376,0.05875053663429849,0.13020295173779453,0.24770402500639152,0.11750107326859699,0.18901271547532084,proportion approximation,CV <= 30% diagnostic reference
36081002500,210427,0,Census Tract 25; Queens County; New York,36,081,002500,Queens,3363,530,2965,548,2833,3893,2417,3513,0.8816532857567648,0.05174876973672727,0.08512672621691636,0.7965265595398485,0.9667800119736811,0.1702534524338326,0.058695147596834335,proportion approximation,CV <= 30% diagnostic reference
36081002600,148030,0,Census Tract 26; Queens County; New York,36,081,002600,Queens,676,194,126,56,482,870,70,182,0.1863905325443787,0.03845311276530662,0.06325537049892939,0.12313516204544932,0.24964590304330808,0.12651074099785875,0.20630400182021646,proportion approximation,CV <= 30% diagnostic reference
36081002800,225043,0,Census Tract 28; Queens County; New York,36,081,002800,Queens,1108,251,570,255,857,1359,315,825,0.5144404332129964,0.12064265580472362,0.19845716879877037,0.315983264414226,0.7128976020117668,0.3969143375975408,0.23451239058181364,proportion approximation,CV <= 30% diagnostic reference
36081003000,112790,0,Census Tract 30; Queens County; New York,36,081,003000,Queens,439,97,59,44,342,536,15,103,0.13439635535307518,0.05819306150127856,0.09572758616960322,0.03866876918347195,0.2301239415226784,0.19145517233920645,0.4329958304925642,proportion approximation,CV > 30% diagnostic reference
36081003100,164962,0,Census Tract 31; Queens County; New York,36,081,003100,Queens,885,110,580,122,775,995,458,702,0.655367231638418,0.06760594904896695,0.11121178618555064,0.5441554454528674,0.7665790178239686,0.22242357237110122,0.10315735329023407,proportion approximation,CV <= 30% diagnostic reference
36081003200,161964,0,Census Tract 32; Queens County; New York,36,081,003200,Queens,565,106,168,72,459,671,96,240,0.2973451327433628,0.06965024664736776,0.11457465573491996,0.18277047700844287,0.4119197884782828,0.22914931146983994,0.23424041283192132,proportion approximation,CV <= 30% diagnostic reference
36081056400,187244,0,Census Tract 564; Queens County; New York,36,081,056400,Queens,514,138,113,56,376,652,57,169,0.2198443579766537,0.05566908977944386,0.09157565268718515,0.12826870528946854,0.31142001066383884,0.1831513053743703,0.25322046147463845,proportion approximation,CV <= 30% diagnostic reference
36081052000,172214,0,Census Tract 520; Queens County; New York,36,081,052000,Queens,511,63,72,40,448,574,32,112,0.14090019569471623,0.04639881871516215,0.07632605678644175,0.06457413890827449,0.21722625248115798,0.1526521135728835,0.3293027272701092,proportion approximation,CV > 30% diagnostic reference
36081027600,158733,0,Census Tract 276; Queens County; New York,36,081,027600,Queens,385,78,68,35,307,463,33,103,0.17662337662337663,0.050802662645161575,0.08357038005129079,0.09305299657208584,0.26019375667466743,0.1671407601025816,0.2876327223292236,proportion approximation,CV <= 30% diagnostic reference
36081046000,221268,0,Census Tract 460; Queens County; New York,36,081,046000,Queens,1871,198,1187,187,1673,2069,1000,1374,0.6344200962052379,0.04500863453910713,0.07403920381683124,0.5603808923884066,0.7084593000220691,0.14807840763366253,0.07094452840999953,proportion approximation,CV <= 30% diagnostic reference
36081010800,157581,0,Census Tract 108; Queens County; New York,36,081,010800,Queens,792,170,230,98,622,962,132,328,0.2904040404040404,0.06497847600007241,0.1068895930201191,0.18351444738392128,0.39729363342415946,0.21377918604023818,0.22375196953068413,proportion approximation,CV <= 30% diagnostic reference
36081092500,312425,0,Census Tract 925; Queens County; New York,36,081,092500,Queens,1186,167,316,138,1019,1353,178,454,0.26644182124789206,0.06695629637243829,0.11014310753266097,0.15629871371523107,0.37658492878055305,0.22028621506532198,0.2512979984104804,proportion approximation,CV <= 30% diagnostic reference
36081066900,160094,0,Census Tract 669; Queens County; New York,36,081,066900,Queens,639,88,109,81,551,727,28,190,0.1705790297339593,0.07572330422221665,0.1245648354455464,0.0460141942884129,0.2951438651795057,0.24912967089109278,0.44391918713758205,proportion approximation,CV > 30% diagnostic reference
36081023200,330471,0,Census Tract 232; Queens County; New York,36,081,023200,Queens,1903,349,903,330,1554,2252,573,1233,0.4745139253809774,0.09118158422486189,0.1499937060498978,0.3245202193310796,0.6245076314308753,0.2999874120997957,0.19215786797332465,proportion approximation,CV <= 30% diagnostic reference
36081085900,146217,0,Census Tract 859; Queens County; New York,36,081,085900,Queens,2389,423,1728,475,1966,2812,1253,2203,0.7233151946421097,0.09245379499813502,0.15208649277193212,0.5712287018701776,0.8754016874140418,0.3041729855438642,0.12781951171906514,proportion approximation,CV <= 30% diagnostic reference
36081005100,137123,0,Census Tract 51; Queens County; New York,36,081,005100,Queens,854,121,593,108,733,975,485,701,0.6943793911007026,0.04830307637576128,0.0794585606381273,0.6149208304625753,0.7738379517388299,0.15891712127625457,0.06956294641635773,proportion approximation,CV <= 30% diagnostic reference
36081124700,483460,0,Census Tract 1247; Queens County; New York,36,081,124700,Queens,1320,384,164,97,936,1704,67,261,0.12424242424242424,0.03889479511900478,0.06398193797076286,0.060260486271661376,0.1882243622131871,0.12796387594152575,0.3130556680310141,proportion approximation,CV > 30% diagnostic reference
36081015300,121629,0,Census Tract 153; Queens County; New York,36,081,015300,Queens,944,123,580,139,821,1067,441,719,0.614406779661017,0.0751257905362543,0.12358192543213833,0.49082485422887867,0.7379887050931553,0.2471638508642766,0.122273700459007,proportion approximation,CV <= 30% diagnostic reference
36081015100,133442,0,Census Tract 151; Queens County; New York,36,081,015100,Queens,1228,158,687,140,1070,1386,547,827,0.5594462540716613,0.05374437715292187,0.08840950041655649,0.4710367536551048,0.6478557544882177,0.17681900083311297,0.09606709627916747,proportion approximation,CV <= 30% diagnostic reference
36081011400,119157,0,Census Tract 114; Queens County; New York,36,081,011400,Queens,375,85,96,64,290,460,32,160,0.256,0.0975679479327332,0.1604992743493461,0.0955007256506539,0.4164992743493461,0.32099854869869215,0.381124796612239,proportion approximation,CV > 30% diagnostic reference
36081042600,521709,0,Census Tract 426; Queens County; New York,36,081,042600,Queens,0,14,0,14,0,14,0,14,,,,,,,,not calculated,CV unavailable
36081038400,297518,0,Census Tract 384; Queens County; New York,36,081,038400,Queens,879,120,164,64,759,999,100,228,0.18657565415244595,0.04146467924484762,0.06820939735777433,0.11836625679467162,0.2547850515102203,0.13641879471554869,0.22224056741598205,proportion approximation,CV <= 30% diagnostic reference
36081061601,380206,0,Census Tract 616.01; Queens County; New York,36,081,061601,Queens,760,113,141,78,647,873,63,219,0.18552631578947368,0.060094246191015256,0.0988550349842201,0.08667128080525358,0.28438135077369375,0.19771006996844018,0.3239122489728482,proportion approximation,CV > 30% diagnostic reference
36081005500,165967,0,Census Tract 55; Queens County; New York,36,081,005500,Queens,580,74,330,75,506,654,255,405,0.5689655172413793,0.06505282100119508,0.10701189054696592,0.4619536266944134,0.6759774077883453,0.21402378109393183,0.1143352611536156,proportion approximation,CV <= 30% diagnostic reference
36081028300,177715,0,Census Tract 283; Queens County; New York,36,081,028300,Queens,3318,328,2277,389,2990,3646,1888,2666,0.6862567811934901,0.05812651609962311,0.09561811898388002,0.59063866220961,0.7818749001773702,0.19123623796776013,0.08470082583159837,proportion approximation,CV <= 30% diagnostic reference
36081054900,164280,0,Census Tract 549; Queens County; New York,36,081,054900,Queens,1555,149,865,156,1406,1704,709,1021,0.5562700964630225,0.05166577449494139,0.0849901990441786,0.4712798974188439,0.6412602955072011,0.1699803980883572,0.09287893565275591,proportion approximation,CV <= 30% diagnostic reference
36081024700,97621,0,Census Tract 247; Queens County; New York,36,081,024700,Queens,480,35,269,70,445,515,199,339,0.5604166666666667,0.08510099393447675,0.13999113502221425,0.4204255316444524,0.700407801688881,0.27998227004442855,0.15185307467862022,proportion approximation,CV <= 30% diagnostic reference
36081016100,107688,0,Census Tract 161; Queens County; New York,36,081,016100,Queens,781,101,393,98,680,882,295,491,0.5032010243277849,0.06522022572293289,0.10728727131422461,0.3959137530135603,0.6104882956420095,0.21457454262844916,0.12961067758170633,proportion approximation,CV <= 30% diagnostic reference
36081017800,188705,0,Census Tract 178; Queens County; New York,36,081,017800,Queens,581,142,210,143,439,723,67,353,0.3614457831325301,0.13965207273866118,0.22972765965509764,0.13171812347743247,0.5911734427876277,0.45945531931019523,0.3863707345769626,proportion approximation,CV > 30% diagnostic reference
36081004002,130914,0,Census Tract 40.02; Queens County; New York,36,081,004002,Queens,545,226,168,55,319,771,113,223,0.30825688073394497,0.09900462543806676,0.16286260884561982,0.14539427188832516,0.4711194895795648,0.32572521769123963,0.3211757194270618,alternative ratio approximation,CV > 30% diagnostic reference
36081052500,202105,0,Census Tract 525; Queens County; New York,36,081,052500,Queens,826,74,105,56,752,900,49,161,0.1271186440677966,0.04062812668286329,0.06683326839331011,0.0602853756744865,0.1939519124611067,0.13366653678662022,0.3196079299051912,proportion approximation,CV > 30% diagnostic reference
36081045700,150517,0,Census Tract 457; Queens County; New York,36,081,045700,Queens,1173,205,730,195,968,1378,535,925,0.6223358908780904,0.07642792852995667,0.12572394243177873,0.4966119484463116,0.7480598333098691,0.2514478848635575,0.12280816461046462,proportion approximation,CV <= 30% diagnostic reference
36081062500,198779,0,Census Tract 625; Queens County; New York,36,081,062500,Queens,959,122,341,93,837,1081,248,434,0.3555787278415016,0.05214558329633096,0.08577948452246444,0.26979924331903715,0.441358212363966,0.17155896904492884,0.14664989554598648,proportion approximation,CV <= 30% diagnostic reference
36081012800,159250,0,Census Tract 128; Queens County; New York,36,081,012800,Queens,678,90,157,61,588,768,96,218,0.23156342182890854,0.051402248479311775,0.08455669874846787,0.14700672308044066,0.31612012057737643,0.16911339749693577,0.2219791367450534,proportion approximation,CV <= 30% diagnostic reference
36081000200,156595,0,Census Tract 2; Queens County; New York,36,081,000200,Queens,854,172,322,99,682,1026,223,421,0.3770491803278688,0.053245440733760654,0.08758875000703628,0.2894604303208326,0.4646379303349051,0.1751775000140725,0.14121616890258262,proportion approximation,CV <= 30% diagnostic reference
36081005900,190208,0,Census Tract 59; Queens County; New York,36,081,005900,Queens,1847,161,1327,187,1686,2008,1140,1514,0.7184623714131023,0.048359557786479095,0.07955147255875811,0.6389108988543442,0.7980138439718605,0.15910294511751633,0.06730979896882207,proportion approximation,CV <= 30% diagnostic reference
36081014300,136506,0,Census Tract 143; Queens County; New York,36,081,014300,Queens,1765,139,1120,155,1626,1904,965,1275,0.6345609065155807,0.043898537619182436,0.07221309438355511,0.5623478121320256,0.7067740008991359,0.14442618876711033,0.06917939187308661,proportion approximation,CV <= 30% diagnostic reference
36081056000,213441,0,Census Tract 560; Queens County; New York,36,081,056000,Queens,450,55,44,32,395,505,12,76,0.09777777777777778,0.042613820768069896,0.07009973516347498,0.027678042614302803,0.16787751294125275,0.14019947032694996,0.43582316694616935,proportion approximation,CV > 30% diagnostic reference
36081058300,143113,0,Census Tract 583; Queens County; New York,36,081,058300,Queens,1397,170,575,169,1227,1567,406,744,0.41159627773801,0.06694081835060402,0.1101176461867436,0.3014786315512664,0.5217139239247536,0.22023529237348716,0.1626370838883371,proportion approximation,CV <= 30% diagnostic reference
36081072100,170327,0,Census Tract 721; Queens County; New York,36,081,072100,Queens,2132,350,887,393,1782,2482,494,1280,0.4160412757973734,0.10408138519870712,0.1712138786518732,0.24482739714550017,0.5872551544492466,0.3424277573037464,0.2501708153817853,proportion approximation,CV <= 30% diagnostic reference
36081007300,141560,0,Census Tract 73; Queens County; New York,36,081,007300,Queens,2076,264,1526,309,1812,2340,1217,1835,0.7350674373795761,0.07041342017731504,0.11583007619168326,0.6192373611878929,0.8508975135712594,0.23166015238336657,0.09579178262654392,proportion approximation,CV <= 30% diagnostic reference
36081004401,262558,0,Census Tract 44.01; Queens County; New York,36,081,004401,Queens,1133,203,406,125,930,1336,281,531,0.35834068843777583,0.05454142690527042,0.08972064725916984,0.268620041178606,0.4480613356969457,0.17944129451833968,0.15220550907308222,proportion approximation,CV <= 30% diagnostic reference
36081033401,560656,0,Census Tract 334.01; Queens County; New York,36,081,033401,Queens,1531,158,535,137,1373,1689,398,672,0.34944480731548005,0.049784428223016486,0.08189538442686212,0.26754942288861794,0.43134019174234217,0.16379076885372423,0.14246721422324907,proportion approximation,CV <= 30% diagnostic reference
36081061200,262496,0,Census Tract 612; Queens County; New York,36,081,061200,Queens,510,102,27,24,408,612,3,51,0.052941176470588235,0.02787366389401763,0.045852177105659,0.007088999364929231,0.09879335357624724,0.091704354211318,0.526502540220333,proportion approximation,CV > 30% diagnostic reference
36081028500,158104,0,Census Tract 285; Queens County; New York,36,081,028500,Queens,2195,227,1356,231,1968,2422,1125,1587,0.6177676537585421,0.05083775761444514,0.08362811127576225,0.53413954248278,0.7013957650343043,0.1672562225515244,0.08229268286409076,proportion approximation,CV <= 30% diagnostic reference
36081133900,226211,0,Census Tract 1339; Queens County; New York,36,081,133900,Queens,483,69,39,31,414,552,8,70,0.08074534161490683,0.03838123197414144,0.06313712659746268,0.017608215017444154,0.1438824682123695,0.12627425319492536,0.47533679598744405,proportion approximation,CV > 30% diagnostic reference
36081023800,156689,0,Census Tract 238; Queens County; New York,36,081,023800,Queens,1517,209,941,189,1308,1726,752,1130,0.6203032300593276,0.05511065375711476,0.09065702543045379,0.5296462046288739,0.7109602554897814,0.18131405086090746,0.08884469898995015,proportion approximation,CV <= 30% diagnostic reference
36081074100,171985,0,Census Tract 741; Queens County; New York,36,081,074100,Queens,1620,163,799,196,1457,1783,603,995,0.49320987654320986,0.06707712491456613,0.1103418704844613,0.38286800605874854,0.6035517470276711,0.22068374096892257,0.13600117942627926,proportion approximation,CV <= 30% diagnostic reference
36081118900,202351,0,Census Tract 1189; Queens County; New York,36,081,118900,Queens,924,354,332,343,570,1278,0,675,0.3593073593073593,0.2095713867501617,0.344744931204016,0.014562428103343295,0.7040522905113753,0.689489862408032,0.5832649438468356,proportion approximation,CV > 30% diagnostic reference
36081013000,187692,0,Census Tract 130; Queens County; New York,36,081,013000,Queens,700,198,240,198,502,898,42,438,0.34285714285714286,0.1615273434704632,0.265712480008912,0.07714466284823085,0.6085696228660549,0.531424960017824,0.4711214184555177,proportion approximation,CV > 30% diagnostic reference
36081099701,975065,0,Census Tract 997.01; Queens County; New York,36,081,099701,Queens,1138,125,123,85,1013,1263,38,208,0.10808435852372583,0.04482849820047062,0.07374287953977417,0.034341478983951665,0.18182723806349999,0.1474857590795483,0.41475472318809403,proportion approximation,CV > 30% diagnostic reference
36081011900,111475,0,Census Tract 119; Queens County; New York,36,081,011900,Queens,713,83,323,73,630,796,250,396,0.453015427769986,0.053348546625542684,0.08775835919901771,0.3652570685709683,0.5407737869690037,0.1755167183980354,0.11776320044585738,proportion approximation,CV <= 30% diagnostic reference
36081035100,139241,0,Census Tract 351; Queens County; New York,36,081,035100,Queens,1450,167,595,208,1283,1617,387,803,0.4103448275862069,0.08233405124892246,0.13543951430447745,0.2749053132817294,0.5457843418906844,0.27087902860895496,0.20064600724527323,proportion approximation,CV <= 30% diagnostic reference
36081050400,216302,0,Census Tract 504; Queens County; New York,36,081,050400,Queens,545,97,114,50,448,642,64,164,0.20917431192660552,0.05097251708566233,0.08384979060591453,0.125324521320691,0.29302410253252004,0.16769958121182904,0.24368440185689447,proportion approximation,CV <= 30% diagnostic reference
36081043200,238369,0,Census Tract 432; Queens County; New York,36,081,043200,Queens,363,57,46,36,306,420,10,82,0.12672176308539945,0.05906188860841108,0.09715680676083623,0.029564956324563227,0.22387856984623566,0.19431361352167242,0.4660753383663744,proportion approximation,CV > 30% diagnostic reference
36081055600,226903,0,Census Tract 556; Queens County; New York,36,081,055600,Queens,669,109,72,52,560,778,20,124,0.10762331838565023,0.04603295819302021,0.07572421622751825,0.03189910215813198,0.1833475346131685,0.15144843245503653,0.4277229032101461,proportion approximation,CV > 30% diagnostic reference
36081025900,187189,0,Census Tract 259; Queens County; New York,36,081,025900,Queens,1377,200,733,190,1177,1577,543,923,0.5323166303558461,0.06947430894571621,0.11428523821570316,0.41803139214014295,0.6466018685715492,0.22857047643140627,0.13051312881071106,proportion approximation,CV <= 30% diagnostic reference
36081091900,450775,327380,Census Tract 919; Queens County; New York,36,081,091900,Queens,1823,340,616,167,1483,2163,449,783,0.337904552934723,0.04041626059199499,0.06648474867383176,0.27141980426089124,0.40438930160855474,0.1329694973476635,0.1196085114597514,proportion approximation,CV <= 30% diagnostic reference
36081036300,134893,0,Census Tract 363; Queens County; New York,36,081,036300,Queens,644,71,259,94,573,715,165,353,0.40217391304347827,0.08453819909656878,0.13906533751385564,0.26310857552962263,0.5412392505573339,0.27813067502771127,0.21020308964552237,proportion approximation,CV <= 30% diagnostic reference
36081037700,146818,0,Census Tract 377; Queens County; New York,36,081,037700,Queens,857,121,302,141,736,978,161,443,0.352392065344224,0.09533376658171137,0.15682404602691521,0.1955680193173088,0.5092161113711392,0.3136480920538304,0.27053323827988957,proportion approximation,CV <= 30% diagnostic reference
36081068300,244391,0,Census Tract 683; Queens County; New York,36,081,068300,Queens,1571,186,965,167,1385,1757,798,1132,0.614258434118396,0.047131199328437574,0.07753082289527981,0.5367276112231162,0.6917892570136758,0.1550616457905596,0.07672861569427505,proportion approximation,CV <= 30% diagnostic reference
36061025700,144062,0,Census Tract 257; New York County; New York,36,061,025700,Manhattan,2260,228,1595,188,2032,2488,1407,1783,0.7057522123893806,0.026150244049584374,0.043017151461566296,0.6627350609278143,0.7487693638509468,0.08603430292313252,0.03705301037746751,proportion approximation,CV <= 30% diagnostic reference
36061024200,347358,135919,Census Tract 242; New York County; New York,36,061,024200,Manhattan,2037,198,1591,238,1839,2235,1353,1829,0.7810505645557192,0.053988685294515754,0.08881138730947842,0.6922391772462407,0.8698619518651977,0.17762277461895692,0.06912316275608334,proportion approximation,CV <= 30% diagnostic reference
36061008603,116889,153941,Census Tract 86.03; New York County; New York,36,061,008603,Manhattan,2710,352,1549,360,2358,3062,1189,1909,0.5715867158671587,0.0669653794849399,0.11015804925272613,0.4614286666144326,0.6817447651198848,0.2203160985054522,0.11715699057726735,proportion approximation,CV <= 30% diagnostic reference
36047000502,96799,0,Census Tract 5.02; Kings County; New York,36,047,000502,Brooklyn,1498,126,964,168,1372,1624,796,1132,0.6435246995994659,0.059709699186477956,0.09822245516175623,0.5453022444377097,0.7417471547612221,0.1964449103235124,0.092785403922556,proportion approximation,CV <= 30% diagnostic reference
36047035602,170769,0,Census Tract 356.02; Kings County; New York,36,047,035602,Brooklyn,3207,282,1424,236,2925,3489,1188,1660,0.44402868724664796,0.037919013149948756,0.0623767766316657,0.38165191061498227,0.5064054638783136,0.12475355326333137,0.08539766514879611,proportion approximation,CV <= 30% diagnostic reference
36047037401,225522,0,Census Tract 374.01; Kings County; New York,36,047,037401,Brooklyn,1819,214,865,195,1605,2033,670,1060,0.4755360087960418,0.055590130790895566,0.0914457651510232,0.3840902436450186,0.5669817739470651,0.18289153030204647,0.11689993977877344,proportion approximation,CV <= 30% diagnostic reference
36047037402,301498,0,Census Tract 374.02; Kings County; New York,36,047,037402,Brooklyn,2276,154,871,245,2122,2430,626,1116,0.38268892794376097,0.06351626479754613,0.1044842555919634,0.2782046723517976,0.48717318353572436,0.2089685111839268,0.16597361501632032,proportion approximation,CV <= 30% diagnostic reference
36047050803,56085,0,Census Tract 508.03; Kings County; New York,36,047,050803,Brooklyn,1087,166,854,143,921,1253,711,997,0.7856485740570377,0.03280186136290993,0.05395906194198684,0.7316895121150508,0.8396076359990245,0.1079181238839737,0.041751315341315105,proportion approximation,CV <= 30% diagnostic reference
36047050804,103103,0,Census Tract 508.04; Kings County; New York,36,047,050804,Brooklyn,2715,325,1809,328,2390,3040,1481,2137,0.6662983425414365,0.05516046137842277,0.09073895896750546,0.575559383573931,0.757037301508942,0.181477917935011,0.08278643042698608,proportion approximation,CV <= 30% diagnostic reference
36047051002,107067,0,Census Tract 510.02; Kings County; New York,36,047,051002,Brooklyn,1679,173,1354,192,1506,1852,1162,1546,0.806432400238237,0.04775955117165124,0.07856446167736629,0.7278679385608707,0.8849968619156033,0.1571289233547326,0.05922325437016428,proportion approximation,CV <= 30% diagnostic reference
36047065200,174713,0,Census Tract 652; Kings County; New York,36,047,065200,Brooklyn,506,79,88,48,427,585,40,136,0.17391304347826086,0.05525391125151057,0.09089268400873489,0.08302035946952598,0.26480572748699577,0.1817853680174698,0.3177099896961858,proportion approximation,CV > 30% diagnostic reference
36047068800,156912,0,Census Tract 688; Kings County; New York,36,047,068800,Brooklyn,630,138,146,106,492,768,40,252,0.23174603174603176,0.09751577211975192,0.1604134451369919,0.07133258660903985,0.39215947688302366,0.3208268902739838,0.42078723585920347,proportion approximation,CV > 30% diagnostic reference
36047069200,182215,0,Census Tract 692; Kings County; New York,36,047,069200,Brooklyn,809,117,226,69,692,926,157,295,0.27935723114956734,0.0456623050281914,0.07511449177137486,0.20424273937819248,0.3544717229209422,0.15022898354274972,0.16345488835312763,proportion approximation,CV <= 30% diagnostic reference
36047069800,500249,120721,Census Tract 698; Kings County; New York,36,047,069800,Brooklyn,393,55,44,36,338,448,8,80,0.11195928753180662,0.05486508022280813,0.09025305696651938,0.02170623056528724,0.20221234449832598,0.18050611393303873,0.4900449210809908,proportion approximation,CV > 30% diagnostic reference
36047065800,153365,0,Census Tract 658; Kings County; New York,36,047,065800,Brooklyn,611,103,102,58,508,714,44,160,0.16693944353518822,0.05511180536499424,0.09065891982541553,0.07628052370977269,0.25759836336060377,0.1813178396508311,0.3301305203726616,proportion approximation,CV > 30% diagnostic reference
36047066000,152314,0,Census Tract 660; Kings County; New York,36,047,066000,Brooklyn,648,114,94,80,534,762,14,174,0.14506172839506173,0.07342876886135911,0.12079032477693574,0.024271403618125992,0.26585205317199745,0.24158064955387146,0.50618981087405,proportion approximation,CV > 30% diagnostic reference
36047066200,231462,0,Census Tract 662; Kings County; New York,36,047,066200,Brooklyn,499,134,122,57,365,633,65,179,0.24448897795591182,0.05682393725329468,0.09347537678166976,0.15101360117424206,0.3379643547375816,0.1869507535633395,0.232419218765525,proportion approximation,CV <= 30% diagnostic reference
36047066600,4046958,5809817,Census Tract 666; Kings County; New York,36,047,066600,Brooklyn,0,14,0,14,0,14,0,14,,,,,,,,not calculated,CV unavailable
36047067200,174237,0,Census Tract 672; Kings County; New York,36,047,067200,Brooklyn,447,185,100,98,262,632,2,198,0.22371364653243847,0.12080801227421219,0.19872918019107905,0.024984466341359424,0.4224428267235175,0.3974583603821581,0.5400118148657285,proportion approximation,CV > 30% diagnostic reference
36047067400,189209,0,Census Tract 674; Kings County; New York,36,047,067400,Brooklyn,565,84,95,44,481,649,51,139,0.168141592920354,0.0448358076616497,0.07375490360341376,0.09438668931694023,0.24189649652376777,0.14750980720682755,0.266655066619285,proportion approximation,CV <= 30% diagnostic reference
36047067600,155374,0,Census Tract 676; Kings County; New York,36,047,067600,Brooklyn,478,102,111,72,376,580,39,183,0.23221757322175732,0.08647020136064203,0.14224348123825614,0.08997409198350118,0.37446105446001343,0.2844869624765123,0.3723671734269089,proportion approximation,CV > 30% diagnostic reference
36047068000,168859,0,Census Tract 680; Kings County; New York,36,047,068000,Brooklyn,561,149,164,71,412,710,93,235,0.29233511586452765,0.06075642837520297,0.09994432467720889,0.19239079118731878,0.3922794405417365,0.19988864935441775,0.2078314409663955,proportion approximation,CV <= 30% diagnostic reference
36047068200,202229,0,Census Tract 682; Kings County; New York,36,047,068200,Brooklyn,870,176,195,155,694,1046,40,350,0.22413793103448276,0.10473820058755712,0.17229433996653146,0.051843591067951306,0.3964322710010142,0.34458867993306286,0.46729351031371635,proportion approximation,CV > 30% diagnostic reference
36047070000,201893,0,Census Tract 700; Kings County; New York,36,047,070000,Brooklyn,600,156,166,85,444,756,81,251,0.27666666666666667,0.07419163374748934,0.12204523751461996,0.1546214291520467,0.39871190418128666,0.24409047502923994,0.26816253161743137,proportion approximation,CV <= 30% diagnostic reference
36047070201,1074093,177944,Census Tract 702.01; Kings County; New York,36,047,070201,Brooklyn,2151,268,130,101,1883,2419,29,231,0.06043700604370061,0.02817458057384687,0.046347185043978105,0.014089820999722502,0.10678419108767871,0.09269437008795621,0.4661809447257278,proportion approximation,CV > 30% diagnostic reference
36047070202,5162435,1735262,Census Tract 702.02; Kings County; New York,36,047,070202,Brooklyn,9,12,0,14,0,21,0,14,0.0,0.9456264775413712,1.5555555555555556,0.0,1.0,1.0,,proportion approximation,CV unavailable
36047070203,2814173,19419444,Census Tract 702.03; Kings County; New York,36,047,070203,Brooklyn,0,14,0,14,0,14,0,14,,,,,,,,not calculated,CV unavailable
36047072000,158228,0,Census Tract 720; Kings County; New York,36,047,072000,Brooklyn,592,136,181,72,456,728,109,253,0.30574324324324326,0.06035833868337977,0.09928946713415972,0.20645377610908355,0.40503271037740296,0.1985789342683194,0.19741511878762885,proportion approximation,CV <= 30% diagnostic reference
36047072200,257171,0,Census Tract 722; Kings County; New York,36,047,072200,Brooklyn,923,348,218,93,575,1271,125,311,0.2361863488624052,0.028658020332231013,0.047142443446520015,0.18904390541588517,0.2833287923089252,0.09428488689304004,0.12133648058095975,proportion approximation,CV <= 30% diagnostic reference
36047072400,192192,0,Census Tract 724; Kings County; New York,36,047,072400,Brooklyn,631,131,306,109,500,762,197,415,0.4849445324881141,0.08533113000339686,0.14036970885558783,0.34457482363252623,0.625314241343702,0.2807394177111757,0.17596059814425954,proportion approximation,CV <= 30% diagnostic reference
36047072600,275168,0,Census Tract 726; Kings County; New York,36,047,072600,Brooklyn,731,145,136,53,586,876,83,189,0.18604651162790697,0.037938433648577234,0.06240872335190955,0.12363778827599742,0.24845523497981653,0.12481744670381911,0.20391908086110264,proportion approximation,CV <= 30% diagnostic reference
36047073200,159928,0,Census Tract 732; Kings County; New York,36,047,073200,Brooklyn,683,150,119,63,533,833,56,182,0.17423133235724744,0.05102061441753752,0.08392891071684921,0.09030242164039823,0.2581602430740967,0.16785782143369846,0.2928326020771271,proportion approximation,CV <= 30% diagnostic reference
36047022000,194279,0,Census Tract 220; Kings County; New York,36,047,022000,Brooklyn,1295,241,770,239,1054,1536,531,1009,0.5945945945945946,0.08978980833249586,0.1477042347069557,0.4468903598876389,0.7422988293015503,0.2954084694139114,0.15101013219556123,proportion approximation,CV <= 30% diagnostic reference
36047022400,175564,0,Census Tract 224; Kings County; New York,36,047,022400,Brooklyn,1201,234,596,149,967,1435,447,745,0.4962531223980017,0.04725628198675213,0.07773658386820725,0.4185165385297944,0.5739897062662089,0.1554731677364145,0.0952261655471297,proportion approximation,CV <= 30% diagnostic reference
36047022600,156181,0,Census Tract 226; Kings County; New York,36,047,022600,Brooklyn,543,111,298,115,432,654,183,413,0.5488029465930019,0.10919888574363816,0.17963216704828477,0.3691707795447171,0.7284351136412867,0.35926433409656955,0.19897649315032054,proportion approximation,CV <= 30% diagnostic reference
36047022700,240692,0,Census Tract 227; Kings County; New York,36,047,022700,Brooklyn,2167,256,1631,282,1911,2423,1349,1913,0.7526534379326257,0.057763224833987735,0.09502050485190983,0.6576329330807159,0.8476739427845356,0.19004100970381965,0.07674611171995796,proportion approximation,CV <= 30% diagnostic reference
36047022800,167374,0,Census Tract 228; Kings County; New York,36,047,022800,Brooklyn,763,131,382,110,632,894,272,492,0.5006553079947575,0.07035824717584219,0.1157393166042604,0.38491599139049715,0.616394624599018,0.2314786332085208,0.14053231045855388,proportion approximation,CV <= 30% diagnostic reference
36047023000,150941,0,Census Tract 230; Kings County; New York,36,047,023000,Brooklyn,1024,189,743,200,835,1213,543,943,0.7255859375,0.08642481054358486,0.1421688133441971,0.5834171241558029,0.8677547508441971,0.28433762668839413,0.11911037146249112,proportion approximation,CV <= 30% diagnostic reference
36047023100,159414,0,Census Tract 231; Kings County; New York,36,047,023100,Brooklyn,1773,211,837,151,1562,1984,686,988,0.4720812182741117,0.03891049608290411,0.06400776605637726,0.40807345221773444,0.536088984330489,0.12801553211275457,0.08242330890679687,proportion approximation,CV <= 30% diagnostic reference
36047023300,171838,0,Census Tract 233; Kings County; New York,36,047,023300,Brooklyn,2211,239,1182,332,1972,2450,850,1514,0.5345997286295794,0.08425114887805735,0.13859313990440433,0.396006588725175,0.6731928685339837,0.2771862798088087,0.15759669219068087,proportion approximation,CV <= 30% diagnostic reference
36047023400,169784,0,Census Tract 234; Kings County; New York,36,047,023400,Brooklyn,1431,195,784,209,1236,1626,575,993,0.5478686233403215,0.07630913853232178,0.12552853288566934,0.42234009045465215,0.6733971562259908,0.2510570657713387,0.13928364443845978,proportion approximation,CV <= 30% diagnostic reference
36047023500,141574,0,Census Tract 235; Kings County; New York,36,047,023500,Brooklyn,1557,157,1020,193,1400,1714,827,1213,0.6551059730250481,0.06376192125083449,0.10488836045762273,0.5502176125674254,0.7599943334826709,0.20977672091524546,0.09733069743877383,proportion approximation,CV <= 30% diagnostic reference
36047023600,169852,0,Census Tract 236; Kings County; New York,36,047,023600,Brooklyn,1491,128,982,188,1363,1619,794,1170,0.6586183769282361,0.06851182968606125,0.11270195983357074,0.5459164170946653,0.7713203367618069,0.22540391966714157,0.10402356218117853,proportion approximation,CV <= 30% diagnostic reference
36047022100,152080,0,Census Tract 221; Kings County; New York,36,047,022100,Brooklyn,1680,228,1207,221,1452,1908,986,1428,0.718452380952381,0.05368058930252439,0.08830456940265262,0.6301478115497283,0.8067569503550336,0.17660913880530527,0.07471697599688565,proportion approximation,CV <= 30% diagnostic reference
36047024000,169751,0,Census Tract 240; Kings County; New York,36,047,024000,Brooklyn,1420,214,805,238,1206,1634,567,1043,0.5669014084507042,0.08765739356340899,0.14419641241180778,0.42270499603889644,0.711097820862512,0.2883928248236156,0.15462546442241087,proportion approximation,CV <= 30% diagnostic reference
36047024200,191453,0,Census Tract 242; Kings County; New York,36,047,024200,Brooklyn,737,90,258,69,647,827,189,327,0.35006784260515605,0.050634101471538906,0.0832930969206815,0.26677474568447457,0.43336093952583754,0.16658619384136297,0.14464082474621773,proportion approximation,CV <= 30% diagnostic reference
36047024400,155278,0,Census Tract 244; Kings County; New York,36,047,024400,Brooklyn,996,217,375,208,779,1213,167,583,0.37650602409638556,0.1167478602566642,0.19205023012221262,0.18445579397417294,0.5685562542185982,0.3841004602444253,0.3100823168417001,proportion approximation,CV > 30% diagnostic reference
36047024500,166849,0,Census Tract 245; Kings County; New York,36,047,024500,Brooklyn,1977,195,1248,221,1782,2172,1027,1469,0.6312594840667678,0.056437542422888114,0.09283975728565094,0.5384197267811168,0.7240992413524188,0.18567951457130194,0.08940466455933478,proportion approximation,CV <= 30% diagnostic reference
36047024600,172880,0,Census Tract 246; Kings County; New York,36,047,024600,Brooklyn,836,92,338,96,744,928,242,434,0.4043062200956938,0.06435413998403897,0.10586256027374409,0.2984436598219497,0.5101687803694379,0.2117251205474882,0.15917177818537448,proportion approximation,CV <= 30% diagnostic reference
36047024800,176029,0,Census Tract 248; Kings County; New York,36,047,024800,Brooklyn,779,99,333,96,680,878,237,429,0.4274711168164313,0.06724287497588134,0.1106145293353248,0.3168565874811065,0.5380856461517561,0.22122905867064963,0.15730390272135605,proportion approximation,CV <= 30% diagnostic reference
36047024900,168496,0,Census Tract 249; Kings County; New York,36,047,024900,Brooklyn,1966,237,1496,184,1729,2203,1312,1680,0.7609359104781281,0.011288550315188224,0.01856966526848463,0.7423662452096436,0.7795055757466127,0.03713933053696916,0.014835086844692546,proportion approximation,CV <= 30% diagnostic reference
36047025000,173506,0,Census Tract 250; Kings County; New York,36,047,025000,Brooklyn,466,99,211,69,367,565,142,280,0.45278969957081544,0.06842926918213488,0.11256614780461188,0.34022355176620356,0.5653558473754273,0.22513229560922376,0.15112814899940688,proportion approximation,CV <= 30% diagnostic reference
36047025100,138489,0,Census Tract 251; Kings County; New York,36,047,025100,Brooklyn,1763,225,1372,252,1538,1988,1120,1624,0.7782189449801474,0.062490132900545156,0.10279626862139678,0.6754226763587506,0.8810152136015442,0.20559253724279358,0.08029890984231859,proportion approximation,CV <= 30% diagnostic reference
36047025200,181275,0,Census Tract 252; Kings County; New York,36,047,025200,Brooklyn,1654,300,689,174,1354,1954,515,863,0.4165659008464329,0.04449837949406251,0.07319983426773283,0.34336606657870006,0.48976573511416577,0.1463996685354657,0.1068219443877785,proportion approximation,CV <= 30% diagnostic reference
36047025300,161829,0,Census Tract 253; Kings County; New York,36,047,025300,Brooklyn,1482,138,887,134,1344,1620,753,1021,0.5985155195681512,0.04328249950679182,0.07119971168867255,0.5273158078794786,0.6697152312568238,0.14239942337734512,0.07231641969454958,proportion approximation,CV <= 30% diagnostic reference
36047025600,173279,0,Census Tract 256; Kings County; New York,36,047,025600,Brooklyn,1095,400,300,137,695,1495,163,437,0.273972602739726,0.04564245317526918,0.0750818354733178,0.1988907672664082,0.3490544382130438,0.15016367094663563,0.16659495408973252,proportion approximation,CV <= 30% diagnostic reference
36047025700,181125,0,Census Tract 257; Kings County; New York,36,047,025700,Brooklyn,946,122,578,150,824,1068,428,728,0.6109936575052854,0.08364613492042561,0.13759789194410013,0.47339576556118534,0.7485915494493856,0.2751957838882002,0.1369018055964059,proportion approximation,CV <= 30% diagnostic reference
36047025901,80219,0,Census Tract 259.01; Kings County; New York,36,047,025901,Brooklyn,832,136,590,151,696,968,439,741,0.7091346153846154,0.08489375549860426,0.139650227795204,0.5694843875894114,0.8487848431798194,0.27930045559040795,0.11971458402515041,proportion approximation,CV <= 30% diagnostic reference
36047026000,162864,0,Census Tract 260; Kings County; New York,36,047,026000,Brooklyn,1000,136,494,143,864,1136,351,637,0.494,0.07673868590238683,0.12623513830942634,0.36776486169057365,0.6202351383094263,0.2524702766188527,0.15534146943803004,proportion approximation,CV <= 30% diagnostic reference
36047035000,198571,0,Census Tract 350; Kings County; New York,36,047,035000,Brooklyn,1611,228,941,228,1383,1839,713,1169,0.5841092489137182,0.06983218005206451,0.11487393618564612,0.46923531272807206,0.6989831850993643,0.22974787237129224,0.1195532859339808,proportion approximation,CV <= 30% diagnostic reference
36047035200,990690,1400857,Census Tract 352; Kings County; New York,36,047,035200,Brooklyn,821,183,616,202,638,1004,414,818,0.7503045066991474,0.10970324148473927,0.1804618322423961,0.5698426744567513,0.9307663389415435,0.3609236644847922,0.14621162542040736,proportion approximation,CV <= 30% diagnostic reference
36047035400,378077,0,Census Tract 354; Kings County; New York,36,047,035400,Brooklyn,2856,304,1242,290,2552,3160,952,1532,0.43487394957983194,0.0549397982370321,0.09037596809991781,0.3444979814799141,0.5252499176797497,0.1807519361998356,0.12633499497984194,proportion approximation,CV <= 30% diagnostic reference
36047035500,138406,0,Census Tract 355; Kings County; New York,36,047,035500,Brooklyn,2068,224,1240,259,1844,2292,981,1499,0.5996131528046421,0.06509728710968271,0.10708503729542806,0.49252811550921405,0.7066981901000702,0.21417007459085613,0.1085654755990515,proportion approximation,CV <= 30% diagnostic reference
36047035900,183575,0,Census Tract 359; Kings County; New York,36,047,035900,Brooklyn,2462,267,1515,360,2195,2729,1155,1875,0.6153533712428919,0.07909186979765945,0.13010612581714978,0.48524724542574216,0.7454594970600417,0.2602122516342995,0.1285308141530281,proportion approximation,CV <= 30% diagnostic reference
36047073400,151105,0,Census Tract 734; Kings County; New York,36,047,073400,Brooklyn,439,140,109,59,299,579,50,168,0.24829157175398633,0.06601448468541049,0.10859382730750025,0.13969774444648608,0.3568853990614866,0.2171876546150005,0.2658748511641762,proportion approximation,CV <= 30% diagnostic reference
36047075600,173546,0,Census Tract 756; Kings County; New York,36,047,075600,Brooklyn,702,194,97,48,508,896,49,145,0.13817663817663817,0.03448019398991854,0.056719919113416006,0.08145671906322216,0.19489655729005417,0.11343983822683201,0.24953707403013214,proportion approximation,CV <= 30% diagnostic reference
36047073600,178017,0,Census Tract 736; Kings County; New York,36,047,073600,Brooklyn,1073,149,345,111,924,1222,234,456,0.32152842497670087,0.056727670944403966,0.09331701870354453,0.22821140627315634,0.4148454436802454,0.18663403740708906,0.17643127803868247,proportion approximation,CV <= 30% diagnostic reference
36047074000,162388,0,Census Tract 740; Kings County; New York,36,047,074000,Brooklyn,1045,222,460,229,823,1267,231,689,0.44019138755980863,0.12047654090189529,0.19818390978361775,0.2420074777761909,0.6383752973434264,0.39636781956723544,0.2736912722662621,proportion approximation,CV <= 30% diagnostic reference
36047074400,170074,0,Census Tract 744; Kings County; New York,36,047,074400,Brooklyn,587,80,60,37,507,667,23,97,0.10221465076660988,0.03737006145836833,0.06147375109901591,0.04074089966759397,0.16368840186562578,0.1229475021980318,0.3656037679343702,proportion approximation,CV > 30% diagnostic reference
36047074600,202040,0,Census Tract 746; Kings County; New York,36,047,074600,Brooklyn,654,136,231,121,518,790,110,352,0.3532110091743119,0.10322837502892418,0.16981067692258028,0.18340033225173163,0.5230216860968921,0.3396213538451605,0.29225695787409706,proportion approximation,CV <= 30% diagnostic reference
36047074800,176549,0,Census Tract 748; Kings County; New York,36,047,074800,Brooklyn,643,145,225,94,498,788,131,319,0.3499222395023328,0.07481094737147738,0.12306400842608028,0.22685823107625253,0.4729862479284131,0.24612801685216057,0.21379306293271091,proportion approximation,CV <= 30% diagnostic reference
36047075800,205261,0,Census Tract 758; Kings County; New York,36,047,075800,Brooklyn,678,114,325,126,564,792,199,451,0.47935103244837757,0.10179529564820096,0.16745326134129057,0.311897771107087,0.6468042937896681,0.3349065226825811,0.21236064753686232,proportion approximation,CV <= 30% diagnostic reference
36047076000,181582,0,Census Tract 760; Kings County; New York,36,047,076000,Brooklyn,1182,189,650,114,993,1371,536,764,0.5499153976311336,0.024088367612922077,0.03962536472325682,0.5102900329078768,0.5895407623543905,0.07925072944651368,0.04380377002842138,proportion approximation,CV <= 30% diagnostic reference
36047076200,188043,0,Census Tract 762; Kings County; New York,36,047,076200,Brooklyn,1551,225,903,163,1326,1776,740,1066,0.5822050290135397,0.038018444699803505,0.06254034153117677,0.5196646874823629,0.6447453705447164,0.12508068306235343,0.0653007837534831,proportion approximation,CV <= 30% diagnostic reference
36047076600,82578,0,Census Tract 766; Kings County; New York,36,047,076600,Brooklyn,730,87,365,94,643,817,271,459,0.5,0.06939181959653146,0.11414954323629424,0.3858504567637058,0.6141495432362942,0.22829908647258845,0.1387836391930629,proportion approximation,CV <= 30% diagnostic reference
36047077000,163281,0,Census Tract 770; Kings County; New York,36,047,077000,Brooklyn,1091,195,517,159,896,1286,358,676,0.4738771769019248,0.07209656915003074,0.11859885625180056,0.35527832065012427,0.5924760331537253,0.23719771250360105,0.15214188963768577,proportion approximation,CV <= 30% diagnostic reference
36047095800,234373,0,Census Tract 958; Kings County; New York,36,047,095800,Brooklyn,980,200,326,132,780,1180,194,458,0.3326530612244898,0.07071978029143011,0.11633403857940253,0.21631902264508726,0.4489870998038923,0.23266807715880503,0.21259320455705985,proportion approximation,CV <= 30% diagnostic reference
36047096000,423887,0,Census Tract 960; Kings County; New York,36,047,096000,Brooklyn,0,14,0,14,0,14,0,14,,,,,,,,not calculated,CV unavailable
36047096200,179100,0,Census Tract 962; Kings County; New York,36,047,096200,Brooklyn,356,80,77,47,276,436,30,124,0.21629213483146068,0.07461988022710994,0.12274970297359586,0.09354243185786482,0.33904183780505653,0.24549940594719172,0.3449958098811836,proportion approximation,CV > 30% diagnostic reference
36047096400,176581,0,Census Tract 964; Kings County; New York,36,047,096400,Brooklyn,659,139,244,120,520,798,124,364,0.37025796661608495,0.09999792835554194,0.1644965921448665,0.20576137447121845,0.5347545587609515,0.328993184289733,0.2700763720750088,proportion approximation,CV <= 30% diagnostic reference
36047096800,149019,0,Census Tract 968; Kings County; New York,36,047,096800,Brooklyn,348,100,88,51,248,448,37,139,0.25287356321839083,0.07736677645325445,0.12726834726560357,0.12560521595278726,0.38014191048399437,0.2545366945312071,0.30595043415605166,proportion approximation,CV > 30% diagnostic reference
36047097000,163450,0,Census Tract 970; Kings County; New York,36,047,097000,Brooklyn,732,241,173,66,491,973,107,239,0.23633879781420766,0.02769117882663661,0.045551989169817224,0.19078680864439043,0.28189078698402487,0.09110397833963443,0.1171673000063468,proportion approximation,CV <= 30% diagnostic reference
36047097400,252349,0,Census Tract 974; Kings County; New York,36,047,097400,Brooklyn,616,109,199,66,507,725,133,265,0.32305194805194803,0.05508798377106764,0.09061973330340627,0.23243221474854175,0.4136716813553543,0.18123946660681256,0.17052360805516417,proportion approximation,CV <= 30% diagnostic reference
36047098400,112821,0,Census Tract 984; Kings County; New York,36,047,098400,Brooklyn,548,90,122,53,458,638,69,175,0.22262773722627738,0.05443023231869822,0.08953773216425857,0.1330900050620188,0.31216546939053597,0.17907546432851718,0.24448989598890677,proportion approximation,CV <= 30% diagnostic reference
36047098600,155971,0,Census Tract 986; Kings County; New York,36,047,098600,Brooklyn,975,192,336,133,783,1167,203,469,0.3446153846153846,0.07193420987148945,0.11833177523860014,0.22628360937678446,0.4629471598539847,0.23666355047720025,0.2087376625735185,proportion approximation,CV <= 30% diagnostic reference
36047099000,163721,0,Census Tract 990; Kings County; New York,36,047,099000,Brooklyn,454,85,148,76,369,539,72,224,0.32599118942731276,0.09475867168643973,0.15587801492419334,0.1701131745031194,0.4818692043515061,0.3117560298483867,0.29067862801110567,proportion approximation,CV <= 30% diagnostic reference
36047099400,173970,0,Census Tract 994; Kings County; New York,36,047,099400,Brooklyn,534,114,77,51,420,648,26,128,0.1441947565543071,0.05495965465834746,0.09040863191298157,0.05378612464132554,0.23460338846728868,0.18081726382596314,0.38114877386438367,proportion approximation,CV > 30% diagnostic reference
36047099800,419733,69968,Census Tract 998; Kings County; New York,36,047,099800,Brooklyn,1347,186,546,147,1161,1533,399,693,0.4053452115812918,0.05695112555731169,0.09368460154177773,0.31166061003951406,0.4990298131230695,0.18736920308355542,0.14050030425952167,proportion approximation,CV <= 30% diagnostic reference
36047100400,132054,0,Census Tract 1004; Kings County; New York,36,047,100400,Brooklyn,821,125,293,117,696,946,176,410,0.3568818514007308,0.08008735686096273,0.1317437020362837,0.22513814936444712,0.4886255534370145,0.26348740407256743,0.22440860062406282,proportion approximation,CV <= 30% diagnostic reference
36047100800,148898,0,Census Tract 1008; Kings County; New York,36,047,100800,Brooklyn,676,96,279,79,580,772,200,358,0.41272189349112426,0.06146097170953505,0.10110329846218516,0.31161859502893907,0.5138251919533094,0.20220659692437037,0.14891618951844335,proportion approximation,CV <= 30% diagnostic reference
36047101000,171343,0,Census Tract 1010; Kings County; New York,36,047,101000,Brooklyn,804,222,374,219,582,1026,155,593,0.4651741293532338,0.14602007943947018,0.24020303067792845,0.22497109867530538,0.7053771600311622,0.48040606135585684,0.3139041279928717,proportion approximation,CV > 30% diagnostic reference
36047101200,160761,0,Census Tract 1012; Kings County; New York,36,047,101200,Brooklyn,783,136,198,72,647,919,126,270,0.25287356321839083,0.049110166157401894,0.08078622332892611,0.17208733988946473,0.33365978654731693,0.1615724466578522,0.19420838434972565,proportion approximation,CV <= 30% diagnostic reference
36047101400,154954,0,Census Tract 1014; Kings County; New York,36,047,101400,Brooklyn,799,123,281,112,676,922,169,393,0.35168961201501875,0.07860057202144416,0.12929794097527564,0.2223916710397431,0.4809875529902944,0.2585958819505513,0.22349415318552984,proportion approximation,CV <= 30% diagnostic reference
36047101600,112418,0,Census Tract 1016; Kings County; New York,36,047,101600,Brooklyn,527,71,18,14,456,598,4,32,0.03415559772296015,0.015905100171672328,0.02616388978240098,0.007991707940559173,0.06031948750536113,0.05232777956480196,0.46566598835951756,proportion approximation,CV > 30% diagnostic reference
36085027706,438638,0,Census Tract 277.06; Richmond County; New York,36,085,027706,Staten Island,1128,240,202,98,888,1368,104,300,0.17907801418439717,0.04746430391943051,0.07807877994746319,0.10099923423693398,0.2571567941318604,0.1561575598949264,0.2650481921837506,proportion approximation,CV <= 30% diagnostic reference
36085018100,5198693,31114,Census Tract 181; Richmond County; New York,36,085,018100,Staten Island,1412,322,354,186,1090,1734,168,540,0.2507082152974504,0.07214231685831526,0.1186741112319286,0.1320341040655218,0.369382326529379,0.23734822246385723,0.2877541000111332,proportion approximation,CV <= 30% diagnostic reference
36047026200,157859,0,Census Tract 262; Kings County; New York,36,047,026200,Brooklyn,784,104,264,72,680,888,192,336,0.336734693877551,0.04877894388829909,0.08024136269625201,0.256493331181299,0.416976056573803,0.16048272539250397,0.14485868185010034,proportion approximation,CV <= 30% diagnostic reference
36047026300,119604,0,Census Tract 263; Kings County; New York,36,047,026300,Brooklyn,939,149,553,154,790,1088,399,707,0.5889243876464324,0.08193044649588056,0.13477558448572352,0.4541488031607089,0.723699972132156,0.2695511689714471,0.13911878708794184,proportion approximation,CV <= 30% diagnostic reference
36047026400,189457,0,Census Tract 264; Kings County; New York,36,047,026400,Brooklyn,1534,289,779,179,1245,1823,600,958,0.5078226857887875,0.040611641484585924,0.06680615024214384,0.44101653554664366,0.5746288360309314,0.13361230048428774,0.07997208990674558,proportion approximation,CV <= 30% diagnostic reference
36047026600,165897,0,Census Tract 266; Kings County; New York,36,047,026600,Brooklyn,1148,130,616,136,1018,1278,480,752,0.5365853658536586,0.061821782272529734,0.10169683183831141,0.43488853401534716,0.6382821976919699,0.20339366367662276,0.11521332150789632,proportion approximation,CV <= 30% diagnostic reference
36047026700,159563,0,Census Tract 267; Kings County; New York,36,047,026700,Brooklyn,1765,212,958,226,1553,1977,732,1184,0.5427762039660057,0.06699425521672837,0.11020554983151819,0.4325706541344875,0.6529817537975239,0.2204110996630364,0.1234288731289411,proportion approximation,CV <= 30% diagnostic reference
36047027000,134003,0,Census Tract 270; Kings County; New York,36,047,027000,Brooklyn,876,109,313,75,767,985,238,388,0.3573059360730594,0.04447898129745976,0.07316792423432131,0.2841380118387381,0.43047386030738066,0.14633584846864256,0.12448430548426437,proportion approximation,CV <= 30% diagnostic reference
36047027200,132147,0,Census Tract 272; Kings County; New York,36,047,027200,Brooklyn,1430,224,689,188,1206,1654,501,877,0.4818181818181818,0.06543842929302308,0.10764621618702298,0.37417196563115884,0.5894643980052048,0.21529243237404594,0.13581560796665168,proportion approximation,CV <= 30% diagnostic reference
36047027400,163364,0,Census Tract 274; Kings County; New York,36,047,027400,Brooklyn,988,115,345,122,873,1103,223,467,0.3491902834008097,0.07088199429164015,0.11660088060974805,0.23258940279106166,0.46579116401055776,0.2332017612194961,0.20298959524678395,proportion approximation,CV <= 30% diagnostic reference
36047027500,162077,0,Census Tract 275; Kings County; New York,36,047,027500,Brooklyn,1791,194,1077,213,1597,1985,864,1290,0.6013400335008375,0.060488806204999135,0.09950408620722358,0.5018359472936139,0.7008441197080612,0.19900817241444724,0.10059002034647488,proportion approximation,CV <= 30% diagnostic reference
36047027600,149396,0,Census Tract 276; Kings County; New York,36,047,027600,Brooklyn,1294,297,550,280,997,1591,270,830,0.4250386398763524,0.11741293417046517,0.1931442767104152,0.23189436316593717,0.6181829165867676,0.38628855342083046,0.27624061239378533,proportion approximation,CV <= 30% diagnostic reference
36047027700,162108,0,Census Tract 277; Kings County; New York,36,047,027700,Brooklyn,1660,175,1195,161,1485,1835,1034,1356,0.7198795180722891,0.03671265551451549,0.06039231832137798,0.6594871997509111,0.7802718363936672,0.12078463664275607,0.050998333183343694,proportion approximation,CV <= 30% diagnostic reference
36047027800,160472,0,Census Tract 278; Kings County; New York,36,047,027800,Brooklyn,1130,158,490,146,972,1288,344,636,0.4336283185840708,0.06935797341965899,0.11409386627533903,0.3195344523087318,0.5477221848594098,0.22818773255067804,0.15994797951880543,proportion approximation,CV <= 30% diagnostic reference
36047028100,161938,0,Census Tract 281; Kings County; New York,36,047,028100,Brooklyn,1879,165,1217,245,1714,2044,972,1462,0.6476849387972325,0.07132542031815392,0.11733031642336321,0.5303546223738693,0.7650152552205958,0.23466063284672645,0.11012363580756879,proportion approximation,CV <= 30% diagnostic reference
36047028400,164257,0,Census Tract 284; Kings County; New York,36,047,028400,Brooklyn,1445,230,827,251,1215,1675,576,1078,0.572318339100346,0.08990820532497468,0.14789899775958334,0.42441934134076265,0.7202173368599294,0.29579799551916675,0.1570947481192121,proportion approximation,CV <= 30% diagnostic reference
36047028502,119859,0,Census Tract 285.02; Kings County; New York,36,047,028502,Brooklyn,1187,167,1060,205,1020,1354,855,1265,0.8930075821398483,0.07203551337131339,0.11849841949581054,0.7745091626440378,1.0,0.2254908373559622,0.08066618336957453,proportion approximation,CV <= 30% diagnostic reference
36047028600,176618,58184,Census Tract 286; Kings County; New York,36,047,028600,Brooklyn,1748,192,929,225,1556,1940,704,1154,0.5314645308924485,0.0697386799200319,0.11472012846845246,0.416744402423996,0.646184659360901,0.22944025693690495,0.1312198196988329,proportion approximation,CV <= 30% diagnostic reference
36047028700,148811,0,Census Tract 287; Kings County; New York,36,047,028700,Brooklyn,1304,194,1035,237,1110,1498,798,1272,0.7937116564417178,0.08398950381482044,0.13816273377537963,0.6555489226663382,0.9318743902170974,0.27632546755075915,0.10581865987876894,proportion approximation,CV <= 30% diagnostic reference
36047028800,152808,0,Census Tract 288; Kings County; New York,36,047,028800,Brooklyn,1123,190,652,197,933,1313,455,849,0.5805877114870882,0.08835358882350072,0.1453416536146587,0.43524605787242954,0.7259293651017469,0.29068330722931734,0.152179570933729,proportion approximation,CV <= 30% diagnostic reference
36047029000,154712,0,Census Tract 290; Kings County; New York,36,047,029000,Brooklyn,1531,190,956,187,1341,1721,769,1143,0.6244284781188766,0.05739334674898112,0.09441205540207394,0.5300164227168026,0.7188405335209506,0.18882411080414796,0.09191340363252101,proportion approximation,CV <= 30% diagnostic reference
36047029100,164644,0,Census Tract 291; Kings County; New York,36,047,029100,Brooklyn,1451,150,802,176,1301,1601,626,978,0.5527222605099931,0.0650421807711339,0.10699438736851526,0.4457278731414778,0.6597166478785084,0.21398877473703054,0.11767606521061758,proportion approximation,CV <= 30% diagnostic reference
36047029200,205508,91737,Census Tract 292; Kings County; New York,36,047,029200,Brooklyn,1014,111,522,130,903,1125,392,652,0.514792899408284,0.07000360041001842,0.11515592267448031,0.39963697673380366,0.6299488220827643,0.2303118453489606,0.1359840053941737,proportion approximation,CV <= 30% diagnostic reference
36047029300,164460,0,Census Tract 293; Kings County; New York,36,047,029300,Brooklyn,1326,162,937,197,1164,1488,740,1134,0.7066365007541479,0.07350124892052753,0.1209095544742678,0.5857269462798801,0.8275460552284156,0.24181910894853553,0.10401564148198453,proportion approximation,CV <= 30% diagnostic reference
36047029700,205561,0,Census Tract 297; Kings County; New York,36,047,029700,Brooklyn,1705,187,819,217,1518,1892,602,1036,0.48035190615835777,0.07042958879037471,0.11585667356016639,0.3644952325981914,0.5962085797185241,0.23171334712033276,0.14662081671256275,proportion approximation,CV <= 30% diagnostic reference
36047029800,220827,0,Census Tract 298; Kings County; New York,36,047,029800,Brooklyn,1110,126,527,138,984,1236,389,665,0.47477477477477475,0.0681069334893085,0.1120359055899125,0.36273886918486226,0.5868106803646873,0.22407181117982505,0.1434510363816555,proportion approximation,CV <= 30% diagnostic reference
36047029900,142218,0,Census Tract 299; Kings County; New York,36,047,029900,Brooklyn,1247,233,817,247,1014,1480,570,1064,0.6551724137931034,0.0946606344284315,0.15571674363476984,0.4994556701583336,0.8108891574278733,0.3114334872695397,0.14448202096971124,proportion approximation,CV <= 30% diagnostic reference
36047030000,195051,0,Census Tract 300; Kings County; New York,36,047,030000,Brooklyn,1354,168,705,149,1186,1522,556,854,0.5206794682422452,0.05415469065001492,0.08908446611927455,0.43159500212297064,0.6097639343615198,0.17816893223854913,0.10400773211364568,proportion approximation,CV <= 30% diagnostic reference
36047037000,336233,0,Census Tract 370; Kings County; New York,36,047,037000,Brooklyn,1479,181,491,131,1298,1660,360,622,0.33198106828938473,0.04784553269014793,0.07870590127529334,0.25327516701409136,0.4106869695646781,0.15741180255058673,0.14412126853101584,proportion approximation,CV <= 30% diagnostic reference
36047037100,189347,0,Census Tract 371; Kings County; New York,36,047,037100,Brooklyn,1728,186,871,206,1542,1914,665,1077,0.5040509259259259,0.06452959338743777,0.10615118112233514,0.3978997448035908,0.610202107048261,0.21230236224467025,0.12802197172616817,proportion approximation,CV <= 30% diagnostic reference
36047037300,170809,0,Census Tract 373; Kings County; New York,36,047,037300,Brooklyn,2012,299,1456,323,1713,2311,1133,1779,0.7236580516898609,0.07245745573746466,0.11919251468812937,0.6044655370017314,0.8428505663779903,0.23838502937625883,0.10012664899984815,proportion approximation,CV <= 30% diagnostic reference
36047036001,94811,0,Census Tract 360.01; Kings County; New York,36,047,036001,Brooklyn,1786,137,1400,171,1649,1923,1229,1571,0.7838745800671892,0.045293929882969576,0.07450851465748495,0.7093660654097043,0.8583830947246742,0.14901702931496996,0.057782113407845476,proportion approximation,CV <= 30% diagnostic reference
36047037500,158809,0,Census Tract 375; Kings County; New York,36,047,037500,Brooklyn,1560,184,1108,180,1376,1744,928,1288,0.7102564102564103,0.048233756571715594,0.07934452956047215,0.6309118806959382,0.7896009398168824,0.15868905912094422,0.067910343187614,proportion approximation,CV <= 30% diagnostic reference
36047037700,190202,0,Census Tract 377; Kings County; New York,36,047,037700,Brooklyn,1912,231,906,248,1681,2143,658,1154,0.47384937238493724,0.0707535589523074,0.11638960447654566,0.35745976790839157,0.5902389768614829,0.2327792089530913,0.1493165614975847,proportion approximation,CV <= 30% diagnostic reference
36047037900,183760,0,Census Tract 379; Kings County; New York,36,047,037900,Brooklyn,1584,168,1010,172,1416,1752,838,1182,0.6376262626262627,0.0516448125421242,0.08495571663179431,0.5526705459944683,0.722581979258057,0.1699114332635887,0.08099542877893537,proportion approximation,CV <= 30% diagnostic reference
36047036200,171110,0,Census Tract 362; Kings County; New York,36,047,036200,Brooklyn,1353,271,725,146,1082,1624,579,871,0.5358462675535847,0.006796110198810285,0.011179601277042919,0.5246666662765418,0.5470258688306275,0.022359202554085744,0.012682947722745263,proportion approximation,CV <= 30% diagnostic reference
36047036400,143250,0,Census Tract 364; Kings County; New York,36,047,036400,Brooklyn,955,192,565,176,763,1147,389,741,0.5916230366492147,0.08557465711976667,0.14077031096201617,0.4508527256871985,0.7323933476112309,0.2815406219240324,0.1446438894679242,proportion approximation,CV <= 30% diagnostic reference
36047036501,126345,0,Census Tract 365.01; Kings County; New York,36,047,036501,Brooklyn,1378,137,822,175,1241,1515,647,997,0.5965166908563135,0.06826606514072651,0.11229767715649512,0.4842190136998184,0.7088143680128086,0.22459535431299021,0.11444116516292109,proportion approximation,CV <= 30% diagnostic reference
36047036502,122056,0,Census Tract 365.02; Kings County; New York,36,047,036502,Brooklyn,745,134,546,80,611,879,466,626,0.7328859060402685,0.10335743095093934,0.17002297391429522,0.5628629321259733,0.9029088799545637,0.34004594782859043,0.14102799644404726,alternative ratio approximation,CV <= 30% diagnostic reference
36047036600,234143,0,Census Tract 366; Kings County; New York,36,047,036600,Brooklyn,1388,106,746,143,1282,1494,603,889,0.537463976945245,0.05744474646810328,0.0944966079400299,0.44296736900521505,0.6319605848852748,0.1889932158800598,0.10688111005057287,proportion approximation,CV <= 30% diagnostic reference
36047036900,226736,0,Census Tract 369; Kings County; New York,36,047,036900,Brooklyn,2455,313,1753,439,2142,2768,1314,2192,0.7140529531568228,0.0935621405219015,0.15390972115852797,0.5601432319982949,0.8679626743153508,0.30781944231705594,0.13102969479821344,proportion approximation,CV <= 30% diagnostic reference
36047038200,233431,0,Census Tract 382; Kings County; New York,36,047,038200,Brooklyn,1985,254,1420,224,1731,2239,1196,1644,0.7153652392947103,0.040117469665896785,0.06599323760040021,0.6493720016943101,0.7813584768951105,0.13198647520080042,0.056079702314651494,proportion approximation,CV <= 30% diagnostic reference
36047038600,251188,0,Census Tract 386; Kings County; New York,36,047,038600,Brooklyn,1086,206,417,195,880,1292,222,612,0.3839779005524862,0.09977026038089035,0.1641220783265646,0.2198558222259216,0.5480999788790508,0.3282441566531292,0.25983333998476477,proportion approximation,CV <= 30% diagnostic reference
36047038700,188275,0,Census Tract 387; Kings County; New York,36,047,038700,Brooklyn,2093,407,1128,218,1686,2500,910,1346,0.5389393215480172,0.08982130942101522,0.14775605399757005,0.3911832675504471,0.6866953755455872,0.29551210799514016,0.16666312111541212,alternative ratio approximation,CV <= 30% diagnostic reference
36047038800,197933,0,Census Tract 388; Kings County; New York,36,047,038800,Brooklyn,1530,286,403,151,1244,1816,252,554,0.2633986928104575,0.05199621431052763,0.08553377254081795,0.17786492026963957,0.3489324653512755,0.1710675450816359,0.19740498236999324,proportion approximation,CV <= 30% diagnostic reference
36047038900,162930,0,Census Tract 389; Kings County; New York,36,047,038900,Brooklyn,1472,233,836,205,1239,1705,631,1041,0.5679347826086957,0.06465976978713306,0.10636532129983388,0.4615694613088618,0.6743001039085296,0.21273064259966779,0.11385069512758356,proportion approximation,CV <= 30% diagnostic reference
36047039000,173850,0,Census Tract 390; Kings County; New York,36,047,039000,Brooklyn,770,111,147,58,659,881,89,205,0.19090909090909092,0.042624429828220615,0.07011718706742291,0.120791903841668,0.26102627797651384,0.14023437413484585,0.22327082290972702,proportion approximation,CV <= 30% diagnostic reference
36047039100,166173,0,Census Tract 391; Kings County; New York,36,047,039100,Brooklyn,2539,294,1751,361,2245,2833,1390,2112,0.689641591177629,0.07151250084522483,0.11763806389039484,0.5720035272872341,0.8072796550680239,0.23527612778078977,0.10369516827300161,proportion approximation,CV <= 30% diagnostic reference
36047039300,189603,0,Census Tract 393; Kings County; New York,36,047,039300,Brooklyn,1643,165,1255,189,1478,1808,1066,1444,0.7638466220328667,0.05211063787421215,0.08572199930307899,0.6781246227297877,0.8495686213359457,0.171443998606158,0.06822133707357017,proportion approximation,CV <= 30% diagnostic reference
36047077200,404333,0,Census Tract 772; Kings County; New York,36,047,077200,Brooklyn,1119,150,574,149,969,1269,425,723,0.51295799821269,0.06931705593259384,0.11402655700911687,0.39893144120357305,0.6269845552218068,0.2280531140182338,0.13513203064211238,proportion approximation,CV <= 30% diagnostic reference
36047077400,147764,0,Census Tract 774; Kings County; New York,36,047,077400,Brooklyn,1175,243,681,164,932,1418,517,845,0.5795744680851064,0.04347413763305111,0.07151495640636907,0.5080595116787373,0.6510894244914754,0.14302991281273814,0.07501044305262122,proportion approximation,CV <= 30% diagnostic reference
36047077600,186545,0,Census Tract 776; Kings County; New York,36,047,077600,Brooklyn,1662,229,925,239,1433,1891,686,1164,0.5565583634175691,0.07395077043380488,0.12164901736360903,0.43490934605396014,0.6782073807811781,0.243298034727218,0.13287154644430674,proportion approximation,CV <= 30% diagnostic reference
36047078200,168304,0,Census Tract 782; Kings County; New York,36,047,078200,Brooklyn,1613,181,798,188,1432,1794,610,986,0.49473031618102914,0.06229936684285715,0.1024824584565,0.39224785772452914,0.5972127746375291,0.20496491691299995,0.12592591317986038,proportion approximation,CV <= 30% diagnostic reference
36047058400,188225,0,Census Tract 584; Kings County; New York,36,047,058400,Brooklyn,1427,169,616,162,1258,1596,454,778,0.4316748423265592,0.06161836849041961,0.10136221616674025,0.330312626159819,0.5330370584932995,0.20272443233348053,0.14274255168154024,proportion approximation,CV <= 30% diagnostic reference
36047007700,389422,0,Census Tract 77; Kings County; New York,36,047,007700,Brooklyn,2901,353,1676,306,2548,3254,1370,1982,0.5777318166149603,0.04780516580082025,0.07863949774234931,0.499092318872611,0.6563713143573097,0.15727899548469865,0.08274629235571572,proportion approximation,CV <= 30% diagnostic reference
36047046201,128315,0,Census Tract 462.01; Kings County; New York,36,047,046201,Brooklyn,1047,160,557,160,887,1207,397,717,0.5319961795606495,0.07866126730299927,0.1293977847134338,0.4025983948472157,0.6613939642740833,0.25879556942686754,0.14786058683346542,proportion approximation,CV <= 30% diagnostic reference
36047036700,182968,0,Census Tract 367; Kings County; New York,36,047,036700,Brooklyn,705,163,353,173,542,868,180,526,0.500709219858156,0.13152960418925538,0.2163661988913251,0.28434302096683084,0.7170754187494811,0.43273239778265027,0.2626866032674931,proportion approximation,CV <= 30% diagnostic reference
36047003000,110188,0,Census Tract 30; Kings County; New York,36,047,003000,Brooklyn,771,164,211,80,607,935,131,291,0.27367055771725035,0.052214924746963196,0.08589355120875446,0.18777700650849588,0.3595641089260048,0.17178710241750894,0.19079481980999347,proportion approximation,CV <= 30% diagnostic reference
36047030400,465276,362966,Census Tract 304; Kings County; New York,36,047,030400,Brooklyn,1505,166,523,152,1339,1671,371,675,0.3475083056478405,0.05680282271251871,0.09344064336209328,0.25406766228574723,0.4409489490099338,0.18688128672418658,0.16345745350351942,proportion approximation,CV <= 30% diagnostic reference
36047030600,193681,0,Census Tract 306; Kings County; New York,36,047,030600,Brooklyn,672,100,197,69,572,772,128,266,0.2931547619047619,0.05650493177566994,0.09295061277097705,0.20020414913378487,0.38610537467573897,0.1859012255419541,0.19274778757995023,proportion approximation,CV <= 30% diagnostic reference
36047030700,266958,0,Census Tract 307; Kings County; New York,36,047,030700,Brooklyn,2861,473,2026,394,2388,3334,1632,2420,0.7081440055924502,0.04408267239000015,0.07251599608155024,0.6356280095108999,0.7806600016740004,0.14503199216310048,0.0622509998557702,proportion approximation,CV <= 30% diagnostic reference
36047030100,194435,0,Census Tract 301; Kings County; New York,36,047,030100,Brooklyn,1106,233,473,162,873,1339,311,635,0.42766726943942135,0.07020481886739556,0.1154869270368657,0.31218034240255566,0.543154196476287,0.2309738540737314,0.16415756800706022,proportion approximation,CV <= 30% diagnostic reference
36047030800,681579,0,Census Tract 308; Kings County; New York,36,047,030800,Brooklyn,710,121,269,90,589,831,179,359,0.3788732394366197,0.06631197514966398,0.10908319912119727,0.2697900403154224,0.487956438557817,0.2181663982423946,0.1750241723281094,proportion approximation,CV <= 30% diagnostic reference
36047031100,152683,0,Census Tract 311; Kings County; New York,36,047,031100,Brooklyn,1325,176,771,185,1149,1501,586,956,0.5818867924528301,0.07068528297936798,0.11627729050106032,0.4656095019517698,0.6981640829538904,0.23255458100212062,0.12147600512018493,proportion approximation,CV <= 30% diagnostic reference
36047031500,180191,0,Census Tract 315; Kings County; New York,36,047,031500,Brooklyn,2481,245,1903,243,2236,2726,1660,2146,0.7670294236195082,0.03774809416653317,0.06209561490394706,0.7049338087155611,0.8291250385234553,0.12419122980789421,0.04921335871107137,proportion approximation,CV <= 30% diagnostic reference
36047031701,139741,0,Census Tract 317.01; Kings County; New York,36,047,031701,Brooklyn,1701,256,1245,187,1445,1957,1058,1432,0.7319223985890653,0.09460596411150184,0.15562681096342051,0.5762955876256448,0.8875492095524857,0.3112536219268409,0.12925682325595553,alternative ratio approximation,CV <= 30% diagnostic reference
36047030200,211197,0,Census Tract 302; Kings County; New York,36,047,030200,Brooklyn,1323,176,466,111,1147,1499,355,577,0.35222978080120937,0.04230769368339699,0.06959615610918805,0.2826336246920213,0.42182593691039744,0.13919231221837614,0.12011390288226227,proportion approximation,CV <= 30% diagnostic reference
36047031900,151346,0,Census Tract 319; Kings County; New York,36,047,031900,Brooklyn,1308,178,925,217,1130,1486,708,1142,0.7071865443425076,0.08214964241734692,0.13513616177653567,0.572050382565972,0.8423227061190433,0.2702723235530713,0.1161640348993403,proportion approximation,CV <= 30% diagnostic reference
36047032300,173046,0,Census Tract 323; Kings County; New York,36,047,032300,Brooklyn,1695,222,990,195,1473,1917,795,1185,0.584070796460177,0.05223462554987434,0.0859259590295433,0.4981448374306337,0.6699967554897203,0.17185191805908656,0.08943201041114848,proportion approximation,CV <= 30% diagnostic reference
36047032700,177080,0,Census Tract 327; Kings County; New York,36,047,032700,Brooklyn,1420,151,926,198,1269,1571,728,1124,0.652112676056338,0.0735384650844663,0.12097077506394709,0.531141900992391,0.7730834511202851,0.2419415501278941,0.11276956848805848,proportion approximation,CV <= 30% diagnostic reference
36047032800,232836,0,Census Tract 328; Kings County; New York,36,047,032800,Brooklyn,1122,193,759,212,929,1315,547,971,0.6764705882352942,0.09049630337647116,0.14886641905429507,0.5276041691809991,0.8253370072895893,0.2977328381085902,0.13377714412173997,proportion approximation,CV <= 30% diagnostic reference
36047033000,372144,119065,Census Tract 330; Kings County; New York,36,047,033000,Brooklyn,1944,208,1405,235,1736,2152,1170,1640,0.7227366255144033,0.0564833690245336,0.09291514204535778,0.6298214834690455,0.8156517675597611,0.18583028409071556,0.0781520778531625,proportion approximation,CV <= 30% diagnostic reference
36047033100,142466,0,Census Tract 331; Kings County; New York,36,047,033100,Brooklyn,1743,276,1025,186,1467,2019,839,1211,0.5880665519219737,0.03168350609202991,0.0521193675213892,0.5359471844005844,0.6401859194433629,0.10423873504277847,0.053877415725276226,proportion approximation,CV <= 30% diagnostic reference
36047033500,180682,0,Census Tract 335; Kings County; New York,36,047,033500,Brooklyn,954,149,342,125,805,1103,217,467,0.3584905660377358,0.07201322299302097,0.11846175182351949,0.24002881421421635,0.4769523178612553,0.23692350364703896,0.20087899045421642,proportion approximation,CV <= 30% diagnostic reference
36047033600,688235,1085724,Census Tract 336; Kings County; New York,36,047,033600,Brooklyn,1592,184,397,185,1408,1776,212,582,0.24937185929648242,0.06843467865597831,0.11257504638908432,0.1367968129073981,0.36194690568556676,0.22515009277816866,0.2744282327967694,proportion approximation,CV <= 30% diagnostic reference
36047033900,180739,0,Census Tract 339; Kings County; New York,36,047,033900,Brooklyn,2041,226,1349,225,1815,2267,1124,1574,0.6609505144536991,0.05011614160597747,0.08244105294183295,0.5785094615118662,0.743391567395532,0.1648821058836658,0.07582434767813197,proportion approximation,CV <= 30% diagnostic reference
36047034100,139770,0,Census Tract 341; Kings County; New York,36,047,034100,Brooklyn,1174,214,663,229,960,1388,434,892,0.5647359454855196,0.10071991655857691,0.16568426273885903,0.3990516827466606,0.7304202082243787,0.3313685254777181,0.17834869085938052,proportion approximation,CV <= 30% diagnostic reference
36047034200,229959,0,Census Tract 342; Kings County; New York,36,047,034200,Brooklyn,2927,273,2158,249,2654,3200,1909,2407,0.7372736590365562,0.03044530839344482,0.05008253230721673,0.6871911267293395,0.7873561913437729,0.10016506461443342,0.041294447482675155,proportion approximation,CV <= 30% diagnostic reference
36047034300,162156,0,Census Tract 343; Kings County; New York,36,047,034300,Brooklyn,1892,252,1600,293,1640,2144,1307,1893,0.8456659619450317,0.06460804799969702,0.1062802389595016,0.7393857229855302,0.9519462009045333,0.21256047791900312,0.07639901675964172,proportion approximation,CV <= 30% diagnostic reference
36047034500,163593,0,Census Tract 345; Kings County; New York,36,047,034500,Brooklyn,1097,189,803,184,908,1286,619,987,0.731996353691887,0.06722374113643528,0.11058305416943603,0.621413299522451,0.842579407861323,0.22116610833887207,0.09183616939809403,proportion approximation,CV <= 30% diagnostic reference
36047040300,210275,0,Census Tract 403; Kings County; New York,36,047,040300,Brooklyn,1489,165,676,151,1324,1654,525,827,0.4539959704499664,0.05352691061278945,0.08805176795803864,0.3659442024919278,0.542047738408005,0.17610353591607725,0.1179017306249164,proportion approximation,CV <= 30% diagnostic reference
36047040500,138996,0,Census Tract 405; Kings County; New York,36,047,040500,Brooklyn,680,115,311,80,565,795,231,391,0.4573529411764706,0.05388898011480393,0.08864737228885247,0.3687055688876181,0.5460003134653231,0.177294744577705,0.11782799510632372,proportion approximation,CV <= 30% diagnostic reference
36047041100,134881,0,Census Tract 411; Kings County; New York,36,047,041100,Brooklyn,1030,212,591,190,818,1242,401,781,0.5737864077669903,0.08614255654908728,0.1417045055232486,0.4320819022437417,0.715490913290239,0.28340901104649724,0.15013000549164113,proportion approximation,CV <= 30% diagnostic reference
36047041200,165322,0,Census Tract 412; Kings County; New York,36,047,041200,Brooklyn,909,155,455,129,754,1064,326,584,0.5005500550055005,0.06892292605087087,0.11337821335368259,0.38717184165181795,0.6139282683591831,0.22675642670736518,0.1376943731433882,proportion approximation,CV <= 30% diagnostic reference
36047039500,159720,0,Census Tract 395; Kings County; New York,36,047,039500,Brooklyn,1959,347,1596,355,1612,2306,1241,1951,0.8147013782542113,0.06663054240680115,0.10960724225918789,0.7050941359950234,0.9243086205133992,0.21921448451837589,0.0817852334429345,proportion approximation,CV <= 30% diagnostic reference
36047041300,162165,0,Census Tract 413; Kings County; New York,36,047,041300,Brooklyn,1449,219,871,241,1230,1668,630,1112,0.601104209799862,0.0846909769317551,0.13931665705273716,0.46178755274712485,0.7404208668525991,0.27863331410547426,0.14089233705409085,proportion approximation,CV <= 30% diagnostic reference
36047039600,163301,0,Census Tract 396; Kings County; New York,36,047,039600,Brooklyn,675,104,245,78,571,779,167,323,0.362962962962963,0.06147241617540492,0.1011221246085411,0.2618408383544219,0.4640850875715041,0.20224424921708217,0.16936277925876866,proportion approximation,CV <= 30% diagnostic reference
36047039700,159173,0,Census Tract 397; Kings County; New York,36,047,039700,Brooklyn,1598,160,1055,221,1438,1758,834,1276,0.6602002503128911,0.07384639873949642,0.1214773259264716,0.5387229243864194,0.7816775762393627,0.2429546518529433,0.11185454519973012,proportion approximation,CV <= 30% diagnostic reference
36047039800,202902,0,Census Tract 398; Kings County; New York,36,047,039800,Brooklyn,809,182,250,75,627,991,175,325,0.30902348578491967,0.037283144938679263,0.061330773424127384,0.2476927123607923,0.3703542592090471,0.12266154684825478,0.12064825702156609,proportion approximation,CV <= 30% diagnostic reference
36047039900,151244,0,Census Tract 399; Kings County; New York,36,047,039900,Brooklyn,1635,259,1119,280,1376,1894,839,1399,0.6844036697247706,0.08058734082210048,0.1325661756523553,0.5518374940724153,0.8169698453771259,0.2651323513047106,0.11774825937813609,proportion approximation,CV <= 30% diagnostic reference
36047040000,192000,0,Census Tract 400; Kings County; New York,36,047,040000,Brooklyn,877,149,257,84,728,1026,173,341,0.29304446978335236,0.049741229925908174,0.08182432322811894,0.2112201465552334,0.3748687930114713,0.1636486464562379,0.16973952780163995,proportion approximation,CV <= 30% diagnostic reference
36047040200,197509,0,Census Tract 402; Kings County; New York,36,047,040200,Brooklyn,772,111,380,97,661,883,283,477,0.49222797927461137,0.0631119521668199,0.10381916131441875,0.3884088179601926,0.5960471405890301,0.20763832262883747,0.12821691334943414,proportion approximation,CV <= 30% diagnostic reference
36047041401,135123,0,Census Tract 414.01; Kings County; New York,36,047,041401,Brooklyn,468,60,163,63,408,528,100,226,0.3482905982905983,0.07719992199363011,0.12699387167952153,0.22129672661107674,0.4752844699701198,0.25398774335904306,0.2216537637608521,proportion approximation,CV <= 30% diagnostic reference
36047041500,162692,0,Census Tract 415; Kings County; New York,36,047,041500,Brooklyn,1649,304,946,329,1345,1953,617,1275,0.5736810187992722,0.10284323679001985,0.16917712451958264,0.4045038942796896,0.7428581433188549,0.33835424903916533,0.17926902480628196,proportion approximation,CV <= 30% diagnostic reference
36047041600,162563,0,Census Tract 416; Kings County; New York,36,047,041600,Brooklyn,705,110,250,78,595,815,172,328,0.3546099290780142,0.05824301995385153,0.09580976782408578,0.2588001612539284,0.4504196969021,0.19161953564817158,0.1642453162698613,proportion approximation,CV <= 30% diagnostic reference
36047041800,164317,0,Census Tract 418; Kings County; New York,36,047,041800,Brooklyn,871,130,395,96,741,1001,299,491,0.4535017221584386,0.0528789156566809,0.08698581625524009,0.3665159059031985,0.5404875384136787,0.1739716325104802,0.1166013557897951,proportion approximation,CV <= 30% diagnostic reference
36047041900,153013,0,Census Tract 419; Kings County; New York,36,047,041900,Brooklyn,1241,134,843,197,1107,1375,646,1040,0.6792908944399678,0.08558135287885694,0.14078132548571967,0.5385095689542482,0.8200722199256875,0.2815626509714393,0.12598630951679887,proportion approximation,CV <= 30% diagnostic reference
36047042100,153368,0,Census Tract 421; Kings County; New York,36,047,042100,Brooklyn,1795,251,1087,228,1544,2046,859,1315,0.6055710306406685,0.05755354239302933,0.09467557723653325,0.5108954534041352,0.7002466078772018,0.1893511544730666,0.09504011830311651,proportion approximation,CV <= 30% diagnostic reference
36047042300,182231,0,Census Tract 423; Kings County; New York,36,047,042300,Brooklyn,1528,222,787,212,1306,1750,575,999,0.5150523560209425,0.07102344421221382,0.11683356572909175,0.3982187902918507,0.6318859217500342,0.23366713145818352,0.13789558164709365,proportion approximation,CV <= 30% diagnostic reference
36047042500,167847,0,Census Tract 425; Kings County; New York,36,047,042500,Brooklyn,1148,106,831,140,1042,1254,691,971,0.7238675958188153,0.06200842879020931,0.10200386535989432,0.621863730458921,0.8258714611787097,0.20400773071978873,0.08566266696890529,proportion approximation,CV <= 30% diagnostic reference
36047042600,170007,0,Census Tract 426; Kings County; New York,36,047,042600,Brooklyn,1537,236,646,212,1301,1773,434,858,0.4202992843201041,0.07410475430555634,0.12190232083264017,0.2983969634874639,0.5422016051527443,0.24380464166528037,0.17631425289108374,proportion approximation,CV <= 30% diagnostic reference
36047042700,148265,0,Census Tract 427; Kings County; New York,36,047,042700,Brooklyn,1871,156,1304,208,1715,2027,1096,1512,0.6969535008017104,0.057613175312247945,0.09477367338864787,0.6021798274130625,0.7917271741903582,0.18954734677729568,0.08266430292117784,proportion approximation,CV <= 30% diagnostic reference
36047042800,164702,0,Census Tract 428; Kings County; New York,36,047,042800,Brooklyn,1263,179,429,117,1084,1442,312,546,0.33966745843230406,0.048113120809459745,0.07914608373156128,0.26052137470074277,0.41881354216386535,0.15829216746312258,0.14164771930617168,proportion approximation,CV <= 30% diagnostic reference
36047042900,168134,0,Census Tract 429; Kings County; New York,36,047,042900,Brooklyn,2038,174,1527,301,1864,2212,1226,1828,0.7492639842983317,0.08092469951913299,0.13312113070897377,0.6161428535893579,0.8823851150073055,0.2662422614179476,0.10800559110674068,proportion approximation,CV <= 30% diagnostic reference
36047043000,160032,0,Census Tract 430; Kings County; New York,36,047,043000,Brooklyn,1381,188,723,167,1193,1569,556,890,0.5235336712527154,0.05938760527375533,0.09769261067532752,0.4258410605773879,0.621226281928043,0.19538522135065506,0.11343607591017442,proportion approximation,CV <= 30% diagnostic reference
36047043100,168207,0,Census Tract 431; Kings County; New York,36,047,043100,Brooklyn,1783,258,1371,276,1525,2041,1095,1647,0.7689287717330342,0.06542207001157621,0.10761930516904288,0.6613094665639914,0.876548076902077,0.21523861033808567,0.08508209396837373,proportion approximation,CV <= 30% diagnostic reference
36047039200,174602,0,Census Tract 392; Kings County; New York,36,047,039200,Brooklyn,1082,221,401,186,861,1303,215,587,0.3706099815157117,0.0938236725968197,0.1543399414217684,0.21627004009394327,0.5249499229374801,0.30867988284353687,0.25316013403929905,proportion approximation,CV <= 30% diagnostic reference
36047041402,154394,0,Census Tract 414.02; Kings County; New York,36,047,041402,Brooklyn,730,149,328,160,581,879,168,488,0.44931506849315067,0.12101448278173856,0.19906882417595992,0.2502462443171908,0.6483838926691106,0.3981376483519198,0.26933101350813765,proportion approximation,CV <= 30% diagnostic reference
36047021200,190833,0,Census Tract 212; Kings County; New York,36,047,021200,Brooklyn,1214,227,661,190,987,1441,471,851,0.5444810543657331,0.072259457575384,0.11886680771150668,0.4256142466542264,0.6633478620772398,0.2377336154230134,0.13271252873905626,proportion approximation,CV <= 30% diagnostic reference
36047019400,178420,0,Census Tract 194; Kings County; New York,36,047,019400,Brooklyn,1159,348,347,119,811,1507,228,466,0.2993960310612597,0.030155604408895222,0.049605969252632644,0.2497900618086271,0.3490020003138924,0.0992119385052653,0.1007214568008921,proportion approximation,CV <= 30% diagnostic reference
36047117602,143799,0,Census Tract 1176.02; Kings County; New York,36,047,117602,Brooklyn,1068,165,539,195,903,1233,344,734,0.5046816479400749,0.10036402342890388,0.1650988185405469,0.339582829399528,0.6697804664806217,0.33019763708109373,0.1988660056068077,proportion approximation,CV <= 30% diagnostic reference
36047041700,141142,0,Census Tract 417; Kings County; New York,36,047,041700,Brooklyn,1432,172,1015,210,1260,1604,805,1225,0.7087988826815642,0.07258692223739839,0.11940548708052036,0.5893933956010439,0.8282043697620846,0.2388109741610407,0.10240834743246749,proportion approximation,CV <= 30% diagnostic reference
36047089800,154357,0,Census Tract 898; Kings County; New York,36,047,089800,Brooklyn,743,101,502,120,642,844,382,622,0.6756393001345895,0.08076062753387454,0.13285123229322363,0.5427880678413659,0.8084905324278131,0.2657024645864472,0.11953216385989798,proportion approximation,CV <= 30% diagnostic reference
36047072800,212050,0,Census Tract 728; Kings County; New York,36,047,072800,Brooklyn,1410,233,562,160,1177,1643,402,722,0.39858156028368796,0.05617242104738212,0.09240363262294359,0.30617792766074436,0.49098519290663156,0.1848072652458872,0.14093080725410817,proportion approximation,CV <= 30% diagnostic reference
36047036002,86032,0,Census Tract 360.02; Kings County; New York,36,047,036002,Brooklyn,2203,249,1766,291,1954,2452,1475,2057,0.8016341352700862,0.058430974767387386,0.09611895349235225,0.705515181777734,0.8977530887624384,0.19223790698470444,0.07288982865943058,proportion approximation,CV <= 30% diagnostic reference
36047098800,161941,0,Census Tract 988; Kings County; New York,36,047,098800,Brooklyn,914,143,243,87,771,1057,156,330,0.2658643326039387,0.05204641446086153,0.08561635178811722,0.1802479808158215,0.35148068439205593,0.17123270357623444,0.19576305686101828,proportion approximation,CV <= 30% diagnostic reference
36047059600,173084,0,Census Tract 596; Kings County; New York,36,047,059600,Brooklyn,1168,191,406,130,977,1359,276,536,0.3476027397260274,0.05817129566159256,0.09569178136331977,0.2519109583627076,0.4432945210893472,0.1913835627266396,0.16734993431709388,proportion approximation,CV <= 30% diagnostic reference
36047058200,161534,0,Census Tract 582; Kings County; New York,36,047,058200,Brooklyn,782,121,438,147,661,903,291,585,0.5601023017902813,0.10140394874383978,0.16680949568361644,0.39329280610666484,0.7269117974738978,0.33361899136723294,0.18104540620475504,proportion approximation,CV <= 30% diagnostic reference
36047068600,148006,0,Census Tract 686; Kings County; New York,36,047,068600,Brooklyn,695,116,224,81,579,811,143,305,0.32230215827338127,0.06285055588520806,0.10338916443116726,0.21891299384221402,0.4256913227045485,0.2067783288623345,0.19500507294740896,proportion approximation,CV <= 30% diagnostic reference
36047025400,175492,0,Census Tract 254; Kings County; New York,36,047,025400,Brooklyn,1175,332,475,225,843,1507,250,700,0.40425531914893614,0.09342960329745616,0.15369169742431538,0.25056362172462077,0.5579470165732515,0.30738339484863075,0.23111533447265473,proportion approximation,CV <= 30% diagnostic reference
36047032100,160095,0,Census Tract 321; Kings County; New York,36,047,032100,Brooklyn,2188,272,1515,271,1916,2460,1244,1786,0.6924131627056673,0.05413889796981231,0.08905848716034126,0.6033546755453261,0.7814716498660086,0.17811697432068252,0.07818871865211177,proportion approximation,CV <= 30% diagnostic reference
36047081600,179640,0,Census Tract 816; Kings County; New York,36,047,081600,Brooklyn,937,130,456,112,807,1067,344,568,0.48665955176093917,0.059959804018630034,0.0986338776106464,0.38802567415029277,0.5852934293715856,0.1972677552212928,0.1232068779944218,proportion approximation,CV <= 30% diagnostic reference
36047019500,137028,0,Census Tract 195; Kings County; New York,36,047,019500,Brooklyn,1871,217,1189,238,1654,2088,951,1427,0.635489043292357,0.06302483616078469,0.10367585548449082,0.5318131878078662,0.7391648987768478,0.20735171096898153,0.0991753309140691,proportion approximation,CV <= 30% diagnostic reference
36047044800,224533,0,Census Tract 448; Kings County; New York,36,047,044800,Brooklyn,759,100,197,72,659,859,125,269,0.2595520421607378,0.053789357227406846,0.08848349263908427,0.1710685495216535,0.3480355347998221,0.17696698527816856,0.20723919865787715,proportion approximation,CV <= 30% diagnostic reference
36047007400,141287,0,Census Tract 74; Kings County; New York,36,047,007400,Brooklyn,1568,235,1062,236,1333,1803,826,1298,0.6772959183673469,0.06755505758384577,0.11112806972542628,0.5661678486419206,0.7884239880927733,0.22225613945085265,0.09974230724243895,proportion approximation,CV <= 30% diagnostic reference
36047004600,289094,528144,Census Tract 46; Kings County; New York,36,047,004600,Brooklyn,512,141,94,69,371,653,25,163,0.18359375,0.0759403142028275,0.12492181686365124,0.05867193313634876,0.3085155668636512,0.24984363372730245,0.4136323497005072,proportion approximation,CV > 30% diagnostic reference
36047043200,148819,0,Census Tract 432; Kings County; New York,36,047,043200,Brooklyn,1432,188,735,157,1244,1620,578,892,0.513268156424581,0.052574241279893054,0.08648462690542408,0.42678352951915693,0.5997527833300051,0.1729692538108482,0.10243035852082565,proportion approximation,CV <= 30% diagnostic reference
36047043300,168245,0,Census Tract 433; Kings County; New York,36,047,043300,Brooklyn,1442,148,1103,215,1294,1590,888,1318,0.7649098474341193,0.0770552472191165,0.12675588167544663,0.6381539657586727,0.8916657291095659,0.2535117633508932,0.10073768494103898,proportion approximation,CV <= 30% diagnostic reference
36047043400,139658,0,Census Tract 434; Kings County; New York,36,047,043400,Brooklyn,1266,149,579,152,1117,1415,427,731,0.45734597156398105,0.06524090976469567,0.10732129656292438,0.35002467500105666,0.5646672681269054,0.2146425931258487,0.14265110839741746,proportion approximation,CV <= 30% diagnostic reference
36047043500,168159,0,Census Tract 435; Kings County; New York,36,047,043500,Brooklyn,1774,249,1358,274,1525,2023,1084,1632,0.7655016910935738,0.06744999383131244,0.11095523985250896,0.6545464512410648,0.8764569309460828,0.22191047970501798,0.08811214216255395,proportion approximation,CV <= 30% diagnostic reference
36047043900,200003,0,Census Tract 439; Kings County; New York,36,047,043900,Brooklyn,1116,132,712,178,984,1248,534,890,0.6379928315412187,0.08542112375177606,0.14051774857167162,0.497475082969547,0.7785105801128903,0.2810354971433433,0.13389041307160404,proportion approximation,CV <= 30% diagnostic reference
36047044000,201541,0,Census Tract 440; Kings County; New York,36,047,044000,Brooklyn,733,95,317,91,638,828,226,408,0.4324693042291951,0.06734006591527451,0.11077440843062657,0.3216948957985685,0.5432437126598216,0.2215488168612531,0.15571062560219626,proportion approximation,CV <= 30% diagnostic reference
36047044100,142020,0,Census Tract 441; Kings County; New York,36,047,044100,Brooklyn,1918,265,1143,230,1653,2183,913,1373,0.5959332638164755,0.052997854834933696,0.08718147120346594,0.5087517926130095,0.6831147350199415,0.17436294240693195,0.08893253331006372,proportion approximation,CV <= 30% diagnostic reference
36047044200,182832,0,Census Tract 442; Kings County; New York,36,047,044200,Brooklyn,860,202,278,174,658,1062,104,452,0.32325581395348835,0.11400510613083308,0.18753839958522042,0.13571741436826792,0.5107942135387088,0.3750767991704409,0.3526776664479009,proportion approximation,CV > 30% diagnostic reference
36047044300,167769,0,Census Tract 443; Kings County; New York,36,047,044300,Brooklyn,1952,212,1215,243,1740,2164,972,1458,0.6224385245901639,0.06354635660968792,0.10453375662293662,0.5179047679672273,0.7269722812131005,0.20906751324587325,0.10209258280009122,proportion approximation,CV <= 30% diagnostic reference
36047044400,174544,0,Census Tract 444; Kings County; New York,36,047,044400,Brooklyn,941,240,419,222,701,1181,197,641,0.4452709883103082,0.1257062697161984,0.20678681368314636,0.23848417462716184,0.6520578019934545,0.41357362736629266,0.28231408067528085,proportion approximation,CV <= 30% diagnostic reference
36047044500,169739,0,Census Tract 445; Kings County; New York,36,047,044500,Brooklyn,1648,157,1000,213,1491,1805,787,1213,0.6067961165048543,0.07027316673679469,0.11559935928202726,0.4911967572228271,0.7223954757868816,0.2311987185640545,0.11581017878223766,proportion approximation,CV <= 30% diagnostic reference
36047044600,141744,0,Census Tract 446; Kings County; New York,36,047,044600,Brooklyn,637,103,203,78,534,740,125,281,0.31868131868131866,0.06752505750702929,0.1110787195990632,0.20760259908225548,0.42976003828038184,0.22215743919812636,0.2118889735565402,proportion approximation,CV <= 30% diagnostic reference
36047045000,220368,0,Census Tract 450; Kings County; New York,36,047,045000,Brooklyn,296,100,52,37,196,396,15,89,0.17567567567567569,0.06687645859960008,0.11001177439634213,0.06566390127933355,0.2856874500720178,0.22002354879268424,0.3806813797208004,proportion approximation,CV > 30% diagnostic reference
36047045200,186316,0,Census Tract 452; Kings County; New York,36,047,045200,Brooklyn,892,129,285,96,763,1021,189,381,0.3195067264573991,0.059087772008533226,0.09719938495403715,0.22230734150336193,0.4167061114114362,0.19439876990807428,0.18493436011091804,proportion approximation,CV <= 30% diagnostic reference
36047045300,319529,0,Census Tract 453; Kings County; New York,36,047,045300,Brooklyn,683,83,493,98,600,766,395,591,0.7218155197657394,0.06902727362363771,0.11354986511088404,0.6082656546548554,0.8353653848766235,0.2270997302217681,0.09563007684572931,proportion approximation,CV <= 30% diagnostic reference
36047045400,132312,0,Census Tract 454; Kings County; New York,36,047,045400,Brooklyn,531,95,220,100,436,626,120,320,0.4143126177024482,0.10524194148208524,0.17312299373803022,0.24118962396441798,0.5874356114404784,0.3462459874760604,0.2540157769408512,proportion approximation,CV <= 30% diagnostic reference
36047079400,222181,0,Census Tract 794; Kings County; New York,36,047,079400,Brooklyn,691,119,439,115,572,810,324,554,0.6353111432706223,0.07623541189013147,0.12540725255926627,0.509903890711356,0.7607183958298886,0.25081450511853265,0.11999696951271263,proportion approximation,CV <= 30% diagnostic reference
36047080400,189757,0,Census Tract 804; Kings County; New York,36,047,080400,Brooklyn,1390,322,950,331,1068,1712,619,1281,0.6834532374100719,0.10812948919986515,0.17787300973377818,0.5055802276762937,0.8613262471438501,0.35574601946755635,0.1582105157766448,proportion approximation,CV <= 30% diagnostic reference
36047080600,166310,0,Census Tract 806; Kings County; New York,36,047,080600,Brooklyn,1311,213,826,234,1098,1524,592,1060,0.6300533943554538,0.08888661979815955,0.14621848956797245,0.48383490478748137,0.7762718839234263,0.2924369791359449,0.14107791592661886,proportion approximation,CV <= 30% diagnostic reference
36047048200,196675,0,Census Tract 482; Kings County; New York,36,047,048200,Brooklyn,2169,421,829,337,1748,2590,492,1166,0.3822037805440295,0.08298872205850201,0.1365164477862358,0.24568733275779367,0.5187202283302653,0.2730328955724717,0.21713213286476582,proportion approximation,CV <= 30% diagnostic reference
36047007800,138114,0,Census Tract 78; Kings County; New York,36,047,007800,Brooklyn,1387,206,1008,200,1181,1593,808,1208,0.7267483777937995,0.058123514566528825,0.09561318146193992,0.6311351963318597,0.8223615592557394,0.19122636292387973,0.07997749474580901,proportion approximation,CV <= 30% diagnostic reference
36047028501,83218,0,Census Tract 285.01; Kings County; New York,36,047,028501,Brooklyn,321,97,298,98,224,418,200,396,0.9283489096573209,0.07322398715093574,0.12045345886328929,0.8078954507940316,1.0,0.19210454920596842,0.07887550293775293,proportion approximation,CV <= 30% diagnostic reference
36047026100,199415,0,Census Tract 261; Kings County; New York,36,047,026100,Brooklyn,2457,223,1552,296,2234,2680,1256,1848,0.6316646316646317,0.06441112443123632,0.10595629968938376,0.5257083319752479,0.7376209313540155,0.2119125993787676,0.10197044634506935,proportion approximation,CV <= 30% diagnostic reference
36047067800,166222,0,Census Tract 678; Kings County; New York,36,047,067800,Brooklyn,875,143,278,126,732,1018,152,404,0.3177142857142857,0.0816491465275344,0.1343128460377941,0.18340143967649164,0.4520271317520798,0.2686256920755882,0.2569892201855849,proportion approximation,CV <= 30% diagnostic reference
36047075400,173457,0,Census Tract 754; Kings County; New York,36,047,075400,Brooklyn,428,150,43,66,278,578,0,109,0.10046728971962617,0.09126559829005422,0.1501319091871392,0.0,0.25059919890676535,0.25059919890676535,0.9084110713521676,proportion approximation,CV > 30% diagnostic reference
36047018100,169374,0,Census Tract 181; Kings County; New York,36,047,018100,Brooklyn,2158,278,1592,256,1880,2436,1336,1848,0.7377201112140871,0.04316100116803547,0.07099984692141835,0.6667202642926687,0.8087199581355055,0.14199969384283673,0.058505929975264166,proportion approximation,CV <= 30% diagnostic reference
36047080200,185243,0,Census Tract 802; Kings County; New York,36,047,080200,Brooklyn,1907,264,1093,182,1643,2171,911,1275,0.5731515469323545,0.03223985785076004,0.053034566164500266,0.5201169807678542,0.6261861130968548,0.10606913232900061,0.05625014539926752,proportion approximation,CV <= 30% diagnostic reference
36047083800,166942,0,Census Tract 838; Kings County; New York,36,047,083800,Brooklyn,737,117,234,87,620,854,147,321,0.3175033921302578,0.06489003906497164,0.10674411426187834,0.21075927786837945,0.42424750639213615,0.2134882285237567,0.20437589226873545,proportion approximation,CV <= 30% diagnostic reference
36047055100,231586,0,Census Tract 551; Kings County; New York,36,047,055100,Brooklyn,3279,307,2311,401,2972,3586,1910,2712,0.7047880451357121,0.06259168377795207,0.10296331981473117,0.601824725320981,0.8077513649504433,0.20592663962946234,0.088809230250067,proportion approximation,CV <= 30% diagnostic reference
36047019300,269732,0,Census Tract 193; Kings County; New York,36,047,019300,Brooklyn,2626,365,1634,412,2261,2991,1222,2046,0.6222391469916222,0.0795752129678455,0.13090122533210585,0.49133792165951634,0.753140372323728,0.26180245066421165,0.12788525658112748,proportion approximation,CV <= 30% diagnostic reference
36047086800,174581,0,Census Tract 868; Kings County; New York,36,047,086800,Brooklyn,1299,258,912,268,1041,1557,644,1180,0.7020785219399538,0.09243432426021247,0.1520544634080495,0.5500240585319043,0.8541329853480033,0.304108926816099,0.13165810001536843,proportion approximation,CV <= 30% diagnostic reference
36047099600,189693,0,Census Tract 996; Kings County; New York,36,047,099600,Brooklyn,1011,232,377,143,779,1243,234,520,0.37289812067260136,0.06846406559631946,0.1126233879059455,0.26027473276665586,0.48552150857854687,0.225246775811891,0.18359992126758348,proportion approximation,CV <= 30% diagnostic reference
36047042000,168650,0,Census Tract 420; Kings County; New York,36,047,042000,Brooklyn,490,62,174,66,428,552,108,240,0.3551020408163265,0.07719077232721382,0.12697882047826672,0.2281232203380598,0.48208086129459327,0.2539576409565335,0.2173763128754872,proportion approximation,CV <= 30% diagnostic reference
36047020200,134828,0,Census Tract 202; Kings County; New York,36,047,020200,Brooklyn,630,90,102,45,540,720,57,147,0.1619047619047619,0.0410821664116481,0.06758016374716112,0.09432459815760079,0.22948492565192302,0.13516032749432222,0.2537427925425324,proportion approximation,CV <= 30% diagnostic reference
36047065400,151523,0,Census Tract 654; Kings County; New York,36,047,065400,Brooklyn,468,64,36,28,404,532,8,64,0.07692307692307693,0.03580365834181423,0.05889701797228441,0.01802605895079252,0.13582009489536134,0.11779403594456883,0.465447558443585,proportion approximation,CV > 30% diagnostic reference
36047040400,153660,0,Census Tract 404; Kings County; New York,36,047,040400,Brooklyn,847,138,187,66,709,985,121,253,0.22077922077922077,0.042019797609044986,0.069122567066879,0.15165665371234177,0.28990178784609977,0.138245134133758,0.19032496564096849,proportion approximation,CV <= 30% diagnostic reference
36047004100,162009,0,Census Tract 41; Kings County; New York,36,047,004100,Brooklyn,1387,162,963,167,1225,1549,796,1130,0.6943042537851478,0.05410278458425528,0.08899908064109993,0.6053051731440479,0.7833033344262478,0.17799816128219992,0.0779237406213521,proportion approximation,CV <= 30% diagnostic reference
36047032900,156418,0,Census Tract 329; Kings County; New York,36,047,032900,Brooklyn,2121,298,1159,236,1823,2419,923,1395,0.5464403583215465,0.04895888352001819,0.08053736339042993,0.46590299493111653,0.6269777217119764,0.16107472678085988,0.08959602411212991,proportion approximation,CV <= 30% diagnostic reference
36047013900,151331,0,Census Tract 139; Kings County; New York,36,047,013900,Brooklyn,1430,182,764,145,1248,1612,619,909,0.5342657342657343,0.04572633787931452,0.0752198258114724,0.4590459084542619,0.6094855600772067,0.15043965162294476,0.0855872554547379,proportion approximation,CV <= 30% diagnostic reference
36047002300,182214,0,Census Tract 23; Kings County; New York,36,047,002300,Brooklyn,1475,218,1229,258,1257,1693,971,1487,0.8332203389830508,0.07551250152441655,0.12421806500766523,0.7090022739753856,0.957438403990716,0.24843613001533038,0.09062729027543891,proportion approximation,CV <= 30% diagnostic reference
36047016000,258630,0,Census Tract 160; Kings County; New York,36,047,016000,Brooklyn,1853,223,1026,232,1630,2076,794,1258,0.5536967080410146,0.06443606167377745,0.10599732145336391,0.4476993865876506,0.6596940294943785,0.21199464290672787,0.11637429072271893,proportion approximation,CV <= 30% diagnostic reference
36047036300,259726,0,Census Tract 363; Kings County; New York,36,047,036300,Brooklyn,2105,257,1223,225,1848,2362,998,1448,0.5809976247030879,0.04860739425174514,0.07995916354412075,0.5010384611589671,0.6609567882472087,0.1599183270882416,0.08366195004082053,proportion approximation,CV <= 30% diagnostic reference
36047092800,157219,0,Census Tract 928; Kings County; New York,36,047,092800,Brooklyn,1102,147,304,103,955,1249,201,407,0.27586206896551724,0.05222962839304361,0.08591773870655674,0.18994433025896051,0.36177980767207396,0.17183547741311345,0.1893324029247831,proportion approximation,CV <= 30% diagnostic reference
36047012801,114974,0,Census Tract 128.01; Kings County; New York,36,047,012801,Brooklyn,754,148,330,87,606,902,243,417,0.4376657824933687,0.04682606122140344,0.07702887070920866,0.36063691178416,0.5146946532025773,0.15405774141841733,0.10699045503314604,proportion approximation,CV <= 30% diagnostic reference
36047046800,295918,0,Census Tract 468; Kings County; New York,36,047,046800,Brooklyn,500,180,299,190,320,680,109,489,0.598,0.19035658733913144,0.3131365861728712,0.28486341382712876,0.9111365861728712,0.6262731723457424,0.31832205240657435,proportion approximation,CV > 30% diagnostic reference
36047047000,181816,0,Census Tract 470; Kings County; New York,36,047,047000,Brooklyn,655,89,164,68,566,744,96,232,0.250381679389313,0.05962554715600971,0.09808402507163598,0.152297654317677,0.348465704460949,0.196168050143272,0.23813861821455098,proportion approximation,CV <= 30% diagnostic reference
36047045800,179391,0,Census Tract 458; Kings County; New York,36,047,045800,Brooklyn,459,86,96,44,373,545,52,140,0.20915032679738563,0.05318232136983335,0.08748491865337586,0.12166540814400977,0.2966352454507615,0.1749698373067517,0.2542779740495157,proportion approximation,CV <= 30% diagnostic reference
36047046202,172844,0,Census Tract 462.02; Kings County; New York,36,047,046202,Brooklyn,462,81,171,65,381,543,106,236,0.37012987012987014,0.07588645093276261,0.1248332117843945,0.24529665834547565,0.49496308191426464,0.249666423568789,0.20502655164290248,proportion approximation,CV <= 30% diagnostic reference
36047046400,164016,0,Census Tract 464; Kings County; New York,36,047,046400,Brooklyn,628,98,256,90,530,726,166,346,0.40764331210191085,0.07806694518039704,0.12842012482175313,0.2792231872801577,0.536063436923664,0.25684024964350627,0.1915079748956615,proportion approximation,CV <= 30% diagnostic reference
36047047400,175872,0,Census Tract 474; Kings County; New York,36,047,047400,Brooklyn,729,100,235,67,629,829,168,302,0.3223593964334705,0.04897859357639807,0.08056978643317482,0.2417896100002957,0.4029291828666453,0.1611395728663496,0.15193784986040082,proportion approximation,CV <= 30% diagnostic reference
36047047600,207174,0,Census Tract 476; Kings County; New York,36,047,047600,Brooklyn,926,140,379,117,786,1066,262,496,0.40928725701943847,0.06696663144861903,0.11016010873297831,0.29912714828646014,0.5194473657524168,0.22032021746595665,0.1636176800037499,proportion approximation,CV <= 30% diagnostic reference
36047047700,217806,0,Census Tract 477; Kings County; New York,36,047,047700,Brooklyn,1887,184,1115,187,1703,2071,928,1302,0.5908850026497086,0.04901422735707273,0.08062840400238465,0.5102565986473239,0.6715134066520932,0.16125680800476938,0.08295053544645403,proportion approximation,CV <= 30% diagnostic reference
36047047800,221223,0,Census Tract 478; Kings County; New York,36,047,047800,Brooklyn,1205,143,697,178,1062,1348,519,875,0.5784232365145229,0.07951389341146649,0.13080035466186238,0.4476228818526605,0.7092235911763852,0.2616007093237247,0.13746663064679643,proportion approximation,CV <= 30% diagnostic reference
36047048000,153158,0,Census Tract 480; Kings County; New York,36,047,048000,Brooklyn,971,165,443,144,806,1136,299,587,0.45623069001029865,0.07685288143306333,0.12642298995738918,0.3298077000529095,0.5826536799676878,0.2528459799147783,0.16845180106434424,proportion approximation,CV <= 30% diagnostic reference
36047048100,151305,0,Census Tract 481; Kings County; New York,36,047,048100,Brooklyn,1443,118,961,149,1325,1561,812,1110,0.665973665973666,0.05333010079030298,0.08772801580004841,0.5782456501736176,0.7537016817737144,0.17545603160009682,0.08007839275796795,proportion approximation,CV <= 30% diagnostic reference
36047081400,170174,0,Census Tract 814; Kings County; New York,36,047,081400,Brooklyn,925,126,494,164,799,1051,330,658,0.534054054054054,0.09828911515344166,0.16168559442741154,0.3723684596266425,0.6957396484814655,0.323371188854823,0.1840433836375173,proportion approximation,CV <= 30% diagnostic reference
36047082000,148600,0,Census Tract 820; Kings County; New York,36,047,082000,Brooklyn,2302,465,1754,496,1837,2767,1258,2250,0.7619461337966985,0.09166287371222326,0.15078542725660726,0.6111607065400912,0.9127315610533058,0.3015708545132145,0.12030098933040932,proportion approximation,CV <= 30% diagnostic reference
36047082200,169857,0,Census Tract 822; Kings County; New York,36,047,082200,Brooklyn,3158,366,2227,370,2792,3524,1857,2597,0.7051931602279924,0.05103290619133922,0.08394913068475301,0.6212440295432393,0.7891422909127455,0.16789826136950614,0.07236727335080792,proportion approximation,CV <= 30% diagnostic reference
36047082600,199091,0,Census Tract 826; Kings County; New York,36,047,082600,Brooklyn,1806,281,1242,328,1525,2087,914,1570,0.6877076411960132,0.08920901306639549,0.14674882649422058,0.5409588147017926,0.8344564676902338,0.2934976529884412,0.1297193861496862,proportion approximation,CV <= 30% diagnostic reference
36047082800,156676,0,Census Tract 828; Kings County; New York,36,047,082800,Brooklyn,1414,216,883,196,1198,1630,687,1079,0.6244695898161244,0.06113584038463632,0.10056845743272674,0.5239011323833977,0.7250380472488511,0.20113691486545338,0.09790042843021038,proportion approximation,CV <= 30% diagnostic reference
36047083000,201783,0,Census Tract 830; Kings County; New York,36,047,083000,Brooklyn,2168,343,978,321,1825,2511,657,1299,0.4511070110701107,0.07886100160271524,0.12972634763646657,0.32138066343364413,0.5808333587065773,0.25945269527293313,0.17481661704978185,proportion approximation,CV <= 30% diagnostic reference
36047083200,145549,0,Census Tract 832; Kings County; New York,36,047,083200,Brooklyn,830,128,246,88,702,958,158,334,0.2963855421686747,0.05815542039727103,0.09566566655351084,0.20071987561516386,0.3920512087221855,0.19133133310702166,0.19621544280380063,proportion approximation,CV <= 30% diagnostic reference
36047083400,125994,0,Census Tract 834; Kings County; New York,36,047,083400,Brooklyn,558,89,113,52,469,647,61,165,0.2025089605734767,0.05313880599751102,0.08741333586590563,0.11509562470757106,0.28992229643938233,0.17482667173181127,0.26240224554523145,proportion approximation,CV <= 30% diagnostic reference
36047057400,159204,0,Census Tract 574; Kings County; New York,36,047,057400,Brooklyn,974,183,220,95,791,1157,125,315,0.22587268993839835,0.05338572186057523,0.08781951246064626,0.1380531774777521,0.3136922023990446,0.17563902492129252,0.2363531504190922,proportion approximation,CV <= 30% diagnostic reference
36047102400,143125,0,Census Tract 1024; Kings County; New York,36,047,102400,Brooklyn,568,93,135,78,475,661,57,213,0.23767605633802816,0.08005750670111872,0.13169459852334028,0.10598145781468787,0.36937065486136844,0.26338919704668057,0.33683454671285507,proportion approximation,CV > 30% diagnostic reference
36047048400,209195,0,Census Tract 484; Kings County; New York,36,047,048400,Brooklyn,1514,180,679,174,1334,1694,505,853,0.4484808454425363,0.06189055062219731,0.10180995577351458,0.3466708896690217,0.5502908012160509,0.2036199115470292,0.1380004324624547,proportion approximation,CV <= 30% diagnostic reference
36047024100,180215,0,Census Tract 241; Kings County; New York,36,047,024100,Brooklyn,1158,155,735,138,1003,1313,597,873,0.6347150259067358,0.05080241477663459,0.0835699723075639,0.5511450535991719,0.7182849982142997,0.16713994461512782,0.0800397228725753,proportion approximation,CV <= 30% diagnostic reference
36047026500,159608,0,Census Tract 265; Kings County; New York,36,047,026500,Brooklyn,1977,278,1312,319,1699,2255,993,1631,0.663631765300961,0.08002037388563818,0.13163351504187482,0.5319982502590862,0.7952652803428358,0.26326703008374963,0.1205794810761484,proportion approximation,CV <= 30% diagnostic reference
36047029500,164586,0,Census Tract 295; Kings County; New York,36,047,029500,Brooklyn,1886,273,608,178,1613,2159,430,786,0.32237539766702017,0.049870180267144466,0.08203644653945265,0.24033895112756753,0.4044118442064728,0.16407289307890527,0.1546959868155172,proportion approximation,CV <= 30% diagnostic reference
36047015100,149311,0,Census Tract 151; Kings County; New York,36,047,015100,Brooklyn,1763,174,817,134,1589,1937,683,951,0.4634146341463415,0.036903106248021275,0.060705609777995,0.4027090243683465,0.5241202439243365,0.12141121955599005,0.07963301874573012,proportion approximation,CV <= 30% diagnostic reference
36047021700,119682,0,Census Tract 217; Kings County; New York,36,047,021700,Brooklyn,1937,196,1526,196,1741,2133,1330,1722,0.7878162106350026,0.03788594150120336,0.062322373769479536,0.725493836865523,0.8501385844044822,0.12464474753895916,0.04808982220696652,proportion approximation,CV <= 30% diagnostic reference
36047055800,171625,0,Census Tract 558; Kings County; New York,36,047,055800,Brooklyn,882,142,484,138,740,1024,346,622,0.5487528344671202,0.07849994249125461,0.12913240539811383,0.4196204290690064,0.677885239865234,0.2582648107962276,0.1430515480935673,proportion approximation,CV <= 30% diagnostic reference
36047007600,138336,0,Census Tract 76; Kings County; New York,36,047,007600,Brooklyn,1280,218,910,194,1062,1498,716,1104,0.7109375,0.05541743284376688,0.09116167702799652,0.6197758229720035,0.8020991770279965,0.18232335405599298,0.07794979564837538,proportion approximation,CV <= 30% diagnostic reference
36047012200,181661,0,Census Tract 122; Kings County; New York,36,047,012200,Brooklyn,1466,280,880,276,1186,1746,604,1156,0.6002728512960437,0.09077937503405364,0.14933207193101825,0.4509407793650254,0.749604923227062,0.29866414386203655,0.15123018613627573,proportion approximation,CV <= 30% diagnostic reference
36047010200,152450,0,Census Tract 102; Kings County; New York,36,047,010200,Brooklyn,1297,145,897,150,1152,1442,747,1047,0.6915959907478797,0.052283877648565125,0.08600697873188963,0.60558901201599,0.7776029694797694,0.17201395746377934,0.0755988732555061,proportion approximation,CV <= 30% diagnostic reference
36047040900,172310,0,Census Tract 409; Kings County; New York,36,047,040900,Brooklyn,1308,260,805,292,1048,1568,513,1097,0.6154434250764526,0.11351799901424721,0.18673710837843666,0.4287063166980159,0.8021805334548893,0.37347421675687337,0.18444912137967126,proportion approximation,CV <= 30% diagnostic reference
36047116800,143956,0,Census Tract 1168; Kings County; New York,36,047,116800,Brooklyn,754,114,363,110,640,868,253,473,0.48143236074270557,0.07685864424276857,0.1264324697793543,0.3549998909633513,0.6078648305220599,0.2528649395587086,0.15964577895054408,proportion approximation,CV <= 30% diagnostic reference
36047096600,181211,0,Census Tract 966; Kings County; New York,36,047,096600,Brooklyn,628,107,173,72,521,735,101,245,0.2754777070063694,0.0635876592786696,0.10460169951341151,0.1708760074929579,0.38007940651978095,0.20920339902682306,0.23082687876881222,proportion approximation,CV <= 30% diagnostic reference
36047005202,133272,440002,Census Tract 52.02; Kings County; New York,36,047,005202,Brooklyn,1496,151,526,107,1345,1647,419,633,0.3516042780748663,0.03774967977506553,0.06209822322998279,0.28950605484488356,0.4137025013048491,0.12419644645996553,0.10736410825760082,proportion approximation,CV <= 30% diagnostic reference
36047042200,227277,0,Census Tract 422; Kings County; New York,36,047,042200,Brooklyn,1022,233,312,109,789,1255,203,421,0.30528375733855184,0.0491268397429084,0.08081365137708432,0.22447010596146752,0.38609740871563614,0.16162730275416862,0.16092189172196278,proportion approximation,CV <= 30% diagnostic reference
36047073800,180580,0,Census Tract 738; Kings County; New York,36,047,073800,Brooklyn,1296,194,482,193,1102,1490,289,675,0.37191358024691357,0.08396475633759667,0.13812202417534652,0.23379155607156704,0.51003560442226,0.276244048350693,0.22576415811934708,proportion approximation,CV <= 30% diagnostic reference
36047054600,180669,0,Census Tract 546; Kings County; New York,36,047,054600,Brooklyn,1895,257,1069,272,1638,2152,797,1341,0.5641160949868074,0.07382800315899203,0.1214470651965419,0.44266902979026546,0.6855631601833493,0.24289413039308383,0.13087377547828802,proportion approximation,CV <= 30% diagnostic reference
36047017600,133636,83378,Census Tract 176; Kings County; New York,36,047,017600,Brooklyn,838,100,320,75,738,938,245,395,0.3818615751789976,0.04682656622030993,0.07702970143240984,0.30483187374658777,0.45889127661140744,0.15405940286481967,0.12262707028943663,proportion approximation,CV <= 30% diagnostic reference
36047028200,169389,73215,Census Tract 282; Kings County; New York,36,047,028200,Brooklyn,1190,249,386,135,941,1439,251,521,0.3243697478991597,0.055259666970770435,0.09090215216691737,0.2334675957322423,0.41527190006607706,0.18180430433383477,0.17036011320004357,proportion approximation,CV <= 30% diagnostic reference
36047031300,174299,0,Census Tract 313; Kings County; New York,36,047,031300,Brooklyn,2277,456,1732,489,1821,2733,1243,2221,0.7606499780412824,0.09202388648363846,0.15137929326558527,0.6092706847756971,0.9120292713068677,0.3027585865311706,0.12098059441295887,proportion approximation,CV <= 30% diagnostic reference
36047081000,162403,0,Census Tract 810; Kings County; New York,36,047,081000,Brooklyn,1027,191,532,153,836,1218,379,685,0.5180136319376826,0.06907936435657576,0.11363555436656712,0.40437807757111544,0.6316491863042497,0.22727110873313427,0.13335433683120923,proportion approximation,CV <= 30% diagnostic reference
36047085800,138512,0,Census Tract 858; Kings County; New York,36,047,085800,Brooklyn,789,101,484,101,688,890,383,585,0.6134347275031685,0.061456183501324785,0.10109542185967928,0.5123393056434893,0.7145301493628478,0.20219084371935847,0.10018373715401913,proportion approximation,CV <= 30% diagnostic reference
36047013500,151867,0,Census Tract 135; Kings County; New York,36,047,013500,Brooklyn,1591,198,581,133,1393,1789,448,714,0.3651791326209931,0.042651956645041726,0.07016246868109365,0.29501666393989945,0.43534160130208677,0.14032493736218732,0.11679735459941717,proportion approximation,CV <= 30% diagnostic reference
36047032500,168414,0,Census Tract 325; Kings County; New York,36,047,032500,Brooklyn,2715,301,1748,361,2414,3016,1387,2109,0.6438305709023942,0.06819569754792294,0.11218192246633325,0.5316486484360609,0.7560124933687274,0.2243638449326666,0.10592180711819839,proportion approximation,CV <= 30% diagnostic reference
36047049400,182730,0,Census Tract 494; Kings County; New York,36,047,049400,Brooklyn,2253,290,1131,262,1963,2543,869,1393,0.5019973368841545,0.05877520668215549,0.09668521499214577,0.4053121218920087,0.5986825518763003,0.19337042998429155,0.11708270614933361,proportion approximation,CV <= 30% diagnostic reference
36047048800,143330,0,Census Tract 488; Kings County; New York,36,047,048800,Brooklyn,1641,252,767,145,1389,1893,622,912,0.4673979280926264,0.031328177935839696,0.051534852704456305,0.41586307538817013,0.5189327807970827,0.10306970540891258,0.06702677965151622,proportion approximation,CV <= 30% diagnostic reference
36047049000,191799,0,Census Tract 490; Kings County; New York,36,047,049000,Brooklyn,2110,268,1334,303,1842,2378,1031,1637,0.6322274881516587,0.07237135689043277,0.1190508820847619,0.5131766060668969,0.7512783702364206,0.23810176416952378,0.11447043706057956,proportion approximation,CV <= 30% diagnostic reference
36047049200,166635,0,Census Tract 492; Kings County; New York,36,047,049200,Brooklyn,1258,232,541,202,1026,1490,339,743,0.4300476947535771,0.08487487982063112,0.1396191773049382,0.29042851744863896,0.5696668720585153,0.27923835460987634,0.19736155048863946,proportion approximation,CV <= 30% diagnostic reference
36047049600,202972,0,Census Tract 496; Kings County; New York,36,047,049600,Brooklyn,1298,194,745,213,1104,1492,532,958,0.573959938366718,0.08503988159638586,0.13989060522605473,0.43406933314066326,0.7138505435927727,0.2797812104521094,0.14816344471424006,proportion approximation,CV <= 30% diagnostic reference
36047049700,164634,0,Census Tract 497; Kings County; New York,36,047,049700,Brooklyn,1750,178,867,148,1572,1928,719,1015,0.49542857142857144,0.04128799307288472,0.06791874860489537,0.42750982282367606,0.5633473200334668,0.13583749720979071,0.08333793296141667,proportion approximation,CV <= 30% diagnostic reference
36047049800,204347,0,Census Tract 498; Kings County; New York,36,047,049800,Brooklyn,1570,337,932,371,1233,1907,561,1303,0.5936305732484076,0.12097703826593764,0.19900722794746742,0.39462334530094023,0.792637801195875,0.3980144558949348,0.20379179192867178,proportion approximation,CV <= 30% diagnostic reference
36047049900,141699,0,Census Tract 499; Kings County; New York,36,047,049900,Brooklyn,1077,121,557,138,956,1198,419,695,0.5171773444753947,0.06942377751440604,0.11420211401119794,0.4029752304641967,0.6313794584865926,0.2284042280223959,0.13423592169302567,proportion approximation,CV <= 30% diagnostic reference
36047050100,172687,0,Census Tract 501; Kings County; New York,36,047,050100,Brooklyn,1511,208,849,213,1303,1719,636,1062,0.5618795499669094,0.07164221421651532,0.1178514423861677,0.4440281075807417,0.6797309923530771,0.23570288477233542,0.12750457677403373,proportion approximation,CV <= 30% diagnostic reference
36047051300,258100,0,Census Tract 513; Kings County; New York,36,047,051300,Brooklyn,2757,263,1685,279,2494,3020,1406,1964,0.6111715632934349,0.050282490135865575,0.08271469627349887,0.5284568670199361,0.6938862595669337,0.16542939254699762,0.08227229988402456,proportion approximation,CV <= 30% diagnostic reference
36047040700,504834,0,Census Tract 407; Kings County; New York,36,047,040700,Brooklyn,0,14,0,14,0,14,0,14,,,,,,,,not calculated,CV unavailable
36047014300,217205,0,Census Tract 143; Kings County; New York,36,047,014300,Brooklyn,1423,158,669,162,1265,1581,507,831,0.4701335207308503,0.06150214798388662,0.10117103343349348,0.3689624872973568,0.5713045541643438,0.20234206686698697,0.13081847022581564,proportion approximation,CV <= 30% diagnostic reference
36047018400,149139,0,Census Tract 184; Kings County; New York,36,047,018400,Brooklyn,723,104,194,61,619,827,133,255,0.26832641770401106,0.045607491282578516,0.07502432315984166,0.1933020945441694,0.3433507408638527,0.1500486463196833,0.16997018658404262,proportion approximation,CV <= 30% diagnostic reference
36047029600,214120,0,Census Tract 296; Kings County; New York,36,047,029600,Brooklyn,1989,256,1059,197,1733,2245,862,1256,0.5324283559577677,0.043471683831925415,0.07151091990351731,0.4609174360542504,0.603939275861285,0.14302183980703465,0.08164795008659079,proportion approximation,CV <= 30% diagnostic reference
36047028300,121876,0,Census Tract 283; Kings County; New York,36,047,028300,Brooklyn,1584,241,1087,176,1343,1825,911,1263,0.6862373737373737,0.02310450513094278,0.03800691094040087,0.6482304627969728,0.7242442846777746,0.07601382188080175,0.033668386501760225,proportion approximation,CV <= 30% diagnostic reference
36047076400,161588,0,Census Tract 764; Kings County; New York,36,047,076400,Brooklyn,1617,146,1046,256,1471,1763,790,1302,0.6468769325912183,0.08945300095994949,0.1471501865791169,0.4997267460121013,0.7940271191703352,0.2943003731582339,0.13828441926600224,proportion approximation,CV <= 30% diagnostic reference
36047015500,149645,0,Census Tract 155; Kings County; New York,36,047,015500,Brooklyn,1436,225,577,130,1211,1661,447,707,0.40181058495821725,0.03954575190476261,0.06505276188333449,0.3367578230748828,0.46686334684155173,0.13010552376666895,0.09841889035570037,proportion approximation,CV <= 30% diagnostic reference
36047021300,184156,0,Census Tract 213; Kings County; New York,36,047,021300,Brooklyn,2041,285,1350,168,1756,2326,1182,1518,0.6614404703576678,0.07520833971430113,0.12371771883002537,0.5377227515276425,0.7851581891876932,0.24743543766005072,0.11370386767176933,alternative ratio approximation,CV <= 30% diagnostic reference
36047038100,239524,0,Census Tract 381; Kings County; New York,36,047,038100,Brooklyn,2458,271,1582,302,2187,2729,1280,1884,0.6436126932465419,0.060973300906336014,0.10030107999092275,0.5433116132556192,0.7439137732374647,0.2006021599818455,0.09473601367115925,proportion approximation,CV <= 30% diagnostic reference
36047114202,119169,0,Census Tract 1142.02; Kings County; New York,36,047,114202,Brooklyn,954,139,569,157,815,1093,412,726,0.5964360587002097,0.08495728194566264,0.13975472880061504,0.45668132989959465,0.7361907875008247,0.27950945760123,0.1424415588333254,proportion approximation,CV <= 30% diagnostic reference
36047005601,173443,207530,Census Tract 56.01; Kings County; New York,36,047,005601,Brooklyn,1451,309,842,299,1142,1760,543,1141,0.580289455547898,0.10024231979194777,0.16489861605775408,0.41539083949014394,0.745188071605652,0.3297972321155081,0.1727453753184278,proportion approximation,CV <= 30% diagnostic reference
36047003600,125291,0,Census Tract 36; Kings County; New York,36,047,003600,Brooklyn,1934,228,914,206,1706,2162,708,1120,0.4725956566701138,0.05518652236949878,0.0907818292978255,0.3818138273722883,0.5633774859679392,0.18156365859565093,0.11677323223480376,proportion approximation,CV <= 30% diagnostic reference
36047008000,139115,0,Census Tract 80; Kings County; New York,36,047,008000,Brooklyn,1458,182,941,174,1276,1640,767,1115,0.6454046639231824,0.05352204026616704,0.08804375623784479,0.5573609076853376,0.7334484201610272,0.17608751247568954,0.08292787960475191,proportion approximation,CV <= 30% diagnostic reference
36047093800,131105,0,Census Tract 938; Kings County; New York,36,047,093800,Brooklyn,888,125,426,116,763,1013,310,542,0.4797297297297297,0.06797680600048181,0.11182184587079258,0.36790788385893713,0.5915515756005223,0.22364369174158516,0.14169813081790575,proportion approximation,CV <= 30% diagnostic reference
36047064800,151522,0,Census Tract 648; Kings County; New York,36,047,064800,Brooklyn,605,90,116,56,515,695,60,172,0.19173553719008266,0.053530589735437034,0.08805782011479392,0.10367771707528874,0.2797933573048766,0.17611564022958787,0.2791897137063742,proportion approximation,CV <= 30% diagnostic reference
36047025902,59611,0,Census Tract 259.02; Kings County; New York,36,047,025902,Brooklyn,1448,373,1149,369,1075,1821,780,1518,0.7935082872928176,0.09251123346236283,0.15218097904558686,0.6413273082472308,0.9456892663384044,0.3043619580911736,0.11658508794908737,proportion approximation,CV <= 30% diagnostic reference
36047034000,129694,0,Census Tract 340; Kings County; New York,36,047,034000,Brooklyn,679,104,505,70,575,783,435,575,0.7437407952871871,0.09339768937721404,0.1536391990255171,0.59010159626167,0.8973799943127041,0.3072783980510341,0.12557827938045216,alternative ratio approximation,CV <= 30% diagnostic reference
36047086600,156523,0,Census Tract 866; Kings County; New York,36,047,086600,Brooklyn,1249,202,588,226,1047,1451,362,814,0.4707766212970376,0.09978487176693733,0.16414611405661192,0.30663050724042573,0.6349227353536495,0.3282922281132238,0.21195800142330737,proportion approximation,CV <= 30% diagnostic reference
36047110600,171053,0,Census Tract 1106; Kings County; New York,36,047,110600,Brooklyn,1922,201,1363,231,1721,2123,1132,1594,0.7091571279916753,0.057493883869754896,0.0945774389657468,0.6145796890259285,0.8037345669574221,0.18915487793149355,0.08107354717363824,proportion approximation,CV <= 30% diagnostic reference
36047117601,152356,0,Census Tract 1176.01; Kings County; New York,36,047,117601,Brooklyn,918,183,494,133,735,1101,361,627,0.5381263616557734,0.05919689649154163,0.09737889472858599,0.44074746692718747,0.6355052563843594,0.19475778945717193,0.11000556878387696,proportion approximation,CV <= 30% diagnostic reference
36047059402,322477,0,Census Tract 594.02; Kings County; New York,36,047,059402,Brooklyn,2387,415,624,249,1972,2802,375,873,0.26141600335148724,0.05707809327933885,0.09389346344451241,0.16752253990697483,0.3553094667959996,0.1877869268890248,0.21834200105413754,proportion approximation,CV <= 30% diagnostic reference
36047043600,137521,0,Census Tract 436; Kings County; New York,36,047,043600,Brooklyn,1794,520,733,158,1274,2314,575,891,0.40858416945373466,0.08971926348669187,0.14758818843560814,0.2609959810181265,0.5561723578893428,0.29517637687121634,0.21958575538216266,alternative ratio approximation,CV <= 30% diagnostic reference
36047057200,243628,0,Census Tract 572; Kings County; New York,36,047,057200,Brooklyn,2145,235,1597,275,1910,2380,1322,1872,0.7445221445221445,0.06012789947865343,0.0989103946423849,0.6456117498797596,0.8434325391645294,0.19782078928476987,0.08076039097164159,proportion approximation,CV <= 30% diagnostic reference
36047050202,135737,0,Census Tract 502.02; Kings County; New York,36,047,050202,Brooklyn,1093,226,536,223,867,1319,313,759,0.49039341262580055,0.10762579596997195,0.17704443437060385,0.3133489782551967,0.6674378469964044,0.3540888687412077,0.21946827424473758,proportion approximation,CV <= 30% diagnostic reference
36047050500,169412,0,Census Tract 505; Kings County; New York,36,047,050500,Brooklyn,2052,218,1559,256,1834,2270,1303,1815,0.7597465886939572,0.05782884701715559,0.09512845334322095,0.6646181353507362,0.8548750420371781,0.1902569066864419,0.07611596797896297,proportion approximation,CV <= 30% diagnostic reference
36047050600,164685,0,Census Tract 506; Kings County; New York,36,047,050600,Brooklyn,2003,359,1356,260,1644,2362,1096,1616,0.6769845232151772,0.02803489632291378,0.04611740445119317,0.630867118763984,0.7231019276663704,0.09223480890238633,0.04141142871297662,proportion approximation,CV <= 30% diagnostic reference
36047050700,174429,0,Census Tract 507; Kings County; New York,36,047,050700,Brooklyn,845,121,427,118,724,966,309,545,0.5053254437869823,0.07260485897687105,0.11943499301695289,0.3858904507700294,0.6247604368039352,0.2388699860339058,0.14367940476687596,proportion approximation,CV <= 30% diagnostic reference
36047051100,159004,0,Census Tract 511; Kings County; New York,36,047,051100,Brooklyn,1916,209,1438,253,1707,2125,1185,1691,0.7505219206680585,0.06298106610039876,0.10360385373515597,0.6469180669329024,0.8541257744032145,0.20720770747031203,0.08391635789176914,proportion approximation,CV <= 30% diagnostic reference
36047051200,139992,0,Census Tract 512; Kings County; New York,36,047,051200,Brooklyn,2178,288,1358,287,1890,2466,1071,1645,0.6235078053259872,0.062488058262493595,0.10279285584180196,0.5207149494841852,0.7263006611677891,0.20558571168360396,0.1002201700262968,proportion approximation,CV <= 30% diagnostic reference
36047075000,173420,0,Census Tract 750; Kings County; New York,36,047,075000,Brooklyn,982,135,257,115,847,1117,142,372,0.26171079429735233,0.06774724218492749,0.11144421339420571,0.15026658090314662,0.37315500769155807,0.22288842678841145,0.25886300321244665,proportion approximation,CV <= 30% diagnostic reference
36047018800,175213,0,Census Tract 188; Kings County; New York,36,047,018800,Brooklyn,1081,295,477,142,786,1376,335,619,0.4412580943570768,0.0319080984839827,0.052488822006151535,0.3887692723509253,0.4937469163632283,0.10497764401230303,0.0723116445727155,proportion approximation,CV <= 30% diagnostic reference
36047025800,170222,0,Census Tract 258; Kings County; New York,36,047,025800,Brooklyn,1312,162,776,190,1150,1474,586,966,0.5914634146341463,0.07602045029029407,0.12505364072753375,0.46640977390661253,0.7165170553616801,0.25010728145506755,0.1285294211093632,proportion approximation,CV <= 30% diagnostic reference
36047049500,129103,0,Census Tract 495; Kings County; New York,36,047,049500,Brooklyn,1506,146,1124,175,1360,1652,949,1299,0.7463479415670651,0.05527440583199281,0.09092639759362817,0.6554215439734369,0.8372743391606933,0.1818527951872564,0.0740598355720473,proportion approximation,CV <= 30% diagnostic reference
36047088800,201249,0,Census Tract 888; Kings County; New York,36,047,088800,Brooklyn,1480,198,949,245,1282,1678,704,1194,0.6412162162162162,0.08606648846869802,0.14157937353100825,0.4996368426852079,0.7827955897472244,0.2831587470620165,0.1342238176329537,proportion approximation,CV <= 30% diagnostic reference
36047011800,219234,0,Census Tract 118; Kings County; New York,36,047,011800,Brooklyn,644,102,468,85,542,746,383,553,0.7267080745341615,0.039268699107385306,0.06459701003164883,0.6621110645025127,0.7913050845658104,0.12919402006329772,0.054036415011017386,proportion approximation,CV <= 30% diagnostic reference
36047053200,174306,0,Census Tract 532; Kings County; New York,36,047,053200,Brooklyn,908,165,419,166,743,1073,253,585,0.46145374449339205,0.09875632635512699,0.1624541568541839,0.29899958763920814,0.6239079013475759,0.32490831370836776,0.21401132298438022,proportion approximation,CV <= 30% diagnostic reference
36047022900,171838,0,Census Tract 229; Kings County; New York,36,047,022900,Brooklyn,1679,225,1241,245,1454,1904,996,1486,0.7391304347826086,0.06513890012448441,0.10715349070477685,0.6319769440778318,0.8462839254873855,0.21430698140955373,0.08812910016842009,proportion approximation,CV <= 30% diagnostic reference
36047040100,159583,0,Census Tract 401; Kings County; New York,36,047,040100,Brooklyn,1399,186,991,199,1213,1585,792,1190,0.7083631165117942,0.06480346125321895,0.10660169376154517,0.601761422750249,0.8149648102733393,0.21320338752309032,0.09148339282871172,proportion approximation,CV <= 30% diagnostic reference
36047112000,173004,0,Census Tract 1120; Kings County; New York,36,047,112000,Brooklyn,1172,190,579,157,982,1362,422,736,0.49402730375426623,0.0652771420951102,0.10738089874645627,0.38664640500780995,0.6014082025007225,0.21476179749291252,0.13213266068302099,proportion approximation,CV <= 30% diagnostic reference
36047058600,163424,0,Census Tract 586; Kings County; New York,36,047,058600,Brooklyn,770,160,251,98,610,930,153,349,0.32597402597402597,0.06550228986808845,0.10775126683300551,0.21822275914102046,0.4337252928070315,0.21550253366601102,0.20094327967501238,proportion approximation,CV <= 30% diagnostic reference
36047005800,193316,0,Census Tract 58; Kings County; New York,36,047,005800,Brooklyn,1459,145,822,148,1314,1604,674,970,0.5633995887594243,0.05142005233304738,0.08458598608786294,0.47881360267156137,0.6479855748472872,0.16917197217572588,0.09126746515074954,proportion approximation,CV <= 30% diagnostic reference
36047014000,147522,0,Census Tract 140; Kings County; New York,36,047,014000,Brooklyn,692,187,168,53,505,879,115,221,0.24277456647398843,0.024024968455345023,0.039521073109042563,0.20325349336494586,0.282295639583031,0.07904214621808514,0.09895998911368308,proportion approximation,CV <= 30% diagnostic reference
36047014800,133459,0,Census Tract 148; Kings County; New York,36,047,014800,Brooklyn,407,78,63,37,329,485,26,100,0.1547911547911548,0.052238771605155436,0.0859327792904807,0.0688583755006741,0.2407239340816355,0.17186555858096142,0.33747904830632164,proportion approximation,CV > 30% diagnostic reference
36047064200,235070,0,Census Tract 642; Kings County; New York,36,047,064200,Brooklyn,864,104,327,102,760,968,225,429,0.3784722222222222,0.06620752497283104,0.10891137858030706,0.2695608436419151,0.4873836008025293,0.21782275716061417,0.17493364396491137,proportion approximation,CV <= 30% diagnostic reference
36047030900,151863,0,Census Tract 309; Kings County; New York,36,047,030900,Brooklyn,933,142,752,164,791,1075,588,916,0.8060021436227224,0.07653138846704341,0.12589413402828642,0.680108009594436,0.9318962776510088,0.25178826805657284,0.09495184234009509,proportion approximation,CV <= 30% diagnostic reference
36047082400,214365,0,Census Tract 824; Kings County; New York,36,047,082400,Brooklyn,2067,297,1403,283,1770,2364,1120,1686,0.6787614900822448,0.05841372786798901,0.09609058234284193,0.5826709077394029,0.7748520724250868,0.19218116468568391,0.08605928403644568,proportion approximation,CV <= 30% diagnostic reference
36047021500,152313,0,Census Tract 215; Kings County; New York,36,047,021500,Brooklyn,2771,327,1840,277,2444,3098,1563,2117,0.6640202093107181,0.03773185195531082,0.0620688964664863,0.6019513128442319,0.7260891057772044,0.12413779293297256,0.056823348787046896,proportion approximation,CV <= 30% diagnostic reference
36047038500,174443,0,Census Tract 385; Kings County; New York,36,047,038500,Brooklyn,1571,273,851,260,1298,1844,591,1111,0.5416931890515595,0.082748954598827,0.13612203031507042,0.4055711587364891,0.6778152193666299,0.27224406063014084,0.15275982100441507,proportion approximation,CV <= 30% diagnostic reference
36047094402,106859,0,Census Tract 944.02; Kings County; New York,36,047,094402,Brooklyn,1062,188,830,192,874,1250,638,1022,0.7815442561205274,0.07074683709014098,0.11637854701328193,0.6651657091072454,0.8979228031338093,0.23275709402656397,0.09052185661413219,proportion approximation,CV <= 30% diagnostic reference
36047024300,154349,0,Census Tract 243; Kings County; New York,36,047,024300,Brooklyn,1934,251,1155,270,1683,2185,885,1425,0.5972078593588418,0.07058674198101816,0.11611519055877488,0.4810926688000669,0.7133230499176166,0.23223038111754973,0.11819459652925465,proportion approximation,CV <= 30% diagnostic reference
36047003800,127478,320787,Census Tract 38; Kings County; New York,36,047,003800,Brooklyn,596,61,120,57,535,657,63,177,0.20134228187919462,0.05677268574353758,0.09339106804811932,0.1079512138310753,0.2947333499273139,0.18678213609623862,0.28197100585957,proportion approximation,CV <= 30% diagnostic reference
36047033300,186336,0,Census Tract 333; Kings County; New York,36,047,033300,Brooklyn,1366,156,683,200,1210,1522,483,883,0.5,0.08195693561184512,0.13481915908148523,0.36518084091851477,0.6348191590814852,0.26963831816297046,0.16391387122369025,proportion approximation,CV <= 30% diagnostic reference
36047003500,133028,0,Census Tract 35; Kings County; New York,36,047,003500,Brooklyn,1167,110,797,112,1057,1277,685,909,0.6829477292202228,0.043271176959363965,0.07118108609815373,0.6117666431220691,0.7541288153183766,0.14236217219630753,0.06335942724162828,proportion approximation,CV <= 30% diagnostic reference
36047051400,181082,0,Census Tract 514; Kings County; New York,36,047,051400,Brooklyn,2530,246,1520,327,2284,2776,1193,1847,0.6007905138339921,0.07008774848797791,0.11529434626272367,0.4854961675712684,0.7160848600967158,0.2305886925254474,0.11665921294380535,proportion approximation,CV <= 30% diagnostic reference
36047052600,169334,0,Census Tract 526; Kings County; New York,36,047,052600,Brooklyn,1820,197,1093,214,1623,2017,879,1307,0.6005494505494505,0.05956217293570594,0.09797977447923627,0.5025696760702143,0.6985292250286868,0.19595954895847245,0.09917946454069974,proportion approximation,CV <= 30% diagnostic reference
36047051500,186924,0,Census Tract 515; Kings County; New York,36,047,051500,Brooklyn,1272,112,749,141,1160,1384,608,890,0.5888364779874213,0.05956012903441591,0.09797641226161417,0.49086006572580715,0.6868128902490355,0.19595282452322832,0.10114884396765961,proportion approximation,CV <= 30% diagnostic reference
36047051700,187367,0,Census Tract 517; Kings County; New York,36,047,051700,Brooklyn,1366,160,679,144,1206,1526,535,823,0.4970717423133236,0.05342279405583701,0.08788049622185189,0.40919124609147167,0.5849522385351754,0.17576099244370375,0.1074750172021699,proportion approximation,CV <= 30% diagnostic reference
36047051800,201332,0,Census Tract 518; Kings County; New York,36,047,051800,Brooklyn,1558,271,973,295,1287,1829,678,1268,0.6245186136071887,0.09427650333527292,0.15508484798652394,0.4694337656206648,0.7796034615937126,0.31016969597304783,0.15095867646079672,proportion approximation,CV <= 30% diagnostic reference
36047051900,274935,0,Census Tract 519; Kings County; New York,36,047,051900,Brooklyn,3345,529,2435,544,2816,3874,1891,2979,0.7279521674140508,0.06983067245635503,0.11487145619070403,0.6130807112233467,0.8428236236047548,0.2297429123814081,0.09592755620801134,proportion approximation,CV <= 30% diagnostic reference
36047052000,190568,0,Census Tract 520; Kings County; New York,36,047,052000,Brooklyn,1335,246,751,246,1089,1581,505,997,0.5625468164794007,0.09261263674061994,0.1523477874383198,0.41019902904108096,0.7148946039177205,0.30469557487663956,0.16463098541774648,proportion approximation,CV <= 30% diagnostic reference
36047052300,144959,0,Census Tract 523; Kings County; New York,36,047,052300,Brooklyn,2403,200,1911,263,2203,2603,1648,2174,0.7952559300873908,0.05298740594725301,0.08716428278323121,0.7080916473041596,0.882420212870622,0.17432856556646237,0.06662937545329617,proportion approximation,CV <= 30% diagnostic reference
36047052700,190002,0,Census Tract 527; Kings County; New York,36,047,052700,Brooklyn,2492,228,1886,268,2264,2720,1618,2154,0.7568218298555377,0.05002211448960851,0.082286378335406,0.6745354515201317,0.8391082081909437,0.16457275667081195,0.06609496781977965,proportion approximation,CV <= 30% diagnostic reference
36047052900,174907,0,Census Tract 529; Kings County; New York,36,047,052900,Brooklyn,1067,135,582,261,932,1202,321,843,0.5454545454545454,0.14265890879063273,0.23467390496059085,0.3107806404939546,0.7801284504151362,0.46934780992118164,0.2615413327828267,proportion approximation,CV <= 30% diagnostic reference
36047053000,173246,0,Census Tract 530; Kings County; New York,36,047,053000,Brooklyn,1184,273,476,152,911,1457,324,628,0.40202702702702703,0.05399139338450398,0.08881584211750905,0.313211184909518,0.49084286914453606,0.17763168423501807,0.13429791967910235,proportion approximation,CV <= 30% diagnostic reference
36047053300,193151,0,Census Tract 533; Kings County; New York,36,047,053300,Brooklyn,1683,242,1212,297,1441,1925,915,1509,0.7201426024955436,0.08686690428671177,0.14289605755164086,0.5772465449439028,0.8630386600471844,0.2857921151032816,0.12062458738823097,proportion approximation,CV <= 30% diagnostic reference
36047053400,173382,0,Census Tract 534; Kings County; New York,36,047,053400,Brooklyn,1328,212,652,165,1116,1540,487,817,0.49096385542168675,0.05860635599900737,0.09640745561836712,0.39455639980331964,0.5873713110400539,0.19281491123673428,0.1193700011758923,proportion approximation,CV <= 30% diagnostic reference
36047053500,130364,0,Census Tract 535; Kings County; New York,36,047,053500,Brooklyn,1164,126,760,173,1038,1290,587,933,0.6529209621993127,0.07948029744061727,0.1307450892898154,0.5221758729094973,0.7836660514891282,0.26149017857963086,0.1217303502906296,proportion approximation,CV <= 30% diagnostic reference
36047067000,208266,0,Census Tract 670; Kings County; New York,36,047,067000,Brooklyn,953,172,354,147,781,1125,207,501,0.37145855194123817,0.08444898864338247,0.13891858631836418,0.232539965622874,0.5103771382596023,0.2778371726367283,0.22734431123486865,proportion approximation,CV <= 30% diagnostic reference
36047025500,138632,0,Census Tract 255; Kings County; New York,36,047,025500,Brooklyn,2092,390,1346,383,1702,2482,963,1729,0.6434034416826003,0.0840811451932529,0.138313483842901,0.5050899578396993,0.7817169255255013,0.27662696768580197,0.13068183933453573,proportion approximation,CV <= 30% diagnostic reference
36047029400,188664,63389,Census Tract 294; Kings County; New York,36,047,029400,Brooklyn,603,155,291,101,448,758,190,392,0.48258706467661694,0.06841791712817111,0.11254747367584148,0.37003959100077544,0.5951345383524584,0.225094947351683,0.1417732097191999,proportion approximation,CV <= 30% diagnostic reference
36047027900,161924,0,Census Tract 279; Kings County; New York,36,047,027900,Brooklyn,1692,189,778,206,1503,1881,572,984,0.4598108747044917,0.06710342721884711,0.11038513777500351,0.3494257369294882,0.5701960124794953,0.22077027555000706,0.14593701652222277,proportion approximation,CV <= 30% diagnostic reference
36047062600,318163,0,Census Tract 626; Kings County; New York,36,047,062600,Brooklyn,1173,139,346,91,1034,1312,255,437,0.2949701619778346,0.04210229339349351,0.06925827263229682,0.22571188934553776,0.36422843461013144,0.13851654526459367,0.14273407557967596,proportion approximation,CV <= 30% diagnostic reference
36047005100,179702,0,Census Tract 51; Kings County; New York,36,047,005100,Brooklyn,1008,184,379,139,824,1192,240,518,0.3759920634920635,0.07270725360292954,0.11960343217681908,0.2563886313152444,0.49559549566888256,0.23920686435363814,0.19337443702309492,proportion approximation,CV <= 30% diagnostic reference
36047111800,162313,0,Census Tract 1118; Kings County; New York,36,047,111800,Brooklyn,1231,402,976,415,829,1633,561,1391,0.7928513403736799,0.13124931314670452,0.21590512012632893,0.576946220247351,1.0,0.423053779752649,0.16554088574138653,proportion approximation,CV <= 30% diagnostic reference
36047021600,168178,0,Census Tract 216; Kings County; New York,36,047,021600,Brooklyn,976,143,636,137,833,1119,499,773,0.6516393442622951,0.0625513230522126,0.10289692642088974,0.5487424178414053,0.7545362706831849,0.20579385284177953,0.09599070958955896,proportion approximation,CV <= 30% diagnostic reference
36047020500,159711,0,Census Tract 205; Kings County; New York,36,047,020500,Brooklyn,1586,184,791,165,1402,1770,626,956,0.4987389659520807,0.05255957872179464,0.08646050699735218,0.41227845895472853,0.5851994729494329,0.17292101399470433,0.10538494545229621,proportion approximation,CV <= 30% diagnostic reference
36047015700,167428,0,Census Tract 157; Kings County; New York,36,047,015700,Brooklyn,2109,428,1142,431,1681,2537,711,1573,0.541488857278331,0.1047432487079537,0.17230264412458385,0.3691862131537471,0.7137915014029148,0.3446052882491677,0.19343564932143115,proportion approximation,CV <= 30% diagnostic reference
36047003300,164585,0,Census Tract 33; Kings County; New York,36,047,003300,Brooklyn,2507,329,2179,330,2178,2836,1849,2509,0.8691663342640606,0.039939189682113185,0.06569996702707619,0.8034663672369845,0.9348663012911368,0.1313999340541523,0.045951146642064136,proportion approximation,CV <= 30% diagnostic reference
36047040800,152930,0,Census Tract 408; Kings County; New York,36,047,040800,Brooklyn,1068,183,358,123,885,1251,235,481,0.3352059925093633,0.06068314440380558,0.09982377254426018,0.2353822199651031,0.43502976505362345,0.19964754508852034,0.18103239727168816,proportion approximation,CV <= 30% diagnostic reference
36047050900,141788,0,Census Tract 509; Kings County; New York,36,047,050900,Brooklyn,1048,175,404,166,873,1223,238,570,0.38549618320610685,0.08797980628755457,0.14472678134302727,0.24076940186307957,0.5302229645491341,0.2894535626860545,0.22822484403306237,proportion approximation,CV <= 30% diagnostic reference
36047026900,133946,0,Census Tract 269; Kings County; New York,36,047,026900,Brooklyn,1302,153,798,150,1149,1455,648,948,0.6129032258064516,0.05466191271157656,0.08991884641054344,0.5229843793959081,0.7028220722169951,0.17983769282108697,0.0891852260030986,proportion approximation,CV <= 30% diagnostic reference
36047045600,153654,0,Census Tract 456; Kings County; New York,36,047,045600,Brooklyn,817,140,478,148,677,957,330,626,0.5850673194614443,0.09171918660841033,0.150878061970835,0.4341892574906093,0.7359453814322793,0.30175612394166995,0.15676689426583942,proportion approximation,CV <= 30% diagnostic reference
36047100600,152116,0,Census Tract 1006; Kings County; New York,36,047,100600,Brooklyn,885,126,312,110,759,1011,202,422,0.3525423728813559,0.06912380899727345,0.11370866580051484,0.2388337070808411,0.4662510386818708,0.2274173316010297,0.1960723428288045,proportion approximation,CV <= 30% diagnostic reference
36047040600,147049,0,Census Tract 406; Kings County; New York,36,047,040600,Brooklyn,1052,157,524,135,895,1209,389,659,0.49809885931558934,0.06358898025087127,0.10460387251268324,0.39349498680290607,0.6027027318282726,0.20920774502536654,0.1276633725647263,proportion approximation,CV <= 30% diagnostic reference
36047084800,137501,0,Census Tract 848; Kings County; New York,36,047,084800,Brooklyn,555,97,230,124,458,652,106,354,0.4144144144144144,0.12848486908952422,0.21135760965226735,0.20305680476214705,0.6257720240666818,0.4227152193045347,0.31003957541167804,proportion approximation,CV > 30% diagnostic reference
36047056000,184752,0,Census Tract 560; Kings County; New York,36,047,056000,Brooklyn,1450,204,668,200,1246,1654,468,868,0.4606896551724138,0.07401470032464094,0.12175418203403436,0.3389354731383794,0.5824438372064481,0.2435083640680687,0.16066065190228948,proportion approximation,CV <= 30% diagnostic reference
36047023200,226376,0,Census Tract 232; Kings County; New York,36,047,023200,Brooklyn,1418,183,663,188,1235,1601,475,851,0.4675599435825106,0.07176527418957607,0.11805387604185262,0.34950606754065794,0.5856138196243632,0.23610775208370527,0.1534889273013859,proportion approximation,CV <= 30% diagnostic reference
36047091600,215640,0,Census Tract 916; Kings County; New York,36,047,091600,Brooklyn,1888,234,1416,242,1654,2122,1174,1658,0.75,0.053650178384347325,0.08825454344225135,0.6617454565577486,0.8382545434422514,0.17650908688450273,0.07153357117912977,proportion approximation,CV <= 30% diagnostic reference
36047048900,91581,0,Census Tract 489; Kings County; New York,36,047,048900,Brooklyn,1535,191,1209,182,1344,1726,1027,1391,0.7876221498371335,0.04056736633830655,0.06673331762651427,0.7208888322106193,0.8543554674636478,0.1334666352530285,0.05150612682324281,proportion approximation,CV <= 30% diagnostic reference
36047013300,148492,0,Census Tract 133; Kings County; New York,36,047,013300,Brooklyn,1807,186,917,154,1621,1993,763,1071,0.5074709463198672,0.04093583733829051,0.0673394524214879,0.44013149389837936,0.5748103987413551,0.13467890484297573,0.0806663664888669,proportion approximation,CV <= 30% diagnostic reference
36047054500,167767,0,Census Tract 545; Kings County; New York,36,047,054500,Brooklyn,2454,324,1819,300,2130,2778,1519,2119,0.741238793806031,0.04453609389277453,0.0732618744536141,0.6679769193524169,0.8145006682596451,0.1465237489072282,0.0600833284292846,proportion approximation,CV <= 30% diagnostic reference
36047006200,162273,0,Census Tract 62; Kings County; New York,36,047,006200,Brooklyn,1098,120,553,131,978,1218,422,684,0.5036429872495446,0.06434768215069069,0.10585193713788618,0.3977910501116584,0.6094949243874308,0.21170387427577242,0.12776447559034065,proportion approximation,CV <= 30% diagnostic reference
36005014701,138463,0,Census Tract 147.01; Bronx County; New York,36,005,014701,Bronx,2009,432,1781,453,1577,2441,1328,2234,0.8865107018417123,0.07321231129645141,0.12043425208266256,0.7660764497590498,1.0,0.23392355024095024,0.08258480257977029,proportion approximation,CV <= 30% diagnostic reference
36005017901,76723,0,Census Tract 179.01; Bronx County; New York,36,005,017901,Bronx,1688,297,1187,309,1391,1985,878,1496,0.7031990521327014,0.08201417400542646,0.13491331623892652,0.5682857358937748,0.838112368371628,0.2698266324778531,0.1166300974904464,proportion approximation,CV <= 30% diagnostic reference
36005018301,67874,0,Census Tract 183.01; Bronx County; New York,36,005,018301,Bronx,1934,201,1386,237,1733,2135,1149,1623,0.7166494312306101,0.05915608535447256,0.09731176040810736,0.6193376708225027,0.8139611916387175,0.1946235208162148,0.08254536008336937,proportion approximation,CV <= 30% diagnostic reference
36005022102,78293,0,Census Tract 221.02; Bronx County; New York,36,005,022102,Bronx,1681,178,1408,203,1503,1859,1205,1611,0.8375966686496134,0.049821909282450526,0.08195704076963112,0.7556396278799822,0.9195537094192445,0.16391408153926235,0.059481981181675664,proportion approximation,CV <= 30% diagnostic reference
36005023703,100593,0,Census Tract 237.03; Bronx County; New York,36,005,023703,Bronx,1835,399,1437,420,1436,2234,1017,1857,0.7831062670299728,0.09297710814024811,0.15294734289070813,0.6301589241392647,0.9360536099206809,0.3058946857814162,0.11872859668570304,proportion approximation,CV <= 30% diagnostic reference
36005026702,166368,0,Census Tract 267.02; Bronx County; New York,36,005,026702,Bronx,2546,495,1383,215,2051,3041,1168,1598,0.5432050274941084,0.08220165800776608,0.1352217274227752,0.4079833000713332,0.6784267549168835,0.2704434548455503,0.15132713035992224,alternative ratio approximation,CV <= 30% diagnostic reference
36005033201,114034,0,Census Tract 332.01; Bronx County; New York,36,005,033201,Bronx,2258,424,1565,427,1834,2682,1138,1992,0.6930912311780336,0.08340185212001558,0.13719604673742564,0.5558951844406079,0.8302872779154593,0.2743920934748514,0.12033315149328766,proportion approximation,CV <= 30% diagnostic reference
36005040303,87550,0,Census Tract 403.03; Bronx County; New York,36,005,040303,Bronx,1375,87,1033,142,1288,1462,891,1175,0.7512727272727273,0.05573401634860164,0.0916824568934497,0.6595902703792776,0.842955184166177,0.18336491378689934,0.07418613018327903,proportion approximation,CV <= 30% diagnostic reference
36005021700,161510,0,Census Tract 217; Bronx County; New York,36,005,021700,Bronx,1939,197,1628,240,1742,2136,1388,1868,0.8396080453842186,0.05452064180945921,0.0896864557765604,0.7499215896076582,0.929294501160779,0.17937291155312085,0.0649358258406274,proportion approximation,CV <= 30% diagnostic reference
36005023702,47892,0,Census Tract 237.02; Bronx County; New York,36,005,023702,Bronx,317,90,201,73,227,407,128,274,0.6340694006309149,0.08730039155831802,0.14360914411343315,0.4904602565174817,0.777678544744348,0.28721828822686635,0.1376827070845115,proportion approximation,CV <= 30% diagnostic reference
36005040302,62696,0,Census Tract 403.02; Bronx County; New York,36,005,040302,Bronx,1581,364,1176,309,1217,1945,867,1485,0.7438330170777988,0.05725463555274327,0.09418387548426269,0.6496491415935362,0.8380168925620615,0.18836775096852532,0.07697243095993803,proportion approximation,CV <= 30% diagnostic reference
36005007600,217217,0,Census Tract 76; Bronx County; New York,36,005,007600,Bronx,1822,250,1139,179,1572,2072,960,1318,0.6251372118551043,0.029117586192018114,0.0478984292858698,0.5772387825692344,0.6730356411409741,0.0957968585717397,0.04657791224043635,proportion approximation,CV <= 30% diagnostic reference
36005009000,1024677,1162033,Census Tract 90; Bronx County; New York,36,005,009000,Bronx,1281,179,747,152,1102,1460,595,899,0.5831381733021077,0.052434278952555764,0.08625438887695423,0.49688378442515346,0.669392562179062,0.1725087777539085,0.08991741812345909,proportion approximation,CV <= 30% diagnostic reference
36005015900,103601,0,Census Tract 159; Bronx County; New York,36,005,015900,Bronx,1023,165,577,104,858,1188,473,681,0.5640273704789834,0.027585552191539783,0.045378233355082946,0.5186491371239005,0.6094056038340664,0.0907564667101659,0.04890818005536429,proportion approximation,CV <= 30% diagnostic reference
36005005001,97889,0,Census Tract 50.01; Bronx County; New York,36,005,005001,Bronx,1406,137,1001,170,1269,1543,831,1171,0.7119487908961594,0.060200332873733636,0.09902954757729183,0.6129192433188675,0.8109783384734512,0.19805909515458375,0.08455711090955993,proportion approximation,CV <= 30% diagnostic reference
36047053700,167454,0,Census Tract 537; Kings County; New York,36,047,053700,Brooklyn,810,110,474,103,700,920,371,577,0.5851851851851851,0.060346020999580835,0.09926920454431047,0.48591598064087466,0.6844543897294956,0.19853840908862092,0.10312294727776472,proportion approximation,CV <= 30% diagnostic reference
36047054700,170095,0,Census Tract 547; Kings County; New York,36,047,054700,Brooklyn,2914,172,2209,270,2742,3086,1939,2479,0.7580645161290323,0.04932275944614776,0.08113593928891306,0.6769285768401192,0.8392004554179453,0.1622718785778261,0.06506406565236512,proportion approximation,CV <= 30% diagnostic reference
36047054800,173218,0,Census Tract 548; Kings County; New York,36,047,054800,Brooklyn,804,150,187,70,654,954,117,257,0.2325870646766169,0.045884762639528044,0.07548043454202363,0.15710663013459328,0.3080674992186405,0.15096086908404724,0.19727994204374624,proportion approximation,CV <= 30% diagnostic reference
36047053900,101381,0,Census Tract 539; Kings County; New York,36,047,053900,Brooklyn,889,128,429,140,761,1017,289,569,0.48256467941507314,0.08591128674552802,0.14132406669639358,0.34124061271867956,0.6238887461114667,0.28264813339278716,0.17803061519061633,proportion approximation,CV <= 30% diagnostic reference
36047054300,955334,376699,Census Tract 543; Kings County; New York,36,047,054300,Brooklyn,0,14,0,14,0,14,0,14,,,,,,,,not calculated,CV unavailable
36047054400,190006,0,Census Tract 544; Kings County; New York,36,047,054400,Brooklyn,1299,163,465,109,1136,1462,356,574,0.3579676674364896,0.043085518850516945,0.07087567850910037,0.28709198892738924,0.42884334594559,0.14175135701820074,0.12036148169208927,proportion approximation,CV <= 30% diagnostic reference
36047054900,195442,0,Census Tract 549; Kings County; New York,36,047,054900,Brooklyn,2086,191,1488,190,1895,2277,1298,1678,0.713326941514861,0.03859221047689228,0.0634841862344878,0.6498427552803732,0.7768111277493488,0.12696837246897563,0.05410171441854657,proportion approximation,CV <= 30% diagnostic reference
36047055000,179814,0,Census Tract 550; Kings County; New York,36,047,055000,Brooklyn,1495,135,693,130,1360,1630,563,823,0.4635451505016722,0.046333574988026795,0.07621873085530408,0.38732641964636816,0.5397638813569763,0.15243746171060812,0.09995482627287167,proportion approximation,CV <= 30% diagnostic reference
36047055300,156271,0,Census Tract 553; Kings County; New York,36,047,055300,Brooklyn,1615,116,1024,183,1499,1731,841,1207,0.6340557275541796,0.06307466247609572,0.10375781977317745,0.5302979077810022,0.737813547327357,0.20751563954635488,0.09947810537001424,proportion approximation,CV <= 30% diagnostic reference
36047055400,169301,0,Census Tract 554; Kings County; New York,36,047,055400,Brooklyn,1694,181,998,172,1513,1875,826,1170,0.58913813459268,0.04842991371948414,0.0796672080685514,0.5094709265241286,0.6688053426612315,0.15933441613710286,0.08220468320722057,proportion approximation,CV <= 30% diagnostic reference
36047055500,261669,0,Census Tract 555; Kings County; New York,36,047,055500,Brooklyn,4405,478,2867,490,3927,4883,2377,3357,0.6508513053348468,0.05224325089052227,0.08594014771490914,0.5649111576199377,0.7367914530497559,0.1718802954298182,0.08026910365286034,proportion approximation,CV <= 30% diagnostic reference
36047055600,193196,0,Census Tract 556; Kings County; New York,36,047,055600,Brooklyn,1286,193,520,155,1093,1479,365,675,0.40435458786936235,0.06330530004532066,0.10413721857455248,0.30021736929480985,0.5084918064439148,0.20827443714910493,0.15655887665054302,proportion approximation,CV <= 30% diagnostic reference
36047055700,282493,0,Census Tract 557; Kings County; New York,36,047,055700,Brooklyn,1000,199,719,229,801,1199,490,948,0.719,0.10869196778942643,0.17879828701360648,0.5402017129863935,0.8977982870136064,0.3575965740272129,0.15117102613272104,proportion approximation,CV <= 30% diagnostic reference
36047056200,170814,0,Census Tract 562; Kings County; New York,36,047,056200,Brooklyn,534,104,45,34,430,638,11,79,0.08426966292134831,0.037397459625053635,0.06151882108321323,0.022750841838135083,0.14578848400456154,0.12303764216642646,0.4437831875506365,proportion approximation,CV > 30% diagnostic reference
36047056400,183221,0,Census Tract 564; Kings County; New York,36,047,056400,Brooklyn,1111,150,343,102,961,1261,241,445,0.30873087308730873,0.049727286767290116,0.08180138673219224,0.2269294863551165,0.39053225981950096,0.16360277346438445,0.16107001632203882,proportion approximation,CV <= 30% diagnostic reference
36047008200,139691,0,Census Tract 82; Kings County; New York,36,047,008200,Brooklyn,1476,262,1025,269,1214,1738,756,1294,0.6944444444444444,0.0816032595197145,0.13423736190993035,0.560207082534514,0.8286818063543748,0.2684747238198608,0.11750869370838889,proportion approximation,CV <= 30% diagnostic reference
36047028900,165739,0,Census Tract 289; Kings County; New York,36,047,028900,Brooklyn,1601,275,1051,216,1326,1876,835,1267,0.6564647095565271,0.04503225297900291,0.07407805615045979,0.5823866534060673,0.730542765706987,0.14815611230091963,0.0685981322734383,proportion approximation,CV <= 30% diagnostic reference
36047026800,178968,0,Census Tract 268; Kings County; New York,36,047,026800,Brooklyn,1520,282,625,228,1238,1802,397,853,0.41118421052631576,0.07851252401552479,0.12915310200553828,0.2820311085207775,0.540337312531854,0.2583062040110765,0.1909424584057563,proportion approximation,CV <= 30% diagnostic reference
36047078400,167427,0,Census Tract 784; Kings County; New York,36,047,078400,Brooklyn,896,110,366,126,786,1006,240,492,0.40848214285714285,0.0798658367338722,0.13137930142721976,0.2771028414299231,0.5398614442843626,0.26275860285443947,0.19551855112991665,proportion approximation,CV <= 30% diagnostic reference
36047057100,175867,0,Census Tract 571; Kings County; New York,36,047,057100,Brooklyn,2079,278,1447,276,1801,2357,1171,1723,0.696007696007696,0.05755005891065053,0.09466984690802012,0.6013378490996758,0.7906775429157161,0.18933969381604032,0.0826859519524827,proportion approximation,CV <= 30% diagnostic reference
36047086200,140147,0,Census Tract 862; Kings County; New York,36,047,086200,Brooklyn,1257,216,709,188,1041,1473,521,897,0.5640413683373111,0.06924422271333917,0.11390674636344295,0.45013462197386817,0.677948114700754,0.22781349272688584,0.12276443998683687,proportion approximation,CV <= 30% diagnostic reference
36047111000,124982,0,Census Tract 1110; Kings County; New York,36,047,111000,Brooklyn,1416,157,1246,169,1259,1573,1077,1415,0.8799435028248588,0.04178943828701628,0.06874362598214177,0.811199876842717,0.9486871288070006,0.13748725196428357,0.04749104704206665,proportion approximation,CV <= 30% diagnostic reference
36047004300,165383,0,Census Tract 43; Kings County; New York,36,047,004300,Brooklyn,1964,176,1372,221,1788,2140,1151,1593,0.6985743380855397,0.05684149884588998,0.09350426560148901,0.6050700724840506,0.7920786036870288,0.1870085312029781,0.08136785986394164,proportion approximation,CV <= 30% diagnostic reference
36047030300,253583,0,Census Tract 303; Kings County; New York,36,047,030300,Brooklyn,2198,218,1628,264,1980,2416,1364,1892,0.740673339399454,0.05776589722259483,0.0950249009311685,0.6456484384682855,0.8356982403306226,0.1900498018623371,0.07799105779807336,proportion approximation,CV <= 30% diagnostic reference
36047031702,139788,0,Census Tract 317.02; Kings County; New York,36,047,031702,Brooklyn,1553,210,1005,180,1343,1763,825,1185,0.6471345782356729,0.04620235525162451,0.07600287438892232,0.5711317038467506,0.7231374526245952,0.15200574877784456,0.07139528129927648,proportion approximation,CV <= 30% diagnostic reference
36047036100,141090,0,Census Tract 361; Kings County; New York,36,047,036100,Brooklyn,1268,155,961,173,1113,1423,788,1134,0.7578864353312302,0.06088660239217514,0.1001584609351281,0.6577279743961021,0.8580448962663584,0.2003169218702563,0.08033736923337989,proportion approximation,CV <= 30% diagnostic reference
36047038300,174539,0,Census Tract 383; Kings County; New York,36,047,038300,Brooklyn,2158,251,794,212,1907,2409,582,1006,0.36793327154772937,0.053755670580349545,0.088428078104675,0.27950519344305436,0.4563613496524044,0.17685615620935002,0.14610168402064777,proportion approximation,CV <= 30% diagnostic reference
36047039400,192099,0,Census Tract 394; Kings County; New York,36,047,039400,Brooklyn,702,110,250,92,592,812,158,342,0.3561253561253561,0.07208505725585099,0.11857991918587488,0.23754543693948124,0.47470527531123097,0.23715983837174973,0.2024148407744296,proportion approximation,CV <= 30% diagnostic reference
36047042400,161035,0,Census Tract 424; Kings County; New York,36,047,042400,Brooklyn,1322,145,599,168,1177,1467,431,767,0.45310136157337366,0.07110009429909722,0.11695965512201494,0.3361417064513587,0.5700610166953886,0.23391931024402984,0.1569187390040176,proportion approximation,CV <= 30% diagnostic reference
36047043800,156073,0,Census Tract 438; Kings County; New York,36,047,043800,Brooklyn,909,139,328,132,770,1048,196,460,0.36083608360836084,0.08165542870580175,0.1343231802210439,0.22651290338731694,0.4951592638294047,0.2686463604420878,0.22629507528528595,proportion approximation,CV <= 30% diagnostic reference
36047044700,162809,0,Census Tract 447; Kings County; New York,36,047,044700,Brooklyn,958,164,731,166,794,1122,565,897,0.7630480167014614,0.06921006878687781,0.113850563154414,0.6491974535470474,0.8768985798558754,0.227701126308828,0.09070211477131182,proportion approximation,CV <= 30% diagnostic reference
36047047200,172804,0,Census Tract 472; Kings County; New York,36,047,047200,Brooklyn,705,128,398,125,577,833,273,523,0.5645390070921986,0.08794913302972747,0.1446763238339017,0.4198626832582969,0.7092153309261003,0.28935264766780344,0.15578929343205494,proportion approximation,CV <= 30% diagnostic reference
36047049100,213164,0,Census Tract 491; Kings County; New York,36,047,049100,Brooklyn,2621,289,2076,321,2332,2910,1755,2397,0.7920640976726441,0.05219464463754868,0.08586019042876758,0.7062039072438765,0.8779242881014117,0.17172038085753516,0.06589699595135601,proportion approximation,CV <= 30% diagnostic reference
36047050300,125307,0,Census Tract 503; Kings County; New York,36,047,050300,Brooklyn,1325,269,1023,252,1056,1594,771,1275,0.7720754716981132,0.06548007107357935,0.10771471691603803,0.6643607547820751,0.8797901886141513,0.21542943383207613,0.08481045373655195,proportion approximation,CV <= 30% diagnostic reference
36047055200,167669,0,Census Tract 552; Kings County; New York,36,047,055200,Brooklyn,1324,214,708,199,1110,1538,509,907,0.5347432024169184,0.07475067171283008,0.12296485496760548,0.41177834744931296,0.6577080573845239,0.2459297099352109,0.13978797930478393,proportion approximation,CV <= 30% diagnostic reference
36047056500,237963,0,Census Tract 565; Kings County; New York,36,047,056500,Brooklyn,1881,200,1320,238,1681,2081,1082,1558,0.7017543859649122,0.06211934215968178,0.10218631785267654,0.5995680681122357,0.8039407038175888,0.20437263570535302,0.08852006257754655,proportion approximation,CV <= 30% diagnostic reference
36047057500,181405,0,Census Tract 575; Kings County; New York,36,047,057500,Brooklyn,2276,250,1464,291,2026,2526,1173,1755,0.6432337434094904,0.06477843180028463,0.10656052031146822,0.5366732230980221,0.7497942637209586,0.21312104062293646,0.10070745271683594,proportion approximation,CV <= 30% diagnostic reference
36047057600,158605,0,Census Tract 576; Kings County; New York,36,047,057600,Brooklyn,974,241,476,251,733,1215,225,727,0.4887063655030801,0.13833923637594303,0.2275680438384263,0.2611383216646538,0.7162744093415064,0.45513608767685265,0.28307230300455566,proportion approximation,CV <= 30% diagnostic reference
36047056600,171530,0,Census Tract 566; Kings County; New York,36,047,056600,Brooklyn,852,65,385,78,787,917,307,463,0.4518779342723005,0.05155645736649836,0.0848103723678898,0.3670675619044107,0.5366883066401903,0.1696207447357796,0.11409377058767949,proportion approximation,CV <= 30% diagnostic reference
36047056800,117817,0,Census Tract 568; Kings County; New York,36,047,056800,Brooklyn,545,88,142,77,457,633,65,219,0.26055045871559634,0.08199107834626275,0.13487532387960222,0.12567513483599413,0.39542578259519856,0.26975064775920443,0.31468406830079715,proportion approximation,CV > 30% diagnostic reference
36047056900,127954,0,Census Tract 569; Kings County; New York,36,047,056900,Brooklyn,894,126,550,93,768,1020,457,643,0.6152125279642058,0.034939026613867365,0.05747469877981181,0.557737829184394,0.6726872267440176,0.11494939755962363,0.056791799623268045,proportion approximation,CV <= 30% diagnostic reference
36047057000,262372,0,Census Tract 570; Kings County; New York,36,047,057000,Brooklyn,1623,298,856,317,1325,1921,539,1173,0.5274183610597659,0.10311246267867158,0.16962000110641476,0.3577983599533512,0.6970383621661806,0.33924000221282946,0.1955041202423878,proportion approximation,CV <= 30% diagnostic reference
36047057300,170142,0,Census Tract 573; Kings County; New York,36,047,057300,Brooklyn,1405,253,690,273,1152,1658,417,963,0.49110320284697506,0.10517657544424251,0.17301546660577893,0.31808773624119613,0.664118669452754,0.34603093321155787,0.21416389637559527,proportion approximation,CV <= 30% diagnostic reference
36047057800,172233,0,Census Tract 578; Kings County; New York,36,047,057800,Brooklyn,1124,192,643,178,932,1316,465,821,0.5720640569395018,0.07575601981285315,0.12461865259214343,0.44744540434735836,0.6966827095316452,0.24923730518428688,0.1324257640274447,proportion approximation,CV <= 30% diagnostic reference
36047058000,158641,0,Census Tract 580; Kings County; New York,36,047,058000,Brooklyn,1127,173,634,178,954,1300,456,812,0.5625554569653949,0.08039110946386199,0.13224337506805298,0.43031208189734194,0.6947988320334478,0.2644867501361059,0.1429034390627326,proportion approximation,CV <= 30% diagnostic reference
36047058800,159611,0,Census Tract 588; Kings County; New York,36,047,058800,Brooklyn,1473,240,635,176,1233,1713,459,811,0.43109300746775286,0.05875905567649732,0.0966586465878381,0.33443436087991474,0.527751654055591,0.19331729317567625,0.13630250238028435,proportion approximation,CV <= 30% diagnostic reference
36047059000,158383,0,Census Tract 590; Kings County; New York,36,047,059000,Brooklyn,656,125,357,111,531,781,246,468,0.5442073170731707,0.08128146638337248,0.13370801220064774,0.41049930487252295,0.6779153292738185,0.2674160244012955,0.14935754046916624,proportion approximation,CV <= 30% diagnostic reference
36047083600,208197,0,Census Tract 836; Kings County; New York,36,047,083600,Brooklyn,631,95,154,63,536,726,91,217,0.24405705229793978,0.05643424368459318,0.09283433086115579,0.151222721436784,0.33689138315909556,0.18566866172231156,0.23123381665570322,proportion approximation,CV <= 30% diagnostic reference
36047084000,170057,0,Census Tract 840; Kings County; New York,36,047,084000,Brooklyn,809,120,435,132,689,929,303,567,0.5377008652657602,0.08653022221246072,0.14234221553949788,0.39535864972626233,0.6800430808052581,0.28468443107899577,0.16092632131007062,proportion approximation,CV <= 30% diagnostic reference
36047085000,144613,0,Census Tract 850; Kings County; New York,36,047,085000,Brooklyn,473,79,74,43,394,552,31,117,0.15644820295983086,0.05293187173735421,0.08707292900794768,0.06937527395188318,0.24352113196777853,0.17414585801589533,0.338334801780656,proportion approximation,CV > 30% diagnostic reference
36047085200,395710,0,Census Tract 852; Kings County; New York,36,047,085200,Brooklyn,0,14,0,14,0,14,0,14,,,,,,,,not calculated,CV unavailable
36047085400,128750,0,Census Tract 854; Kings County; New York,36,047,085400,Brooklyn,792,153,336,149,639,945,187,485,0.42424242424242425,0.1029432940346308,0.16934171868696768,0.2549007055554566,0.593584142929392,0.3386834373739354,0.24265205022448688,proportion approximation,CV <= 30% diagnostic reference
36047090000,246190,0,Census Tract 900; Kings County; New York,36,047,090000,Brooklyn,1864,181,1214,298,1683,2045,916,1512,0.6512875536480687,0.0892588102828185,0.14683074291523643,0.5044568107328322,0.7981182965633051,0.2936614858304729,0.13704977130739182,proportion approximation,CV <= 30% diagnostic reference
36047092000,237149,0,Census Tract 920; Kings County; New York,36,047,092000,Brooklyn,1345,210,904,222,1135,1555,682,1126,0.6721189591078067,0.07744712979509116,0.12740052851292497,0.5447184305948818,0.7995194876207317,0.2548010570258499,0.1152283070513248,proportion approximation,CV <= 30% diagnostic reference
36047090200,190560,0,Census Tract 902; Kings County; New York,36,047,090200,Brooklyn,975,101,637,143,874,1076,494,780,0.6533333333333333,0.07909913461512083,0.13011807644187376,0.5232152568914595,0.7834514097752071,0.2602361528837476,0.12107010400273596,proportion approximation,CV <= 30% diagnostic reference
36047090600,195831,0,Census Tract 906; Kings County; New York,36,047,090600,Brooklyn,1845,198,1669,224,1647,2043,1445,1893,0.9046070460704607,0.04432154383179198,0.0729089396032978,0.8316981064671629,0.9775159856737585,0.1458178792065956,0.048995355524060036,proportion approximation,CV <= 30% diagnostic reference
36047090800,296447,0,Census Tract 908; Kings County; New York,36,047,090800,Brooklyn,1622,273,1291,253,1349,1895,1038,1544,0.7959309494451294,0.04856974526769274,0.07989723096535456,0.7160337184797749,0.8758281804104839,0.159794461930709,0.061022561443995066,proportion approximation,CV <= 30% diagnostic reference
36047091000,212068,0,Census Tract 910; Kings County; New York,36,047,091000,Brooklyn,2597,246,2337,295,2351,2843,2042,2632,0.8998844820947247,0.04564214515553319,0.07508132878085211,0.8248031533138727,0.9749658108755768,0.1501626575617041,0.05072000469358994,proportion approximation,CV <= 30% diagnostic reference
36047091800,209632,0,Census Tract 918; Kings County; New York,36,047,091800,Brooklyn,1105,176,704,96,929,1281,608,800,0.63710407239819,0.08120682695493195,0.13358523034086306,0.5035188420573269,0.7706893027390531,0.26717046068172623,0.12746242014943154,alternative ratio approximation,CV <= 30% diagnostic reference
36047092200,161392,0,Census Tract 922; Kings County; New York,36,047,092200,Brooklyn,1307,205,678,222,1102,1512,456,900,0.5187452180566182,0.0906376491305671,0.14909893281978287,0.36964628523683535,0.667844150876401,0.2981978656395657,0.17472478969565072,proportion approximation,CV <= 30% diagnostic reference
36047093000,194229,0,Census Tract 930; Kings County; New York,36,047,093000,Brooklyn,929,136,323,98,793,1065,225,421,0.34768568353067814,0.056168947031362666,0.09239791786659159,0.25528776566408656,0.4400836013972697,0.18479583573318314,0.1615509343409781,proportion approximation,CV <= 30% diagnostic reference
36047093400,177758,0,Census Tract 934; Kings County; New York,36,047,093400,Brooklyn,923,123,356,102,800,1046,254,458,0.3856988082340195,0.05947036414361557,0.09782874901624761,0.28787005921777187,0.4835275572502671,0.19565749803249521,0.15418861265325048,proportion approximation,CV <= 30% diagnostic reference
36047093600,165121,0,Census Tract 936; Kings County; New York,36,047,093600,Brooklyn,692,127,285,112,565,819,173,397,0.41184971098265893,0.08700066499830851,0.1431160939222175,0.2687336170604414,0.5549658049048765,0.28623218784443505,0.21124371992571753,proportion approximation,CV <= 30% diagnostic reference
36047059200,219306,0,Census Tract 592; Kings County; New York,36,047,059200,Brooklyn,1640,193,762,223,1447,1833,539,985,0.46463414634146344,0.07568210357921418,0.12449706038780732,0.3401370859536561,0.5891312067292708,0.24899412077561467,0.1628853672833481,proportion approximation,CV <= 30% diagnostic reference
36047060600,179262,0,Census Tract 606; Kings County; New York,36,047,060600,Brooklyn,1377,188,577,202,1189,1565,375,779,0.4190268700072622,0.0821158060301741,0.1350805009196364,0.2839463690876258,0.5541073709268985,0.2701610018392727,0.19596787678258185,proportion approximation,CV <= 30% diagnostic reference
36047063200,117438,0,Census Tract 632; Kings County; New York,36,047,063200,Brooklyn,696,84,239,65,612,780,174,304,0.34339080459770116,0.050876268064456845,0.08369146096603151,0.25969934363166963,0.4270822655637327,0.16738292193206306,0.1481585044889622,proportion approximation,CV <= 30% diagnostic reference
36047065600,153578,0,Census Tract 656; Kings County; New York,36,047,065600,Brooklyn,610,120,92,50,490,730,42,142,0.15081967213114755,0.04644929125994031,0.0764090841226018,0.07441058800854575,0.22722875625374936,0.1528181682452036,0.30797899639743026,proportion approximation,CV > 30% diagnostic reference
36047059100,192105,0,Census Tract 591; Kings County; New York,36,047,059100,Brooklyn,1983,208,1041,218,1775,2191,823,1259,0.5249621785173979,0.057841954325607334,0.09515001486562406,0.4298121636517738,0.6201121933830219,0.1903000297312481,0.11018308878739609,proportion approximation,CV <= 30% diagnostic reference
36047069000,172913,0,Census Tract 690; Kings County; New York,36,047,069000,Brooklyn,539,151,171,134,388,690,37,305,0.3172541743970315,0.14114194917801434,0.2321785063978336,0.08507566799919791,0.5494326807948651,0.46435701279566716,0.44488602694122653,proportion approximation,CV > 30% diagnostic reference
36047073000,185122,0,Census Tract 730; Kings County; New York,36,047,073000,Brooklyn,741,151,210,142,590,892,68,352,0.2834008097165992,0.11107831336694585,0.18272382548862592,0.10067698422797328,0.4661246352052251,0.36544765097725185,0.3919477628805089,proportion approximation,CV > 30% diagnostic reference
36047074200,174327,0,Census Tract 742; Kings County; New York,36,047,074200,Brooklyn,934,126,381,112,808,1060,269,493,0.4079229122055675,0.06476694636805683,0.10654162677545348,0.301381285430114,0.514464538981021,0.21308325355090696,0.1587725141936091,proportion approximation,CV <= 30% diagnostic reference
36047078000,164534,0,Census Tract 780; Kings County; New York,36,047,078000,Brooklyn,602,111,138,66,491,713,72,204,0.2292358803986711,0.06149492086478409,0.10115914482256984,0.12807673557610127,0.3303950252212409,0.20231828964513965,0.26826045188840597,proportion approximation,CV <= 30% diagnostic reference
36047080000,173679,0,Census Tract 800; Kings County; New York,36,047,080000,Brooklyn,1398,240,736,236,1158,1638,500,972,0.5264663805436338,0.08667477236880193,0.1425800005466792,0.38388637999695463,0.669046381090313,0.2851600010933584,0.1646349616461754,proportion approximation,CV <= 30% diagnostic reference
36047084600,166530,0,Census Tract 846; Kings County; New York,36,047,084600,Brooklyn,649,72,266,81,577,721,185,347,0.4098613251155624,0.07065641554792985,0.11622980357634462,0.2936315215392178,0.526091128691907,0.2324596071526892,0.17239102891205443,proportion approximation,CV <= 30% diagnostic reference
36047087200,147204,0,Census Tract 872; Kings County; New York,36,047,087200,Brooklyn,1089,121,360,122,968,1210,238,482,0.3305785123966942,0.06433845851373156,0.10583676425508841,0.2247417481416058,0.43641527665178265,0.21167352851017684,0.19462383700403796,proportion approximation,CV <= 30% diagnostic reference
36047091200,167237,0,Census Tract 912; Kings County; New York,36,047,091200,Brooklyn,2604,428,1921,341,2176,3032,1580,2262,0.7377112135176651,0.03006790877593607,0.049461709936414834,0.6882495035812503,0.78717292345408,0.09892341987282971,0.040758372958114276,proportion approximation,CV <= 30% diagnostic reference
36047098200,345646,0,Census Tract 982; Kings County; New York,36,047,098200,Brooklyn,1608,169,1321,185,1439,1777,1136,1506,0.8215174129353234,0.04622325733991371,0.07603725832415806,0.7454801546111653,0.8975546712594815,0.15207451664831617,0.056265706133672405,proportion approximation,CV <= 30% diagnostic reference
36047099200,134602,0,Census Tract 992; Kings County; New York,36,047,099200,Brooklyn,663,165,90,49,498,828,41,139,0.13574660633484162,0.039959474089892595,0.06573333487787332,0.0700132714569683,0.20147994121271495,0.13146666975574667,0.2943681257955421,proportion approximation,CV <= 30% diagnostic reference
36047115000,158250,0,Census Tract 1150; Kings County; New York,36,047,115000,Brooklyn,963,124,584,153,839,1087,431,737,0.6064382139148494,0.0841121018205231,0.1383644074947605,0.4680738064200889,0.74480262140961,0.27672881498952107,0.13869855146089682,proportion approximation,CV <= 30% diagnostic reference
36047116200,143447,0,Census Tract 1162; Kings County; New York,36,047,116200,Brooklyn,925,122,482,113,803,1047,369,595,0.5210810810810811,0.06139600942329243,0.10099643550131605,0.42008464557976505,0.6220775165823972,0.20199287100263214,0.11782429194304045,proportion approximation,CV <= 30% diagnostic reference
36047119000,140618,0,Census Tract 1190; Kings County; New York,36,047,119000,Brooklyn,717,181,520,152,536,898,368,672,0.7252440725244073,0.06497149694248422,0.10687811247038655,0.6183659600540207,0.8321221849947938,0.21375622494077318,0.08958569866877152,proportion approximation,CV <= 30% diagnostic reference
36047000100,207819,0,Census Tract 1; Kings County; New York,36,047,000100,Brooklyn,2594,325,1318,267,2269,2919,1051,1585,0.5080956052428681,0.04916915467942651,0.0808832594476566,0.4272123457952115,0.5889788646905247,0.16176651889531324,0.0967714622446376,proportion approximation,CV <= 30% diagnostic reference
36047000200,276929,0,Census Tract 2; Kings County; New York,36,047,000200,Brooklyn,383,65,212,76,318,448,136,288,0.5535248041775457,0.10625446593626584,0.1747885964651573,0.37873620771238836,0.728313400642703,0.34957719293031464,0.19195971912070667,proportion approximation,CV <= 30% diagnostic reference
36047000301,200995,0,Census Tract 3.01; Kings County; New York,36,047,000301,Brooklyn,2100,286,1325,274,1814,2386,1051,1599,0.6309523809523809,0.05968639706416571,0.0981841231705526,0.5327682577818283,0.7291365041229335,0.19636824634110517,0.09459730855452679,proportion approximation,CV <= 30% diagnostic reference
36047014200,200223,0,Census Tract 142; Kings County; New York,36,047,014200,Brooklyn,1264,166,788,208,1098,1430,580,996,0.6234177215189873,0.08677441050006036,0.1427439052725993,0.48067381624638805,0.7661616267915866,0.28548781054519856,0.13919144019299023,proportion approximation,CV <= 30% diagnostic reference
36047014500,216626,0,Census Tract 145; Kings County; New York,36,047,014500,Brooklyn,1878,256,930,206,1622,2134,724,1136,0.4952076677316294,0.05255920846100976,0.08645989791836106,0.4087477698132683,0.5816675656499904,0.17291979583672212,0.10613569192449068,proportion approximation,CV <= 30% diagnostic reference
36047014700,105979,0,Census Tract 147; Kings County; New York,36,047,014700,Brooklyn,857,138,353,104,719,995,249,457,0.411901983663944,0.06177733299655527,0.10162371277933342,0.3102782708846106,0.5135256964432774,0.20324742555866682,0.14998066396047555,proportion approximation,CV <= 30% diagnostic reference
36047015000,133505,0,Census Tract 150; Kings County; New York,36,047,015000,Brooklyn,543,96,224,80,447,639,144,304,0.4125230202578269,0.07781846756659903,0.1280113791470554,0.2845116411107715,0.5405343994048823,0.25602275829411086,0.18864030307438961,proportion approximation,CV <= 30% diagnostic reference
36047015300,150477,0,Census Tract 153; Kings County; New York,36,047,015300,Brooklyn,1196,203,764,226,993,1399,538,990,0.6387959866220736,0.09408017897117428,0.1547618944075817,0.4840340922144919,0.7935578810296553,0.3095237888151634,0.14727734823236183,proportion approximation,CV <= 30% diagnostic reference
36047015400,922940,0,Census Tract 154; Kings County; New York,36,047,015400,Brooklyn,0,14,0,14,0,14,0,14,,,,,,,,not calculated,CV unavailable
36047015900,250862,0,Census Tract 159; Kings County; New York,36,047,015900,Brooklyn,2613,260,1687,264,2353,2873,1423,1951,0.6456180635285113,0.047404220996258586,0.07797994353884538,0.5676381199896658,0.7235980070673567,0.15595988707769082,0.07342455806948649,proportion approximation,CV <= 30% diagnostic reference
36047016100,182397,0,Census Tract 161; Kings County; New York,36,047,016100,Brooklyn,1592,174,1062,152,1418,1766,910,1214,0.6670854271356784,0.03747388836833289,0.0616445463659076,0.6054408807697709,0.728729973501586,0.1232890927318151,0.056175546405259846,proportion approximation,CV <= 30% diagnostic reference
36047016200,237712,0,Census Tract 162; Kings County; New York,36,047,016200,Brooklyn,1106,206,475,204,900,1312,271,679,0.4294755877034358,0.10103335588944742,0.16619987043814102,0.26327571726529475,0.5956754581415769,0.3323997408762821,0.23524819287100812,proportion approximation,CV <= 30% diagnostic reference
36047016300,184092,0,Census Tract 163; Kings County; New York,36,047,016300,Brooklyn,1988,178,1271,220,1810,2166,1051,1491,0.6393360160965795,0.05757323296681974,0.09470796823041847,0.544628047866161,0.734043984326998,0.189415936460837,0.09005160278366454,proportion approximation,CV <= 30% diagnostic reference
36047016400,802163,650272,Census Tract 164; Kings County; New York,36,047,016400,Brooklyn,173,63,0,14,110,236,0,14,0.0,0.04919444102816382,0.08092485549132948,0.0,0.08092485549132948,0.08092485549132948,,proportion approximation,CV unavailable
36047016500,186645,0,Census Tract 165; Kings County; New York,36,047,016500,Brooklyn,2387,304,1148,185,2083,2691,963,1333,0.4809384164222874,0.028867995060306934,0.04748785187420491,0.4334505645480825,0.5284262682964923,0.0949757037484098,0.06002430680222356,proportion approximation,CV <= 30% diagnostic reference
36047016700,168915,0,Census Tract 167; Kings County; New York,36,047,016700,Brooklyn,2191,486,1182,507,1705,2677,675,1689,0.539479689639434,0.12039954558754569,0.19805725249151265,0.3414224371479214,0.7375369421309467,0.39611450498302525,0.22317716106794636,proportion approximation,CV <= 30% diagnostic reference
36047016800,168296,117619,Census Tract 168; Kings County; New York,36,047,016800,Brooklyn,761,163,159,63,598,924,96,222,0.20893561103810776,0.04233867409710549,0.06964711888973853,0.13928849214836925,0.2785827299278463,0.13929423777947703,0.20263981753394514,proportion approximation,CV <= 30% diagnostic reference
36047016900,209462,0,Census Tract 169; Kings County; New York,36,047,016900,Brooklyn,2005,332,821,194,1673,2337,627,1015,0.4094763092269327,0.041962061295706586,0.06902759083143734,0.34044871839549534,0.47850390005837,0.13805518166287467,0.10247738477209709,proportion approximation,CV <= 30% diagnostic reference
36047017100,208490,0,Census Tract 171; Kings County; New York,36,047,017100,Brooklyn,1627,254,572,263,1373,1881,309,835,0.3515673017824216,0.09242809096738129,0.15204420964134222,0.1995230921410794,0.5036115114237638,0.3040884192826844,0.26290297902784854,proportion approximation,CV <= 30% diagnostic reference
36047017200,206317,0,Census Tract 172; Kings County; New York,36,047,017200,Brooklyn,946,164,236,147,782,1110,89,383,0.24947145877378435,0.09073026387324154,0.14925128407148233,0.10022017470230202,0.39872274284526665,0.2985025681429646,0.36368995603426485,proportion approximation,CV > 30% diagnostic reference
36047017400,165543,91465,Census Tract 174; Kings County; New York,36,047,017400,Brooklyn,721,76,184,62,645,797,122,246,0.2552011095700416,0.049650918953085536,0.08167576167782571,0.1735253478922159,0.3368768712478673,0.1633515233556514,0.19455604654986236,proportion approximation,CV <= 30% diagnostic reference
36047017500,1961397,0,Census Tract 175; Kings County; New York,36,047,017500,Brooklyn,0,14,0,14,0,14,0,14,,,,,,,,not calculated,CV unavailable
36047085600,158628,0,Census Tract 856; Kings County; New York,36,047,085600,Brooklyn,1365,235,535,210,1130,1600,325,745,0.39194139194139194,0.08404787124200233,0.13825874819309383,0.2536826437482981,0.5302001401344858,0.2765174963861877,0.2144398957856695,proportion approximation,CV <= 30% diagnostic reference
36047086000,175366,0,Census Tract 860; Kings County; New York,36,047,086000,Brooklyn,1048,199,663,184,849,1247,479,847,0.6326335877862596,0.07783763533986154,0.12804291013407224,0.5045906776521873,0.7606764979203318,0.2560858202681444,0.12303746883284299,proportion approximation,CV <= 30% diagnostic reference
36047086400,150823,0,Census Tract 864; Kings County; New York,36,047,086400,Brooklyn,826,105,505,116,721,931,389,621,0.6113801452784504,0.07110686155122066,0.11697078725175798,0.49440935802669245,0.7283509325302084,0.233941574503516,0.11630548047783813,proportion approximation,CV <= 30% diagnostic reference
36047087000,155718,0,Census Tract 870; Kings County; New York,36,047,087000,Brooklyn,1046,172,562,155,874,1218,407,717,0.5372848948374761,0.07231955303339822,0.11896566473994008,0.418319230097536,0.6562505595774162,0.23793132947988016,0.13460187272764154,proportion approximation,CV <= 30% diagnostic reference
36047087401,130596,0,Census Tract 874.01; Kings County; New York,36,047,087401,Brooklyn,1542,255,1269,246,1287,1797,1023,1515,0.8229571984435797,0.05060486348680151,0.08324500043578849,0.7397121980077912,0.9062021988793683,0.16649000087157706,0.06149148896504959,proportion approximation,CV <= 30% diagnostic reference
36047087600,142213,0,Census Tract 876; Kings County; New York,36,047,087600,Brooklyn,715,137,428,128,578,852,300,556,0.5986013986013986,0.0835575464763557,0.13745216395360513,0.46114923464779345,0.7360535625550038,0.2749043279072103,0.13958795731447274,proportion approximation,CV <= 30% diagnostic reference
36047087800,151414,0,Census Tract 878; Kings County; New York,36,047,087800,Brooklyn,896,129,631,117,767,1025,514,748,0.7042410714285714,0.05002164990251172,0.08228561408963178,0.6219554573389396,0.7865266855182032,0.1645712281792635,0.07102915738930349,proportion approximation,CV <= 30% diagnostic reference
36047088200,203181,0,Census Tract 882; Kings County; New York,36,047,088200,Brooklyn,2548,322,2018,367,2226,2870,1651,2385,0.7919937205651492,0.06296568536154806,0.10357855241974656,0.6884151681454026,0.8955722729848957,0.20715710483949312,0.0795027583256811,proportion approximation,CV <= 30% diagnostic reference
36047059800,199216,0,Census Tract 598; Kings County; New York,36,047,059800,Brooklyn,1294,290,597,306,1004,1584,291,903,0.4613601236476043,0.12928504072145336,0.2126738919867908,0.24868623166081352,0.6740340156343951,0.42534778397358164,0.28022586715839304,proportion approximation,CV <= 30% diagnostic reference
36047061002,227269,298539,Census Tract 610.02; Kings County; New York,36,047,061002,Brooklyn,2526,326,1310,256,2200,2852,1054,1566,0.5186064924782264,0.04626199211066074,0.07610097702203691,0.44250551545618955,0.5947074695002633,0.15220195404407377,0.08920442142864811,proportion approximation,CV <= 30% diagnostic reference
36047061200,198236,39403,Census Tract 612; Kings County; New York,36,047,061200,Brooklyn,449,56,108,51,393,505,57,159,0.24053452115812918,0.06659721002982552,0.10955241049906297,0.1309821106590662,0.3500869316571922,0.21910482099812598,0.27687173429066353,proportion approximation,CV <= 30% diagnostic reference
36047060000,439917,0,Census Tract 600; Kings County; New York,36,047,060000,Brooklyn,2566,260,995,237,2306,2826,758,1232,0.3877630553390491,0.05081340729809101,0.08358805500535971,0.3041750003336894,0.4713511103444088,0.16717611001071941,0.13104241520291612,proportion approximation,CV <= 30% diagnostic reference
36047060800,401159,119875,Census Tract 608; Kings County; New York,36,047,060800,Brooklyn,1731,210,893,157,1521,1941,736,1050,0.5158867706528019,0.039906001277313335,0.06564537210118043,0.45024139855162143,0.5815321427539824,0.13129074420236092,0.07735418612657266,proportion approximation,CV <= 30% diagnostic reference
36047061600,726087,933068,Census Tract 616; Kings County; New York,36,047,061600,Brooklyn,532,82,58,47,450,614,11,105,0.10902255639097744,0.0527252153980232,0.08673297932974816,0.022289577061229277,0.1957555357207256,0.17346595865949632,0.4836174929611783,proportion approximation,CV > 30% diagnostic reference
36047062200,247463,107697,Census Tract 622; Kings County; New York,36,047,062200,Brooklyn,1083,169,412,152,914,1252,260,564,0.3804247460757156,0.07731180164502156,0.12717791370606046,0.2532468323696551,0.507602659781776,0.25435582741212087,0.2032249543241708,proportion approximation,CV <= 30% diagnostic reference
36047062800,767918,272494,Census Tract 628; Kings County; New York,36,047,062800,Brooklyn,1825,179,247,116,1646,2004,131,363,0.13534246575342465,0.03778723251265856,0.062159997483323334,0.07318246827010132,0.19750246323674797,0.12431999496664665,0.27919716330203187,proportion approximation,CV <= 30% diagnostic reference
36047063600,114332,0,Census Tract 636; Kings County; New York,36,047,063600,Brooklyn,348,78,43,25,270,426,18,68,0.1235632183908046,0.04029541942519411,0.0662859649544443,0.057277253436360295,0.18984918334524892,0.1325719299088886,0.32611176651087326,proportion approximation,CV > 30% diagnostic reference
36047063800,139188,0,Census Tract 638; Kings County; New York,36,047,063800,Brooklyn,664,120,159,101,544,784,58,260,0.2394578313253012,0.08864590540144276,0.14582251438537336,0.09363531693992785,0.3852803457106746,0.2916450287707467,0.3701942212991069,proportion approximation,CV > 30% diagnostic reference
36047064000,153403,0,Census Tract 640; Kings County; New York,36,047,064000,Brooklyn,406,110,32,26,296,516,6,58,0.07881773399014778,0.036701564284601806,0.06037407324816997,0.018443660741977813,0.13919180723831776,0.12074814649633994,0.4656510968608854,proportion approximation,CV > 30% diagnostic reference
36047064400,199330,0,Census Tract 644; Kings County; New York,36,047,064400,Brooklyn,774,145,279,125,629,919,154,404,0.36046511627906974,0.08918094235968685,0.14670265018168488,0.21376246609738486,0.5071677664607546,0.2934053003633697,0.24740519493332483,proportion approximation,CV <= 30% diagnostic reference
36047065000,166228,0,Census Tract 650; Kings County; New York,36,047,065000,Brooklyn,567,114,204,97,453,681,107,301,0.35978835978835977,0.09424276346401682,0.15502934589830766,0.2047590138900521,0.5148177056866674,0.31005869179661527,0.26193944551028203,proportion approximation,CV <= 30% diagnostic reference
36047094401,368968,0,Census Tract 944.01; Kings County; New York,36,047,094401,Brooklyn,1080,145,419,146,935,1225,273,565,0.38796296296296295,0.07583428651022942,0.12474740130932739,0.2632155616536356,0.5127103642722903,0.24949480261865475,0.1954678506707584,proportion approximation,CV <= 30% diagnostic reference
36047095000,242438,0,Census Tract 950; Kings County; New York,36,047,095000,Brooklyn,772,164,315,129,608,936,186,444,0.40803108808290156,0.08684383041621517,0.14285810103467395,0.2651729870482276,0.5508891891175756,0.28571620206934795,0.21283630819466068,proportion approximation,CV <= 30% diagnostic reference
36047095400,237026,0,Census Tract 954; Kings County; New York,36,047,095400,Brooklyn,1485,189,554,181,1296,1674,373,735,0.37306397306397304,0.06824137379538553,0.1122570598934092,0.2608069131705638,0.48532103295738227,0.22451411978681846,0.18292137199665617,proportion approximation,CV <= 30% diagnostic reference
36047095600,237582,0,Census Tract 956; Kings County; New York,36,047,095600,Brooklyn,1229,258,410,190,971,1487,220,600,0.3336045565500407,0.08378423678461498,0.13782506951069165,0.19577948703934903,0.47142962606073235,0.27565013902138336,0.2511483585568093,proportion approximation,CV <= 30% diagnostic reference
36005044902,156698,0,Census Tract 449.02; Bronx County; New York,36,005,044902,Bronx,973,118,253,86,855,1091,167,339,0.26002055498458376,0.0501944322556891,0.08256984106060856,0.1774507139239752,0.3425903960451923,0.1651396821212171,0.19304024737069364,proportion approximation,CV <= 30% diagnostic reference
36005025100,209328,0,Census Tract 251; Bronx County; New York,36,005,025100,Bronx,2314,276,1651,302,2038,2590,1349,1953,0.7134831460674157,0.060151163532436935,0.09894866401085876,0.6145344820565569,0.8124318100782745,0.19789732802171756,0.08430635518719508,proportion approximation,CV <= 30% diagnostic reference
36005022404,92720,0,Census Tract 224.04; Bronx County; New York,36,005,022404,Bronx,1875,212,1142,210,1663,2087,932,1352,0.6090666666666666,0.053693997356078875,0.08832662565074975,0.5207400410159169,0.6973932923174164,0.17665325130149956,0.08815783278690709,proportion approximation,CV <= 30% diagnostic reference
36005039901,151654,0,Census Tract 399.01; Bronx County; New York,36,005,039901,Bronx,1678,203,1125,196,1475,1881,929,1321,0.6704410011918951,0.05109652987018682,0.08405379163645732,0.5863872095554378,0.7544947928283524,0.16810758327291464,0.07621331299748754,proportion approximation,CV <= 30% diagnostic reference
36005023704,67466,0,Census Tract 237.04; Bronx County; New York,36,005,023704,Bronx,1392,204,1114,206,1188,1596,908,1320,0.8002873563218391,0.05486361884500427,0.09025065300003203,0.7100367033218071,0.8905380093218711,0.18050130600006398,0.06855489895174681,proportion approximation,CV <= 30% diagnostic reference
36005015300,236836,0,Census Tract 153; Bronx County; New York,36,005,015300,Bronx,1781,331,1332,366,1450,2112,966,1698,0.7478944413250983,0.09201490118998197,0.15136451245752033,0.5965299288675779,0.8992589537826187,0.3027290249150407,0.12303193620071913,proportion approximation,CV <= 30% diagnostic reference
36047000700,176774,0,Census Tract 7; Kings County; New York,36,047,000700,Brooklyn,2043,254,1359,213,1789,2297,1146,1572,0.6651982378854625,0.038591956022934894,0.0634837676577279,0.6017144702277346,0.7286820055431904,0.1269675353154558,0.05801572196825312,proportion approximation,CV <= 30% diagnostic reference
36047000900,163469,0,Census Tract 9; Kings County; New York,36,047,000900,Brooklyn,2408,475,1678,435,1933,2883,1243,2113,0.696843853820598,0.07125365897070701,0.11721226900681304,0.579631584813785,0.814056122827411,0.23442453801362606,0.102251973064042,proportion approximation,CV <= 30% diagnostic reference
36047001100,168507,0,Census Tract 11; Kings County; New York,36,047,001100,Brooklyn,859,112,693,124,747,971,569,817,0.8067520372526193,0.06009818089981932,0.09886150758020278,0.7078905296724166,0.9056135448328221,0.19772301516040547,0.07449399335201269,proportion approximation,CV <= 30% diagnostic reference
36047001300,293167,0,Census Tract 13; Kings County; New York,36,047,001300,Brooklyn,1395,165,918,189,1230,1560,729,1107,0.6580645161290323,0.06741282436121399,0.11089409607419701,0.5471704200548353,0.7689586122032293,0.22178819214839396,0.10244105662733498,proportion approximation,CV <= 30% diagnostic reference
36047002000,154138,0,Census Tract 20; Kings County; New York,36,047,002000,Brooklyn,407,83,180,82,324,490,98,262,0.44226044226044225,0.10951952923288999,0.18015962558810403,0.2621008166723382,0.6224200678485463,0.3603192511762081,0.2476358244321457,proportion approximation,CV <= 30% diagnostic reference
36047002100,528955,39281,Census Tract 21; Kings County; New York,36,047,002100,Brooklyn,2800,272,1537,257,2528,3072,1280,1794,0.5489285714285714,0.04541450945737789,0.07470686805738663,0.4742217033711848,0.623635439485958,0.1494137361147732,0.08273300356581528,proportion approximation,CV <= 30% diagnostic reference
36047002200,340046,0,Census Tract 22; Kings County; New York,36,047,002200,Brooklyn,1592,183,954,197,1409,1775,757,1151,0.5992462311557789,0.062491727487639925,0.10279889171716768,0.49644733943861125,0.7020451228729466,0.20559778343433538,0.1042838890569421,proportion approximation,CV <= 30% diagnostic reference
36047002901,109261,0,Census Tract 29.01; Kings County; New York,36,047,002901,Brooklyn,1337,171,1198,179,1166,1508,1019,1377,0.8960359012715033,0.04207657810064609,0.06921597097556283,0.8268199302959405,0.9652518722470662,0.13843194195112574,0.046958585075595846,proportion approximation,CV <= 30% diagnostic reference
36047003400,477399,2570730,Census Tract 34; Kings County; New York,36,047,003400,Brooklyn,1525,220,595,231,1305,1745,364,826,0.3901639344262295,0.08548913545366507,0.14062962782127905,0.24953430660495043,0.5307935622475085,0.28125925564255805,0.21911080935603233,proportion approximation,CV <= 30% diagnostic reference
36047003700,166448,0,Census Tract 37; Kings County; New York,36,047,003700,Brooklyn,2727,271,2049,265,2456,2998,1784,2314,0.7513751375137514,0.03780633921110111,0.06219142800226132,0.6891837095114901,0.8135665655160127,0.12438285600452259,0.05031619669530148,proportion approximation,CV <= 30% diagnostic reference
36047003900,156923,0,Census Tract 39; Kings County; New York,36,047,003900,Brooklyn,1320,108,1012,118,1212,1428,894,1130,0.7666666666666667,0.038718038958591584,0.06369117408688316,0.7029754925797835,0.8303578407535499,0.12738234817376637,0.05050178994598902,proportion approximation,CV <= 30% diagnostic reference
36005014100,177165,0,Census Tract 141; Bronx County; New York,36,005,014100,Bronx,3034,257,2247,354,2777,3291,1893,2601,0.7406064601186553,0.05980379723845531,0.09837724645725898,0.6422292136613963,0.8389837065759143,0.19675449291451796,0.08074976449553778,proportion approximation,CV <= 30% diagnostic reference
36005033000,206129,0,Census Tract 330; Bronx County; New York,36,005,033000,Bronx,2087,232,1167,310,1855,2319,857,1477,0.5591758505031145,0.0820100885290365,0.13490659563026505,0.4242692548728494,0.6940824461333795,0.26981319126053016,0.14666242910034208,proportion approximation,CV <= 30% diagnostic reference
36005021100,151667,0,Census Tract 211; Bronx County; New York,36,005,021100,Bronx,2002,231,1448,279,1771,2233,1169,1727,0.7232767232767233,0.06784763647883393,0.11160936200768183,0.6116673612690415,0.8348860852844051,0.22321872401536358,0.09380591728634359,proportion approximation,CV <= 30% diagnostic reference
36005004600,135341,0,Census Tract 46; Bronx County; New York,36,005,004600,Bronx,664,86,325,96,578,750,229,421,0.4894578313253012,0.07899025486954456,0.1299389692604008,0.35951886206490036,0.619396800585702,0.25987793852080165,0.16138316687193105,proportion approximation,CV <= 30% diagnostic reference
36005005902,70347,0,Census Tract 59.02; Bronx County; New York,36,005,005902,Bronx,1288,202,1000,229,1086,1490,771,1229,0.7763975155279503,0.07875696331438428,0.12955520465216214,0.6468423108757881,0.9059527201801125,0.2591104093043244,0.10143896874892695,proportion approximation,CV <= 30% diagnostic reference
36005028100,129158,0,Census Tract 281; Bronx County; New York,36,005,028100,Bronx,1673,221,1007,213,1452,1894,794,1220,0.6019127316198446,0.06044686653744701,0.09943509545410034,0.5024776361657443,0.7013478270739449,0.19887019090820068,0.10042463527025705,proportion approximation,CV <= 30% diagnostic reference
36005022701,117193,0,Census Tract 227.01; Bronx County; New York,36,005,022701,Bronx,2025,305,1618,362,1720,2330,1256,1980,0.7990123456790124,0.08035854281028075,0.13218980292291183,0.6668225427561005,0.9312021486019242,0.26437960584582365,0.10057234189791009,proportion approximation,CV <= 30% diagnostic reference
36005031600,177170,0,Census Tract 316; Bronx County; New York,36,005,031600,Bronx,711,125,209,117,586,836,92,326,0.2939521800281294,0.09497347114532728,0.15623136003406338,0.13772081999406602,0.45018354006219274,0.3124627200681267,0.3230915693030033,proportion approximation,CV > 30% diagnostic reference
36005019500,219844,0,Census Tract 195; Bronx County; New York,36,005,019500,Bronx,2703,246,2245,377,2457,2949,1868,2622,0.8305586385497595,0.07125559658903209,0.11721545638895779,0.7133431821608017,0.9477740949387173,0.2344309127779156,0.08579237308692816,proportion approximation,CV <= 30% diagnostic reference
36005028600,200018,0,Census Tract 286; Bronx County; New York,36,005,028600,Bronx,532,107,87,58,425,639,29,145,0.16353383458646617,0.06318705648577039,0.10394270791909228,0.059591126667373887,0.26747654250555847,0.2078854158381846,0.38638521897045797,proportion approximation,CV > 30% diagnostic reference
36005016400,164578,0,Census Tract 164; Bronx County; New York,36,005,016400,Bronx,392,68,75,51,324,460,24,126,0.1913265306122449,0.0764726459255434,0.1257975025475189,0.06552902806472599,0.3171240331597638,0.2515950050950378,0.3996970293708402,proportion approximation,CV > 30% diagnostic reference
36005036800,169530,0,Census Tract 368; Bronx County; New York,36,005,036800,Bronx,624,139,294,145,485,763,149,439,0.47115384615384615,0.1260304436871967,0.20732007986543857,0.2638337662884076,0.6784739260192847,0.4146401597308771,0.2674931866013971,proportion approximation,CV <= 30% diagnostic reference
36005006000,336489,0,Census Tract 60; Bronx County; New York,36,005,006000,Bronx,386,56,161,53,330,442,108,214,0.4170984455958549,0.07492556036116953,0.12325254679412388,0.293845898801731,0.5403509923899787,0.24650509358824774,0.17963519440628223,proportion approximation,CV <= 30% diagnostic reference
36005037600,124765,0,Census Tract 376; Bronx County; New York,36,005,037600,Bronx,767,94,371,76,673,861,295,447,0.48370273794002605,0.04826663203898393,0.07939860970412857,0.40430412823589745,0.5631013476441546,0.1587972194082572,0.09978573254420668,proportion approximation,CV <= 30% diagnostic reference
36005023301,119112,0,Census Tract 233.01; Bronx County; New York,36,005,023301,Bronx,1622,200,1317,249,1422,1822,1068,1566,0.811960542540074,0.07074405651794591,0.11637397297202103,0.695586569568053,0.928334515512095,0.23274794594404202,0.08712745609119837,proportion approximation,CV <= 30% diagnostic reference
36005004001,123145,0,Census Tract 40.01; Bronx County; New York,36,005,004001,Bronx,489,70,148,51,419,559,97,199,0.30265848670756645,0.05767152672932165,0.09486966146973412,0.20778882523783232,0.3975281481773006,0.18973932293946827,0.19054984169350195,proportion approximation,CV <= 30% diagnostic reference
36005006900,187978,0,Census Tract 69; Bronx County; New York,36,005,006900,Bronx,2705,393,2300,414,2312,3098,1886,2714,0.8502772643253235,0.05492585800567425,0.09035303641933413,0.7599242279059893,0.9406303007446576,0.18070607283866824,0.06459758517623862,proportion approximation,CV <= 30% diagnostic reference
36005003100,154703,0,Census Tract 31; Bronx County; New York,36,005,003100,Bronx,1162,264,907,293,898,1426,614,1200,0.7805507745266781,0.10896901400780111,0.17925402804283283,0.6012967464838452,0.959804802569511,0.3585080560856657,0.13960528586225457,proportion approximation,CV <= 30% diagnostic reference
36005039000,181646,0,Census Tract 390; Bronx County; New York,36,005,039000,Bronx,1104,210,508,153,894,1314,355,661,0.4601449275362319,0.0653184895573807,0.10744891532189126,0.3526960122143406,0.5675938428581231,0.21489783064378248,0.14195199305383524,proportion approximation,CV <= 30% diagnostic reference
36005042800,169199,0,Census Tract 428; Bronx County; New York,36,005,042800,Bronx,809,234,78,42,575,1043,36,120,0.09641532756489493,0.026619886723403156,0.04378971365999819,0.05262561390489674,0.14020504122489313,0.08757942731999639,0.2760960046055532,proportion approximation,CV <= 30% diagnostic reference
36005038800,148659,0,Census Tract 388; Bronx County; New York,36,005,038800,Bronx,990,140,299,128,850,1130,171,427,0.302020202020202,0.07418536656817995,0.12203492800465603,0.17998527401554598,0.42405513002485806,0.24406985600931208,0.2456304779347764,proportion approximation,CV <= 30% diagnostic reference
36005005600,136188,0,Census Tract 56; Bronx County; New York,36,005,005600,Bronx,1006,197,556,128,809,1203,428,684,0.5526838966202783,0.04066844262375869,0.06689958811608304,0.48578430850419524,0.6195834847363613,0.13379917623216603,0.07358354906385116,proportion approximation,CV <= 30% diagnostic reference
36005014500,181903,0,Census Tract 145; Bronx County; New York,36,005,014500,Bronx,2433,417,1930,454,2016,2850,1476,2384,0.7932593505959721,0.07769498047328706,0.12780824287855722,0.6654511077174149,0.9210675934745293,0.2556164857571144,0.09794398315622145,proportion approximation,CV <= 30% diagnostic reference
36047017700,2313048,227326,Census Tract 177; Kings County; New York,36,047,017700,Brooklyn,0,14,0,14,0,14,0,14,,,,,,,,not calculated,CV unavailable
36047017800,164020,0,Census Tract 178; Kings County; New York,36,047,017800,Brooklyn,844,123,320,120,721,967,200,440,0.3791469194312796,0.07963777305528351,0.13100413667594138,0.24814278275533821,0.510151056107221,0.2620082733518828,0.21004462643331026,proportion approximation,CV <= 30% diagnostic reference
36047017900,158289,0,Census Tract 179; Kings County; New York,36,047,017900,Brooklyn,1414,123,889,125,1291,1537,764,1014,0.6287128712871287,0.04222129444911179,0.06945402936878889,0.5592588419183399,0.6981669006559176,0.13890805873757772,0.06715512975370537,proportion approximation,CV <= 30% diagnostic reference
36047018000,176108,0,Census Tract 180; Kings County; New York,36,047,018000,Brooklyn,971,198,524,208,773,1169,316,732,0.5396498455200824,0.11172456818051248,0.18378691465694302,0.3558629308631394,0.7234367601770255,0.3675738293138861,0.20703159485358322,proportion approximation,CV <= 30% diagnostic reference
36047018200,165463,0,Census Tract 182; Kings County; New York,36,047,018200,Brooklyn,1159,152,435,110,1007,1311,325,545,0.37532355478861085,0.04932978014767204,0.0811474883429205,0.29417606644569033,0.45647104313153136,0.16229497668584103,0.13143267860034918,proportion approximation,CV <= 30% diagnostic reference
36047018300,137311,0,Census Tract 183; Kings County; New York,36,047,018300,Brooklyn,1365,158,665,164,1207,1523,501,829,0.48717948717948717,0.06449268804579901,0.10609047183533937,0.3810890153441478,0.5932699590148265,0.2121809436706787,0.1323797280940085,proportion approximation,CV <= 30% diagnostic reference
36047018501,111097,0,Census Tract 185.01; Kings County; New York,36,047,018501,Brooklyn,1719,248,1437,269,1471,1967,1168,1706,0.8359511343804538,0.06061672017580463,0.09971450468919861,0.7362366296912551,0.9356656390696524,0.19942900937839725,0.07251227695351994,proportion approximation,CV <= 30% diagnostic reference
36047018600,113054,0,Census Tract 186; Kings County; New York,36,047,018600,Brooklyn,618,119,204,86,499,737,118,290,0.3300970873786408,0.07525465765998575,0.12379391185067656,0.20630317552796423,0.45389099922931736,0.24758782370135313,0.22797734526407445,proportion approximation,CV <= 30% diagnostic reference
36047018700,85768,0,Census Tract 187; Kings County; New York,36,047,018700,Brooklyn,550,78,287,65,472,628,222,352,0.5218181818181818,0.05601437903166271,0.09214365350708516,0.4296745283110967,0.613961835325267,0.18428730701417034,0.10734462880632226,proportion approximation,CV <= 30% diagnostic reference
36047019000,212934,0,Census Tract 190; Kings County; New York,36,047,019000,Brooklyn,1600,302,1141,351,1298,1902,790,1492,0.713125,0.10530517796957586,0.1732270177599523,0.5398979822400477,0.8863520177599523,0.3464540355199046,0.1476672083710091,proportion approximation,CV <= 30% diagnostic reference
36047019100,253797,0,Census Tract 191; Kings County; New York,36,047,019100,Brooklyn,1282,179,806,167,1103,1461,639,973,0.6287051482059283,0.058507640077411445,0.09624506792734183,0.5324600802785864,0.7249502161332702,0.19249013585468377,0.09306053918020034,proportion approximation,CV <= 30% diagnostic reference
36047019200,189790,0,Census Tract 192; Kings County; New York,36,047,019200,Brooklyn,737,104,365,111,633,841,254,476,0.49525101763907736,0.08110313646354625,0.1334146594825336,0.3618363581565438,0.6286656771216109,0.2668293189650671,0.1637616755442016,proportion approximation,CV <= 30% diagnostic reference
36047019600,188308,0,Census Tract 196; Kings County; New York,36,047,019600,Brooklyn,1397,287,624,175,1110,1684,449,799,0.44667143879742305,0.05183773287079879,0.08527307057246401,0.361398368224959,0.531944509369887,0.170546141144928,0.11605338593029793,proportion approximation,CV <= 30% diagnostic reference
36047019700,169819,0,Census Tract 197; Kings County; New York,36,047,019700,Brooklyn,1797,226,838,231,1571,2023,607,1069,0.46633277685030605,0.06953738564923566,0.11438899939299266,0.3519437774573134,0.5807217762432987,0.22877799878598526,0.14911537232896954,proportion approximation,CV <= 30% diagnostic reference
36047019800,134715,0,Census Tract 198; Kings County; New York,36,047,019800,Brooklyn,650,134,189,83,516,784,106,272,0.2907692307692308,0.06853989117469679,0.11274812098237623,0.17802110978685454,0.403517351751607,0.2254962419647525,0.2357192024526609,proportion approximation,CV <= 30% diagnostic reference
36047019900,188914,0,Census Tract 199; Kings County; New York,36,047,019900,Brooklyn,2401,315,1696,344,2086,2716,1352,2040,0.7063723448563098,0.06642320098665482,0.10926616562304717,0.5971061792332627,0.815638510479357,0.21853233124609428,0.09403426035905556,proportion approximation,CV <= 30% diagnostic reference
36047020000,134858,0,Census Tract 200; Kings County; New York,36,047,020000,Brooklyn,666,123,269,117,543,789,152,386,0.4039039039039039,0.09668816580093961,0.15905203274254567,0.24485187116135823,0.5629559366464496,0.3181040654850914,0.23938408335846015,proportion approximation,CV <= 30% diagnostic reference
36047020300,140848,0,Census Tract 203; Kings County; New York,36,047,020300,Brooklyn,963,69,599,112,894,1032,487,711,0.6220145379023884,0.06530395067829849,0.10742499886580102,0.5145895390365873,0.7294395367681894,0.21484999773160207,0.10498782053956836,proportion approximation,CV <= 30% diagnostic reference
36047020400,134801,0,Census Tract 204; Kings County; New York,36,047,020400,Brooklyn,704,110,235,104,594,814,131,339,0.3338068181818182,0.0840203427097731,0.13821346375757676,0.19559335442424142,0.47202028193939494,0.2764269275151535,0.2517034947560862,proportion approximation,CV <= 30% diagnostic reference
36047020600,170942,0,Census Tract 206; Kings County; New York,36,047,020600,Brooklyn,799,132,150,58,667,931,92,208,0.18773466833541927,0.03989753119676709,0.06563143881868186,0.12210322951673741,0.25336610715410113,0.13126287763736372,0.2125208495081127,proportion approximation,CV <= 30% diagnostic reference
36047020700,137892,0,Census Tract 207; Kings County; New York,36,047,020700,Brooklyn,2343,260,1385,297,2083,2603,1088,1682,0.5911224925309433,0.0659382031571223,0.1084683441934662,0.4826541483374771,0.6995908367244095,0.21693668838693236,0.11154744404125454,proportion approximation,CV <= 30% diagnostic reference
36005026300,158774,0,Census Tract 263; Bronx County; New York,36,005,026300,Bronx,2248,330,1729,368,1918,2578,1361,2097,0.7691281138790036,0.0720571602254223,0.1185340285708197,0.6505940853081839,0.8876621424498233,0.23706805714163948,0.09368681098134721,proportion approximation,CV <= 30% diagnostic reference
36005029700,232730,0,Census Tract 297; Bronx County; New York,36,005,029700,Bronx,1887,235,772,188,1652,2122,584,960,0.40911499735029144,0.05204612108404554,0.08561586918325492,0.3234991281670365,0.49473086653354637,0.17123173836650984,0.12721636073263465,proportion approximation,CV <= 30% diagnostic reference
36005020601,151551,0,Census Tract 206.01; Bronx County; New York,36,005,020601,Bronx,937,164,384,107,773,1101,277,491,0.40981856990394877,0.05401532371302367,0.08885520750792394,0.32096336239602485,0.4986737774118727,0.17771041501584783,0.13180301645599787,proportion approximation,CV <= 30% diagnostic reference
36005042000,150497,0,Census Tract 420; Bronx County; New York,36,005,042000,Bronx,1711,384,1115,383,1327,2095,732,1498,0.6516656925774401,0.10301544992976218,0.16946041513445878,0.48220527744298136,0.8211261077118989,0.3389208302689175,0.1580802106097068,proportion approximation,CV <= 30% diagnostic reference
36005015800,162176,0,Census Tract 158; Bronx County; New York,36,005,015800,Bronx,534,59,230,58,475,593,172,288,0.4307116104868914,0.059352090817566094,0.09763418939489622,0.3330774210919952,0.5283457998817876,0.19526837878979247,0.13780007172426215,proportion approximation,CV <= 30% diagnostic reference
36005007400,187162,0,Census Tract 74; Bronx County; New York,36,005,007400,Bronx,1429,117,474,178,1312,1546,296,652,0.33170048985304407,0.0739002867255494,0.12156597166352875,0.2101345181895153,0.4532664615165728,0.24313194332705748,0.22279221462196222,proportion approximation,CV <= 30% diagnostic reference
36005028800,336192,0,Census Tract 288; Bronx County; New York,36,005,028800,Bronx,1046,145,170,65,901,1191,105,235,0.16252390057361377,0.03520581928242832,0.057913572719594596,0.10461032785401916,0.22043747329320837,0.1158271454391892,0.21661933511423545,proportion approximation,CV <= 30% diagnostic reference
36005022902,91601,0,Census Tract 229.02; Bronx County; New York,36,005,022902,Bronx,1186,179,783,241,1007,1365,542,1024,0.6602023608768971,0.10765753283643748,0.17709664151593965,0.4831057193609575,0.8372990023928367,0.35419328303187925,0.16306747630142382,proportion approximation,CV <= 30% diagnostic reference
36005013300,161170,0,Census Tract 133; Bronx County; New York,36,005,013300,Bronx,2269,322,1771,415,1947,2591,1356,2186,0.7805200528867342,0.08847720026849648,0.1455449944416767,0.6349750584450575,0.9260650473284109,0.29108998888335336,0.11335672919775185,proportion approximation,CV <= 30% diagnostic reference
36005017100,174588,0,Census Tract 171; Bronx County; New York,36,005,017100,Bronx,0,14,0,14,0,14,0,14,,,,,,,,not calculated,CV unavailable
36005045101,176003,0,Census Tract 451.01; Bronx County; New York,36,005,045101,Bronx,1030,282,583,308,748,1312,275,891,0.5660194174757281,0.15546535292566638,0.2557405055627212,0.31027891191300694,0.8217599230384494,0.5114810111254424,0.274664345649119,proportion approximation,CV <= 30% diagnostic reference
36005008300,213932,0,Census Tract 83; Bronx County; New York,36,005,008300,Bronx,2213,270,1560,279,1943,2483,1281,1839,0.7049254405784003,0.05603771989928112,0.09218204923431744,0.612743391344083,0.7971074898127177,0.18436409846863477,0.07949453470327508,proportion approximation,CV <= 30% diagnostic reference
36005040400,215289,0,Census Tract 404; Bronx County; New York,36,005,040400,Bronx,1123,187,393,148,936,1310,245,541,0.3499554764024933,0.07185787825878456,0.11820620973570062,0.23174926666679269,0.4681616861381939,0.23641241947140124,0.20533434423566174,proportion approximation,CV <= 30% diagnostic reference
36005046000,287814,0,Census Tract 460; Bronx County; New York,36,005,046000,Bronx,939,160,509,214,779,1099,295,723,0.5420660276890309,0.1266541279961143,0.20834604055360803,0.33371998713542284,0.750412068242639,0.4166920811072161,0.2336507390733818,proportion approximation,CV <= 30% diagnostic reference
36005025200,190718,0,Census Tract 252; Bronx County; New York,36,005,025200,Bronx,921,118,189,99,803,1039,90,288,0.20521172638436483,0.06335976033021666,0.10422680574320642,0.10098492064115841,0.3094385321275712,0.2084536114864128,0.3087531177996272,proportion approximation,CV > 30% diagnostic reference
36005023501,68200,0,Census Tract 235.01; Bronx County; New York,36,005,023501,Bronx,1211,185,1013,212,1026,1396,801,1225,0.8364987613542527,0.07273701802180478,0.11965239464586887,0.7168463667083839,0.9561511560001216,0.2393047892917377,0.08695412519684657,proportion approximation,CV <= 30% diagnostic reference
36005036501,95827,0,Census Tract 365.01; Bronx County; New York,36,005,036501,Bronx,1445,152,824,155,1293,1597,669,979,0.5702422145328719,0.0540589732887759,0.08892701106003637,0.4813152034728356,0.6591692255929082,0.17785402212007267,0.09480001990568104,proportion approximation,CV <= 30% diagnostic reference
36005021601,164047,0,Census Tract 216.01; Bronx County; New York,36,005,021601,Bronx,1582,220,1067,264,1362,1802,803,1331,0.6744627054361567,0.08390550814784477,0.13802456090320464,0.536438144532952,0.8124872663393614,0.2760491218064094,0.12440348068405852,proportion approximation,CV <= 30% diagnostic reference
36005040304,67355,0,Census Tract 403.04; Bronx County; New York,36,005,040304,Bronx,1267,144,991,159,1123,1411,832,1150,0.7821625887924231,0.05384673946002159,0.08857788641173552,0.6935847023806876,0.8707404752041585,0.17715577282347095,0.06884340958208612,proportion approximation,CV <= 30% diagnostic reference
36005022800,172197,0,Census Tract 228; Bronx County; New York,36,005,022800,Bronx,2381,265,1217,290,2116,2646,927,1507,0.5111297774044519,0.06546874500160414,0.1076960855276388,0.40343369187681305,0.6188258629320906,0.21539217105527758,0.12808634498670457,proportion approximation,CV <= 30% diagnostic reference
36005003800,63397,0,Census Tract 38; Bronx County; New York,36,005,003800,Bronx,392,27,153,55,365,419,98,208,0.3903061224489796,0.08371218990500721,0.13770655239373686,0.25259957005524275,0.5280126748427165,0.2754131047874738,0.21447829047557404,proportion approximation,CV <= 30% diagnostic reference
36005020400,134279,0,Census Tract 204; Bronx County; New York,36,005,020400,Bronx,988,133,542,153,855,1121,389,695,0.548582995951417,0.08274538494946343,0.13611615824186735,0.41246683770954967,0.6846991541932843,0.27223231648373464,0.15083476075658647,proportion approximation,CV <= 30% diagnostic reference
36005003300,152385,0,Census Tract 33; Bronx County; New York,36,005,003300,Bronx,1243,175,734,213,1068,1418,521,947,0.5905068382944489,0.09108897835853182,0.14984136939978485,0.44066546889466407,0.7403482076942338,0.29968273879956975,0.15425558596683248,proportion approximation,CV <= 30% diagnostic reference
36005037100,198179,0,Census Tract 371; Bronx County; New York,36,005,037100,Bronx,1769,217,1199,228,1552,1986,971,1427,0.677784058790277,0.059868443032714894,0.098483588788816,0.579300470001461,0.7762676475790931,0.19696717757763205,0.08832967116336334,proportion approximation,CV <= 30% diagnostic reference
36005013100,230967,0,Census Tract 131; Bronx County; New York,36,005,013100,Bronx,2225,228,1655,272,1997,2453,1383,1927,0.7438202247191011,0.05810095000172758,0.09557606275284188,0.6482441619662592,0.8393962874719431,0.19115212550568383,0.07811154909597817,proportion approximation,CV <= 30% diagnostic reference
36047020800,143311,0,Census Tract 208; Kings County; New York,36,047,020800,Brooklyn,1079,382,642,389,697,1461,253,1031,0.5949953660797034,0.17785881943883128,0.29257775797687746,0.3024176081028259,0.8875731240565808,0.5851555159537549,0.2989247136674439,proportion approximation,CV <= 30% diagnostic reference
36047021000,150022,0,Census Tract 210; Kings County; New York,36,047,021000,Brooklyn,1121,216,387,115,905,1337,272,502,0.3452274754683318,0.04747542017260221,0.07809706618393063,0.2671304092844012,0.42332454165226246,0.15619413236786128,0.13751924034492785,proportion approximation,CV <= 30% diagnostic reference
36047021400,167965,0,Census Tract 214; Kings County; New York,36,047,021400,Brooklyn,528,98,255,99,430,626,156,354,0.48295454545454547,0.10011227439472623,0.16468469137932465,0.3182698540752208,0.6476392368338701,0.32936938275864935,0.20729129757025666,proportion approximation,CV <= 30% diagnostic reference
36047021800,157820,0,Census Tract 218; Kings County; New York,36,047,021800,Brooklyn,813,148,336,133,665,961,203,469,0.4132841328413284,0.08830698776350568,0.14526499487096683,0.2680191379703616,0.5585491277122953,0.29052998974193367,0.2136713721777682,proportion approximation,CV <= 30% diagnostic reference
36047021900,147042,0,Census Tract 219; Kings County; New York,36,047,021900,Brooklyn,1943,185,1367,176,1758,2128,1191,1543,0.7035512094698919,0.037065512963694695,0.06097276882527777,0.6425784406446141,0.7645239782951697,0.1219455376505556,0.0526834613668316,proportion approximation,CV <= 30% diagnostic reference
36081019400,305897,0,Census Tract 194; Queens County; New York,36,081,019400,Queens,887,94,160,65,793,981,95,225,0.18038331454340473,0.043005140897648286,0.07074345677663144,0.10963985776677329,0.25112677132003614,0.14148691355326284,0.2384097498513377,proportion approximation,CV <= 30% diagnostic reference
36081020500,587633,0,Census Tract 205; Queens County; New York,36,081,020500,Queens,430,87,80,44,343,517,36,124,0.18604651162790697,0.05784221459711048,0.09515044301224675,0.09089606861566023,0.2811969546401537,0.19030088602449347,0.31090190345946883,proportion approximation,CV > 30% diagnostic reference
36081095400,808825,559625,Census Tract 954; Queens County; New York,36,081,095400,Queens,2063,201,641,258,1862,2264,383,899,0.3107125545322346,0.0737636710878293,0.12134123893947919,0.18937131559275544,0.4320537934717138,0.24268247787895836,0.23740164345427744,proportion approximation,CV <= 30% diagnostic reference
36081127700,1069117,0,Census Tract 1277; Queens County; New York,36,081,127700,Queens,1060,126,31,31,934,1186,0,62,0.029245283018867925,0.017652240819470658,0.02903793614802923,0.00020734687083869344,0.05828321916689716,0.05807587229605847,0.6035927506012547,proportion approximation,CV > 30% diagnostic reference
36081042400,516440,0,Census Tract 424; Queens County; New York,36,081,042400,Queens,864,124,85,52,740,988,33,137,0.09837962962962964,0.035565697082796624,0.058505571701200444,0.03987405792842919,0.1568852013308301,0.1170111434024009,0.36151485034748565,proportion approximation,CV > 30% diagnostic reference
36081062200,437270,0,Census Tract 622; Queens County; New York,36,081,062200,Queens,677,80,82,46,597,757,36,128,0.12112259970457903,0.04037825645575036,0.06642223186970934,0.05470036783486969,0.18754483157428836,0.13284446373941866,0.3333668246407682,proportion approximation,CV > 30% diagnostic reference
36081079702,285450,0,Census Tract 797.02; Queens County; New York,36,081,079702,Queens,1683,325,865,167,1358,2008,698,1032,0.5139631610219846,0.08531608082660996,0.1403449529597734,0.3736182080622112,0.6543081139817579,0.28068990591954673,0.16599649020946192,alternative ratio approximation,CV <= 30% diagnostic reference
36081990100,0,130800077,Census Tract 9901; Queens County; New York,36,081,990100,Queens,0,14,0,14,0,14,0,14,,,,,,,,not calculated,CV unavailable
36081030600,1353391,0,Census Tract 306; Queens County; New York,36,081,030600,Queens,1451,180,217,110,1271,1631,107,327,0.14955203308063406,0.04468368958014779,0.07350466935934312,0.07604736372129094,0.22305670243997716,0.1470093387186862,0.29878356488845365,proportion approximation,CV <= 30% diagnostic reference
36081015802,278405,0,Census Tract 158.02; Queens County; New York,36,081,015802,Queens,1227,161,255,120,1066,1388,135,375,0.2078239608801956,0.05709472058276532,0.09392081535864895,0.11390314552154666,0.30174477623884455,0.18784163071729787,0.27472636139236484,proportion approximation,CV <= 30% diagnostic reference
36081018102,96555,0,Census Tract 181.02; Queens County; New York,36,081,018102,Queens,1799,125,1265,161,1674,1924,1104,1426,0.7031684269038355,0.04558084282270193,0.07498048644334468,0.6281879404604909,0.7781489133471802,0.1499609728866893,0.06482208398264092,proportion approximation,CV <= 30% diagnostic reference
36081012500,163049,0,Census Tract 125; Queens County; New York,36,081,012500,Queens,637,93,321,74,544,730,247,395,0.5039246467817896,0.054652483932807604,0.08990333606946851,0.41402131071232107,0.5938279828512582,0.17980667213893708,0.10845368306915404,proportion approximation,CV <= 30% diagnostic reference
36081065703,268451,0,Census Tract 657.03; Queens County; New York,36,081,065703,Queens,1060,226,121,61,834,1286,60,182,0.11415094339622642,0.0317005170465364,0.052147350541552374,0.06200359285467404,0.16629829393777878,0.10429470108310473,0.2777070088374263,proportion approximation,CV <= 30% diagnostic reference
36081008500,273044,0,Census Tract 85; Queens County; New York,36,081,008500,Queens,409,101,212,86,308,510,126,298,0.5183374083129584,0.10141046079008416,0.16682020799968844,0.35151720031326994,0.6851576163126468,0.3336404159993769,0.19564565312803975,proportion approximation,CV <= 30% diagnostic reference
36081026901,114213,0,Census Tract 269.01; Queens County; New York,36,081,026901,Queens,1522,104,1101,171,1418,1626,930,1272,0.7233902759526938,0.061333971183658936,0.10089438259711896,0.6224958933555749,0.8242846585498127,0.20178876519423783,0.08478683391601172,proportion approximation,CV <= 30% diagnostic reference
36081074900,359060,0,Census Tract 749; Queens County; New York,36,081,074900,Queens,571,77,5,9,494,648,0,14,0.008756567425569177,0.009554727485589854,0.01571752671379531,0.0,0.024474094139364487,0.024474094139364487,1.0911498788543612,proportion approximation,CV > 30% diagnostic reference
36081099802,434635,689393,Census Tract 998.02; Queens County; New York,36,081,099802,Queens,2822,204,1644,328,2618,3026,1316,1972,0.5825655563430191,0.0658552743710295,0.10833192634034353,0.4742336300026756,0.6908974826833626,0.216663852680687,0.1130435427463779,proportion approximation,CV <= 30% diagnostic reference
36081035700,618526,0,Census Tract 357; Queens County; New York,36,081,035700,Queens,1209,225,263,125,984,1434,138,388,0.21753515301902399,0.05783317016711024,0.09513556492489635,0.12239958809412764,0.3126707179439203,0.19027112984979266,0.2658566643803661,proportion approximation,CV <= 30% diagnostic reference
36081006502,153366,0,Census Tract 65.02; Queens County; New York,36,081,006502,Queens,1829,207,1099,198,1622,2036,901,1297,0.6008747949699289,0.051203527386797475,0.08422980255128185,0.516644992418647,0.6851045975212108,0.16845960510256375,0.08521496960004785,proportion approximation,CV <= 30% diagnostic reference
36081029400,1064504,0,Census Tract 294; Queens County; New York,36,081,029400,Queens,2630,342,984,446,2288,2972,538,1430,0.3741444866920152,0.09875539313050592,0.16245262169968225,0.21169186499233297,0.5365971083916975,0.32490524339936455,0.26394988204596603,proportion approximation,CV <= 30% diagnostic reference
36081061301,712703,0,Census Tract 613.01; Queens County; New York,36,081,061301,Queens,1810,203,866,217,1607,2013,649,1083,0.47845303867403316,0.06517334336466375,0.10721014983487187,0.3712428888391613,0.585663188508905,0.21442029966974369,0.13621680310628337,proportion approximation,CV <= 30% diagnostic reference
36081072300,470056,0,Census Tract 723; Queens County; New York,36,081,072300,Queens,878,154,187,62,724,1032,125,249,0.21298405466970388,0.036428183918684076,0.05992436254623531,0.15305969212346857,0.27290841721593917,0.1198487250924706,0.17103714160751132,proportion approximation,CV <= 30% diagnostic reference
36081086900,595378,18201,Census Tract 869; Queens County; New York,36,081,086900,Queens,908,262,376,165,646,1170,211,541,0.41409691629955947,0.08322835038026219,0.1369106363755313,0.27718627992402817,0.5510075526750908,0.27382127275106266,0.2009876120885055,proportion approximation,CV <= 30% diagnostic reference
36081015801,295609,0,Census Tract 158.01; Queens County; New York,36,081,015801,Queens,1063,282,322,114,781,1345,208,436,0.3029162746942615,0.04317185876673047,0.07101770767127162,0.2318985670229899,0.37393398236553316,0.14203541534254327,0.1425207635684301,proportion approximation,CV <= 30% diagnostic reference
36047101800,283765,0,Census Tract 1018; Kings County; New York,36,047,101800,Brooklyn,709,130,120,62,579,839,58,182,0.1692524682651622,0.04969920928286745,0.08175519927031696,0.08749726899484522,0.25100766753547915,0.16351039854063393,0.2936394948462752,proportion approximation,CV <= 30% diagnostic reference
36047102000,157042,0,Census Tract 1020; Kings County; New York,36,047,102000,Brooklyn,597,106,60,52,491,703,8,112,0.10050251256281408,0.05182654151380501,0.08525466079020924,0.015247851772604834,0.18575717335302333,0.17050932158041848,0.5156740880623598,proportion approximation,CV > 30% diagnostic reference
36047102600,135920,0,Census Tract 1026; Kings County; New York,36,047,102600,Brooklyn,888,115,267,90,773,1003,177,357,0.30067567567567566,0.056883138808742684,0.09357276334038171,0.20710291233529393,0.3942484390160574,0.18714552668076345,0.18918437176840264,proportion approximation,CV <= 30% diagnostic reference
36081018501,98520,0,Census Tract 185.01; Queens County; New York,36,081,018501,Queens,1759,134,1031,151,1625,1893,880,1182,0.5861284820920978,0.04457015216026222,0.07331790030363136,0.5128105817884664,0.6594463823957292,0.14663580060726278,0.07604160780785767,proportion approximation,CV <= 30% diagnostic reference
36047107800,506528,0,Census Tract 1078; Kings County; New York,36,047,107800,Brooklyn,1621,178,772,211,1443,1799,561,983,0.47624922887106724,0.0724614640923126,0.11919910843185423,0.357050120439213,0.5954483373029215,0.23839821686370843,0.15215030219383255,proportion approximation,CV <= 30% diagnostic reference
36047109800,854382,0,Census Tract 1098; Kings County; New York,36,047,109800,Brooklyn,675,119,307,138,556,794,169,445,0.45481481481481484,0.11432507713580824,0.18806475188840455,0.2667500629264103,0.6428795667032194,0.37612950377680915,0.2513662119435523,proportion approximation,CV <= 30% diagnostic reference
36047112200,162285,0,Census Tract 1122; Kings County; New York,36,047,112200,Brooklyn,1520,427,871,311,1093,1947,560,1182,0.5730263157894737,0.07677480137710986,0.12629454826534572,0.446731767524128,0.6993208640548194,0.2525890965306914,0.133981283689101,proportion approximation,CV <= 30% diagnostic reference
36047112400,177849,0,Census Tract 1124; Kings County; New York,36,047,112400,Brooklyn,1253,196,761,209,1057,1449,552,970,0.6073423782920989,0.08334368863735368,0.1371003678084468,0.4702420104836521,0.7444427461005457,0.2742007356168936,0.13722686184310667,proportion approximation,CV <= 30% diagnostic reference
36047112600,168500,0,Census Tract 1126; Kings County; New York,36,047,112600,Brooklyn,1709,307,1077,300,1402,2016,777,1377,0.6301930953774136,0.08155667779341794,0.1341607349701725,0.49603236040724114,0.7643538303475861,0.26832146994034495,0.1294153782255815,proportion approximation,CV <= 30% diagnostic reference
36047112800,184193,0,Census Tract 1128; Kings County; New York,36,047,112800,Brooklyn,1540,160,943,221,1380,1700,722,1164,0.6123376623376623,0.07819688315965195,0.12863387279762747,0.4837037895400348,0.7409715351352898,0.257267745595255,0.12770222700515801,proportion approximation,CV <= 30% diagnostic reference
36047113000,193832,0,Census Tract 1130; Kings County; New York,36,047,113000,Brooklyn,1723,155,967,229,1568,1878,738,1196,0.5612304120719674,0.07473849571445662,0.12294482545028115,0.43828558662168626,0.6841752375222486,0.24588965090056236,0.13316900529059852,proportion approximation,CV <= 30% diagnostic reference
36047113200,196193,0,Census Tract 1132; Kings County; New York,36,047,113200,Brooklyn,1058,80,717,115,978,1138,602,832,0.6776937618147448,0.05827267072741327,0.09585854334659483,0.58183521846815,0.7735523051613397,0.19171708669318965,0.08598673030628066,proportion approximation,CV <= 30% diagnostic reference
36047114201,300918,0,Census Tract 1142.01; Kings County; New York,36,047,114201,Brooklyn,688,199,241,85,489,887,156,326,0.3502906976744186,0.042977002770836915,0.07069716955802673,0.2795935281163919,0.42098786723244536,0.14139433911605348,0.1226895348810614,proportion approximation,CV <= 30% diagnostic reference
36047114600,160101,0,Census Tract 1146; Kings County; New York,36,047,114600,Brooklyn,839,108,378,104,731,947,274,482,0.4505363528009535,0.06659774602516469,0.10955329221139591,0.3409830605895576,0.5600896450123494,0.2191065844227918,0.14781880665373856,proportion approximation,CV <= 30% diagnostic reference
36047115200,166136,0,Census Tract 1152; Kings County; New York,36,047,115200,Brooklyn,964,199,436,181,765,1163,255,617,0.45228215767634855,0.09902750305352191,0.16290024252304355,0.289381915153305,0.6151824001993921,0.32580048504608705,0.21895071776053926,proportion approximation,CV <= 30% diagnostic reference
36047115600,159862,0,Census Tract 1156; Kings County; New York,36,047,115600,Brooklyn,1788,168,1292,236,1620,1956,1056,1528,0.7225950782997763,0.06880838261149379,0.11318978939590728,0.609405288903869,0.8357848676956836,0.22637957879181458,0.09522398460476075,proportion approximation,CV <= 30% diagnostic reference
36047116000,151414,0,Census Tract 1160; Kings County; New York,36,047,116000,Brooklyn,956,131,487,119,825,1087,368,606,0.5094142259414226,0.06265182727609082,0.10306225586916941,0.4063519700722532,0.612476481810592,0.2061245117383388,0.12298798126476966,proportion approximation,CV <= 30% diagnostic reference
36047116400,181563,0,Census Tract 1164; Kings County; New York,36,047,116400,Brooklyn,1271,251,680,239,1020,1522,441,919,0.5350118017309206,0.09456030086638448,0.15555169492520246,0.37946010680571807,0.690563496656123,0.311103389850405,0.176744327060551,proportion approximation,CV <= 30% diagnostic reference
36047117000,153809,0,Census Tract 1170; Kings County; New York,36,047,117000,Brooklyn,793,310,633,313,483,1103,320,946,0.798234552332913,0.1469290815970194,0.2416983392270969,0.556536213105816,1.0,0.443463786894184,0.1840675540386041,proportion approximation,CV <= 30% diagnostic reference
36047117201,129156,0,Census Tract 1172.01; Kings County; New York,36,047,117201,Brooklyn,718,88,344,96,630,806,248,440,0.479108635097493,0.07302129010864603,0.12012002222872271,0.3589886128687703,0.5992286573262158,0.24024004445744546,0.15241071598258096,proportion approximation,CV <= 30% diagnostic reference
36047117202,151822,0,Census Tract 1172.02; Kings County; New York,36,047,117202,Brooklyn,1470,338,1026,356,1132,1808,670,1382,0.6979591836734694,0.11025485687746828,0.1813692395634353,0.5165899441100341,0.8793284232369047,0.3627384791268706,0.15796748499988145,proportion approximation,CV <= 30% diagnostic reference
36047117400,212859,0,Census Tract 1174; Kings County; New York,36,047,117400,Brooklyn,1309,308,734,304,1001,1617,430,1038,0.5607333842627961,0.11618293438941009,0.1911209270705796,0.36961245719221647,0.7518543113333757,0.3822418541411592,0.2071981759069997,proportion approximation,CV <= 30% diagnostic reference
36047117800,140598,0,Census Tract 1178; Kings County; New York,36,047,117800,Brooklyn,609,149,304,102,460,758,202,406,0.49917898193760263,0.06967368353311415,0.11461320941197278,0.38456577252562985,0.6137921913495754,0.22922641882394557,0.1395765568146925,proportion approximation,CV <= 30% diagnostic reference
36047118000,751605,0,Census Tract 1180; Kings County; New York,36,047,118000,Brooklyn,0,14,0,14,0,14,0,14,,,,,,,,not calculated,CV unavailable
36047118201,126387,0,Census Tract 1182.01; Kings County; New York,36,047,118201,Brooklyn,984,157,540,158,827,1141,382,698,0.5487804878048781,0.08182057761390732,0.13459485017487754,0.41418563763000055,0.6833753379797556,0.26918970034975503,0.14909527476311998,proportion approximation,CV <= 30% diagnostic reference
36047118202,124326,0,Census Tract 1182.02; Kings County; New York,36,047,118202,Brooklyn,1050,180,536,172,870,1230,364,708,0.5104761904761905,0.08417976733486832,0.1384757172658584,0.37200047321033214,0.6489519077420489,0.2769514345317168,0.1649043949656935,proportion approximation,CV <= 30% diagnostic reference
36047118400,204944,0,Census Tract 1184; Kings County; New York,36,047,118400,Brooklyn,1621,211,805,250,1410,1832,555,1055,0.49660703269586676,0.08512169374930985,0.1400251862176147,0.3565818464782521,0.6366322189134814,0.28005037243522934,0.17140654107780282,proportion approximation,CV <= 30% diagnostic reference
36047118600,131529,0,Census Tract 1186; Kings County; New York,36,047,118600,Brooklyn,816,77,343,97,739,893,246,440,0.42034313725490197,0.06812144037249206,0.11205976941274944,0.30828336784215254,0.5324029066676514,0.2241195388254989,0.16206150246050588,proportion approximation,CV <= 30% diagnostic reference
36047118800,174376,0,Census Tract 1188; Kings County; New York,36,047,118800,Brooklyn,1123,140,533,158,983,1263,375,691,0.4746215494211932,0.0775974607736238,0.12764782297261115,0.34697372644858204,0.6022693723938044,0.25529564594522236,0.16349333667688468,proportion approximation,CV <= 30% diagnostic reference
36047119200,225444,0,Census Tract 1192; Kings County; New York,36,047,119200,Brooklyn,1166,141,532,180,1025,1307,352,712,0.4562607204116638,0.08764589546954148,0.14417749804739574,0.3120832223642681,0.6004382184590595,0.2883549960947914,0.19209607916820556,proportion approximation,CV <= 30% diagnostic reference
36047119400,182841,0,Census Tract 1194; Kings County; New York,36,047,119400,Brooklyn,1483,173,710,223,1310,1656,487,933,0.4787592717464599,0.08487199762111525,0.13961443608673457,0.3391448356597253,0.6183737078331945,0.27922887217346914,0.17727489080579423,proportion approximation,CV <= 30% diagnostic reference
36047119600,306450,0,Census Tract 1196; Kings County; New York,36,047,119600,Brooklyn,2068,294,1210,290,1774,2362,920,1500,0.5851063829787234,0.06863037903647781,0.112896973515006,0.4722094094637174,0.6980033564937294,0.22579394703001193,0.11729555689870753,proportion approximation,CV <= 30% diagnostic reference
36047120000,150529,0,Census Tract 1200; Kings County; New York,36,047,120000,Brooklyn,1039,361,707,390,678,1400,317,1097,0.6804619826756496,0.17723101255599935,0.29154501565461893,0.3889169670210307,0.9720069983302686,0.583090031309238,0.26045689115372467,proportion approximation,CV <= 30% diagnostic reference
36047120200,153052,0,Census Tract 1202; Kings County; New York,36,047,120200,Brooklyn,495,87,189,71,408,582,118,260,0.38181818181818183,0.07706231862149739,0.1267675141323632,0.25505066768581863,0.508585695950545,0.2535350282647264,0.20182988210392172,proportion approximation,CV <= 30% diagnostic reference
36047121000,158707,0,Census Tract 1210; Kings County; New York,36,047,121000,Brooklyn,1625,268,1554,275,1357,1893,1279,1829,0.9563076923076923,0.037297376016948235,0.061354183547879845,0.8949535087598125,1.0,0.1050464912401875,0.039001438885161444,proportion approximation,CV <= 30% diagnostic reference
36081067100,229104,0,Census Tract 671; Queens County; New York,36,081,067100,Queens,914,126,129,68,788,1040,61,197,0.14113785557986872,0.04365291363169697,0.07180904292414152,0.0693288126557272,0.21294689850401022,0.143618085848283,0.30929273689434905,proportion approximation,CV > 30% diagnostic reference
36081053100,423497,0,Census Tract 531; Queens County; New York,36,081,053100,Queens,1385,197,220,115,1188,1582,105,335,0.1588447653429603,0.04857106554292312,0.07989940281810853,0.07894536252485176,0.23874416816106883,0.15979880563621707,0.30577693534976597,proportion approximation,CV > 30% diagnostic reference
36081006201,402908,0,Census Tract 62.01; Queens County; New York,36,081,006201,Queens,2936,419,566,205,2517,3355,361,771,0.1927792915531335,0.039011723467590555,0.06417428510418646,0.12860500644894704,0.25695357665732,0.12834857020837295,0.20236469982481603,proportion approximation,CV <= 30% diagnostic reference
36081006501,111098,0,Census Tract 65.01; Queens County; New York,36,081,006501,Queens,1648,234,1090,180,1414,1882,910,1270,0.6614077669902912,0.033901070910315335,0.05576726164746872,0.6056405053428225,0.71717502863776,0.1115345232949374,0.05125593106440337,proportion approximation,CV <= 30% diagnostic reference
36081018101,96143,0,Census Tract 181.01; Queens County; New York,36,081,018101,Queens,1806,225,1254,230,1581,2031,1024,1484,0.6943521594684385,0.056817361915162554,0.0934645603504424,0.6008875991179962,0.7878167198188809,0.18692912070088474,0.08182787529408578,proportion approximation,CV <= 30% diagnostic reference
36047122000,1090388,0,Census Tract 1220; Kings County; New York,36,047,122000,Brooklyn,2540,245,1110,347,2295,2785,763,1457,0.43700787401574803,0.07899604953807714,0.1299485014901369,0.3070593725256111,0.566956375505885,0.25989700298027385,0.18076573497902335,proportion approximation,CV <= 30% diagnostic reference
36047013000,176432,0,Census Tract 130; Kings County; New York,36,047,013000,Brooklyn,1799,133,1077,166,1666,1932,911,1243,0.5986659255141745,0.04921950165717712,0.08096608022605636,0.5176998452881182,0.6796320057402309,0.16193216045211267,0.0822153049965289,proportion approximation,CV <= 30% diagnostic reference
36047017000,209047,0,Census Tract 170; Kings County; New York,36,047,017000,Brooklyn,1152,177,269,102,975,1329,167,371,0.23350694444444445,0.04920799404010374,0.08094715019597065,0.1525597942484738,0.31445409464041507,0.16189430039194128,0.2107346064468383,proportion approximation,CV <= 30% diagnostic reference
36047020100,175379,0,Census Tract 201; Kings County; New York,36,047,020100,Brooklyn,1914,241,1202,229,1673,2155,973,1431,0.6280041797283177,0.05458292611418255,0.0897889134578303,0.5382152662704873,0.717793093186148,0.1795778269156607,0.08691490897050366,proportion approximation,CV <= 30% diagnostic reference
36047022200,176184,0,Census Tract 222; Kings County; New York,36,047,022200,Brooklyn,1099,191,493,176,908,1290,317,669,0.44858962693357596,0.08503792630908832,0.1398873887784503,0.30870223815512565,0.5884770157120263,0.2797747775569006,0.18956730428739973,proportion approximation,CV <= 30% diagnostic reference
36047121400,173354,0,Census Tract 1214; Kings County; New York,36,047,121400,Brooklyn,1574,114,1329,177,1460,1688,1152,1506,0.8443456162642948,0.05736810303252331,0.09437052948850085,0.7499750867757939,0.9387161457527957,0.18874105897700177,0.06794386318524581,proportion approximation,CV <= 30% diagnostic reference
36047023800,169884,0,Census Tract 238; Kings County; New York,36,047,023800,Brooklyn,1194,157,761,184,1037,1351,577,945,0.6373534338358459,0.07861603076598106,0.12932337061003885,0.508030063225807,0.7666768044458847,0.2586467412200777,0.12334762251587568,proportion approximation,CV <= 30% diagnostic reference
36047024700,179741,0,Census Tract 247; Kings County; New York,36,047,024700,Brooklyn,1382,278,882,274,1104,1660,608,1156,0.638205499276411,0.09184553715241978,0.15108590861573054,0.48711959066068045,0.7892914078921416,0.30217181723146114,0.1439121681912065,proportion approximation,CV <= 30% diagnostic reference
36047027300,149705,0,Census Tract 273; Kings County; New York,36,047,027300,Brooklyn,1420,174,780,146,1246,1594,634,926,0.5492957746478874,0.04724831248793042,0.07772347404264554,0.4715723006052418,0.6270192486905329,0.15544694808529114,0.08601615863187331,proportion approximation,CV <= 30% diagnostic reference
36047028000,139723,55041,Census Tract 280; Kings County; New York,36,047,028000,Brooklyn,595,107,229,88,488,702,141,317,0.38487394957983195,0.079455873042572,0.13070491115503094,0.254169038424801,0.5155788607348629,0.26140982231006193,0.20644648235952112,proportion approximation,CV <= 30% diagnostic reference
36047032600,329186,0,Census Tract 326; Kings County; New York,36,047,032600,Brooklyn,3091,599,1812,396,2492,3690,1416,2208,0.5862180524102232,0.036003500647717686,0.0592257585654956,0.5269922938447276,0.6454438109757188,0.11845151713099122,0.0614165676060129,proportion approximation,CV <= 30% diagnostic reference
36047034700,139778,0,Census Tract 347; Kings County; New York,36,047,034700,Brooklyn,1860,248,1292,307,1612,2108,985,1599,0.6946236559139785,0.08305146410881224,0.13661965845899615,0.5580039974549823,0.8312433143729746,0.2732393169179923,0.11956325328358419,proportion approximation,CV <= 30% diagnostic reference
36047041000,142871,0,Census Tract 410; Kings County; New York,36,047,041000,Brooklyn,690,86,258,64,604,776,194,322,0.3739130434782609,0.0487511235752849,0.08019559828134366,0.2937174451969172,0.4541086417596045,0.1603911965626873,0.13038091188738984,proportion approximation,CV <= 30% diagnostic reference
36047048600,175436,0,Census Tract 486; Kings County; New York,36,047,048600,Brooklyn,756,138,387,86,618,894,301,473,0.5119047619047619,0.03943872009449754,0.06487669455544845,0.44702806734931344,0.5767814564602103,0.12975338911089684,0.0770430811148324,proportion approximation,CV <= 30% diagnostic reference
36047052500,124144,0,Census Tract 525; Kings County; New York,36,047,052500,Brooklyn,1418,156,974,190,1262,1574,784,1164,0.68688293370945,0.06726434621605952,0.11064984952541791,0.5762330841840321,0.7975327832348679,0.2212996990508358,0.09792694346444804,proportion approximation,CV <= 30% diagnostic reference
36047052800,175595,0,Census Tract 528; Kings County; New York,36,047,052800,Brooklyn,652,81,262,76,571,733,186,338,0.401840490797546,0.06403229449800431,0.1053331244492171,0.2965073663483289,0.5071736152467631,0.21066624889843416,0.15934754203320156,proportion approximation,CV <= 30% diagnostic reference
36047053800,164451,0,Census Tract 538; Kings County; New York,36,047,053800,Brooklyn,2420,297,1297,244,2123,2717,1053,1541,0.5359504132231405,0.046453973637989567,0.07641678663449283,0.4595336265886477,0.6123671998576333,0.1528335732689856,0.08667587987967212,proportion approximation,CV <= 30% diagnostic reference
36047054200,189169,0,Census Tract 542; Kings County; New York,36,047,054200,Brooklyn,1580,204,782,175,1376,1784,607,957,0.49493670886075947,0.05499434970941502,0.0904657052719877,0.40447100358877175,0.5854024141327472,0.18093141054397543,0.11111390350495617,proportion approximation,CV <= 30% diagnostic reference
36047059300,187979,0,Census Tract 593; Kings County; New York,36,047,059300,Brooklyn,1034,99,509,128,935,1133,381,637,0.4922630560928433,0.06958522239573484,0.11446769084098381,0.3777953652518595,0.6067307469338271,0.2289353816819676,0.14135779952296626,proportion approximation,CV <= 30% diagnostic reference
36047064600,165636,0,Census Tract 646; Kings County; New York,36,047,064600,Brooklyn,731,252,86,56,479,983,30,142,0.11764705882352941,0.03950822276643604,0.06499102645078729,0.05265603237274212,0.18263808527431669,0.12998205290157455,0.33581989351470637,proportion approximation,CV > 30% diagnostic reference
36047075200,173194,0,Census Tract 752; Kings County; New York,36,047,075200,Brooklyn,282,69,5,8,213,351,0,13,0.01773049645390071,0.017042621572736415,0.028035112487151403,0.0,0.04576560894105211,0.04576560894105211,0.9612038567023338,proportion approximation,CV > 30% diagnostic reference
36047081800,157920,0,Census Tract 818; Kings County; New York,36,047,081800,Brooklyn,1894,286,1411,350,1608,2180,1061,1761,0.7449841605068638,0.08912305364759579,0.14660742325029508,0.5983767372565687,0.8915915837571589,0.29321484650059015,0.11963080340789967,proportion approximation,CV <= 30% diagnostic reference
36047102200,162849,0,Census Tract 1022; Kings County; New York,36,047,102200,Brooklyn,708,98,247,106,610,806,141,353,0.3488700564971751,0.08614952843531028,0.1417159742760854,0.20715408222108972,0.4905860307732605,0.2834319485521708,0.24693872928016064,proportion approximation,CV <= 30% diagnostic reference
36047113400,153420,0,Census Tract 1134; Kings County; New York,36,047,113400,Brooklyn,1073,147,915,167,926,1220,748,1082,0.8527493010251631,0.06251365402320981,0.10283496086818014,0.749914340156983,0.9555842618933432,0.20566992173636023,0.0733083614938843,proportion approximation,CV <= 30% diagnostic reference
36047115800,154981,0,Census Tract 1158; Kings County; New York,36,047,115800,Brooklyn,938,175,445,153,763,1113,292,598,0.4744136460554371,0.0832889559779442,0.1370103325837182,0.3374033134717189,0.6114239786391553,0.2740206651674364,0.17556188922991384,proportion approximation,CV <= 30% diagnostic reference
36047116600,159390,0,Census Tract 1166; Kings County; New York,36,047,116600,Brooklyn,1150,172,823,201,978,1322,622,1024,0.7156521739130435,0.08399647723674514,0.13817420505444575,0.5774779688585977,0.8538263789674893,0.27634841010889155,0.11737053319836806,proportion approximation,CV <= 30% diagnostic reference
36085029106,430836,0,Census Tract 291.06; Richmond County; New York,36,085,029106,Staten Island,1002,90,142,88,912,1092,54,230,0.14171656686626746,0.05282492328431248,0.08689699880269403,0.05481956806357344,0.2286135656689615,0.17379399760538805,0.372750515006205,proportion approximation,CV > 30% diagnostic reference
36085004001,300661,0,Census Tract 40.01; Richmond County; New York,36,085,004001,Staten Island,1102,429,207,108,673,1531,99,315,0.18784029038112524,0.039665274066762776,0.06524937583982476,0.12259091454130047,0.25308966622094997,0.1304987516796495,0.21116488899310423,proportion approximation,CV <= 30% diagnostic reference
36085005902,450104,0,Census Tract 59.02; Richmond County; New York,36,085,005902,Staten Island,0,14,0,14,0,14,0,14,,,,,,,,not calculated,CV unavailable
36085007001,473458,0,Census Tract 70.01; Richmond County; New York,36,085,007001,Staten Island,1044,308,108,58,736,1352,50,166,0.10344827586206896,0.0282200260068488,0.04642194278126628,0.05702633308080268,0.14987021864333525,0.09284388556253256,0.27279358473287174,proportion approximation,CV <= 30% diagnostic reference
36081099703,576606,0,Census Tract 997.03; Queens County; New York,36,081,099703,Queens,1837,160,196,96,1677,1997,100,292,0.10669569951007077,0.031262132473358975,0.05142620791867551,0.055269491591395256,0.15812190742874627,0.10285241583735101,0.29300274159979817,proportion approximation,CV <= 30% diagnostic reference
36081099704,675916,0,Census Tract 997.04; Queens County; New York,36,081,099704,Queens,3701,426,778,292,3275,4127,486,1070,0.2102134558227506,0.04565088095122844,0.07509569916477078,0.13511775665797982,0.2853091549875214,0.1501913983295416,0.21716440925513683,proportion approximation,CV <= 30% diagnostic reference
36081099705,440081,4538936,Census Tract 997.05; Queens County; New York,36,081,099705,Queens,1208,228,110,77,980,1436,33,187,0.09105960264900662,0.0373136565143407,0.06138096496609046,0.029678637682916155,0.15244056761509708,0.12276192993218094,0.4097717915393052,proportion approximation,CV > 30% diagnostic reference
36081099801,456707,0,Census Tract 998.01; Queens County; New York,36,081,099801,Queens,2612,313,1203,240,2299,2925,963,1443,0.4605666156202144,0.04465755111446441,0.07346167158329395,0.3871049440369204,0.5340282872035084,0.14692334316658795,0.09696219743223694,proportion approximation,CV <= 30% diagnostic reference
36081075702,352706,0,Census Tract 757.02; Queens County; New York,36,081,075702,Queens,2328,313,752,285,2015,2641,467,1037,0.3230240549828179,0.06958054874572993,0.11446000268672572,0.20856405229609215,0.4374840576695436,0.22892000537345147,0.21540361367029157,proportion approximation,CV <= 30% diagnostic reference
36081079701,111313,0,Census Tract 797.01; Queens County; New York,36,081,079701,Queens,2999,508,1713,351,2491,3507,1362,2064,0.571190396798933,0.040033189393938906,0.0658545965530295,0.5053358002459035,0.6370449933519625,0.131709193106059,0.07008729421624213,proportion approximation,CV <= 30% diagnostic reference
36081044302,277970,0,Census Tract 443.02; Queens County; New York,36,081,044302,Queens,1473,131,766,164,1342,1604,602,930,0.5200271554650373,0.06156684739240246,0.10127746396050205,0.4187496915045352,0.6213046194255394,0.20255492792100416,0.11839160079505069,proportion approximation,CV <= 30% diagnostic reference
36081129103,458537,0,Census Tract 1291.03; Queens County; New York,36,081,129103,Queens,1966,190,482,140,1776,2156,342,622,0.2451678535096643,0.04082261902603136,0.06715320829782159,0.1780146452118427,0.31232106180748587,0.13430641659564316,0.16650885685721506,proportion approximation,CV <= 30% diagnostic reference
36081129104,708262,0,Census Tract 1291.04; Queens County; New York,36,081,129104,Queens,1763,112,200,105,1651,1875,95,305,0.11344299489506524,0.0359391677399417,0.05911993093220409,0.05432306396286114,0.17256292582726934,0.1182398618644082,0.31680376362758605,proportion approximation,CV > 30% diagnostic reference
36081071303,140646,0,Census Tract 713.03; Queens County; New York,36,081,071303,Queens,2730,293,1227,274,2437,3023,953,1501,0.44945054945054946,0.05350412808643208,0.08801429070218078,0.3614362587483687,0.5374648401527302,0.1760285814043615,0.11904341456883422,proportion approximation,CV <= 30% diagnostic reference
36081071304,155083,0,Census Tract 713.04; Queens County; New York,36,081,071304,Queens,3100,199,1460,258,2901,3299,1202,1718,0.47096774193548385,0.04713694861836319,0.07754028047720746,0.3934274614582764,0.5485080224126913,0.15508056095441486,0.10008530186090815,proportion approximation,CV <= 30% diagnostic reference
36081071305,135001,0,Census Tract 713.05; Queens County; New York,36,081,071305,Queens,2416,243,1145,255,2173,2659,890,1400,0.47392384105960267,0.057245880980178444,0.09416947421239354,0.37975436684720915,0.5680933152719962,0.1883389484247871,0.12079130868830665,proportion approximation,CV <= 30% diagnostic reference
36081071701,190067,0,Census Tract 717.01; Queens County; New York,36,081,071701,Queens,2405,294,1343,291,2111,2699,1052,1634,0.5584199584199584,0.06073095006133488,0.09990241285089588,0.45851754556906255,0.6583223712708542,0.1998048257017917,0.10875497758563693,proportion approximation,CV <= 30% diagnostic reference
36081071702,226980,0,Census Tract 717.02; Queens County; New York,36,081,071702,Queens,1937,169,1009,190,1768,2106,819,1199,0.5209086215797625,0.05284230089163735,0.08692558496674344,0.43398303661301907,0.6078342065465059,0.17385116993348682,0.10144255384251888,proportion approximation,CV <= 30% diagnostic reference
36081075701,197647,0,Census Tract 757.01; Queens County; New York,36,081,075701,Queens,2522,163,1333,208,2359,2685,1125,1541,0.5285487708168121,0.04563337684621083,0.07506690491201681,0.4534818659047952,0.6036156757288289,0.15013380982403368,0.08633711658375372,proportion approximation,CV <= 30% diagnostic reference
36081093401,542009,554670,Census Tract 934.01; Queens County; New York,36,081,093401,Queens,1476,117,217,100,1359,1593,117,317,0.1470189701897019,0.04057194010641628,0.06674084147505478,0.08027812871464711,0.21375981166475666,0.13348168295010954,0.27596397971000197,proportion approximation,CV <= 30% diagnostic reference
36081093402,394743,460266,Census Tract 934.02; Queens County; New York,36,081,093402,Queens,1687,162,386,165,1525,1849,221,551,0.22880853586247776,0.057937268309441466,0.09530680636903122,0.13350172949344655,0.32411534223150895,0.1906136127380624,0.2532128798912636,proportion approximation,CV <= 30% diagnostic reference
36081038301,560162,150182,Census Tract 383.01; Queens County; New York,36,081,038301,Queens,0,14,0,14,0,14,0,14,,,,,,,,not calculated,CV unavailable
36061021303,153292,0,Census Tract 213.03; New York County; New York,36,061,021303,Manhattan,2390,295,1640,291,2095,2685,1349,1931,0.6861924686192469,0.05317393192284013,0.08747111801307202,0.5987213506061748,0.7736635866323189,0.17494223602614412,0.07749127883877312,proportion approximation,CV <= 30% diagnostic reference
36061023100,182674,0,Census Tract 231; New York County; New York,36,061,023100,Manhattan,2724,271,2088,258,2453,2995,1830,2346,0.7665198237885462,0.03414763227554523,0.0561728550932719,0.7103469686952744,0.8226926788818181,0.11234571018654371,0.044548922566372225,proportion approximation,CV <= 30% diagnostic reference
36061023802,243418,313651,Census Tract 238.02; New York County; New York,36,061,023802,Manhattan,1990,270,1403,279,1720,2260,1124,1682,0.7050251256281407,0.062309651636854,0.10249937694262483,0.6025257486855159,0.8075245025707655,0.20499875388524957,0.08837933482347787,proportion approximation,CV <= 30% diagnostic reference
36061031704,225042,504190,Census Tract 317.04; New York County; New York,36,061,031704,Manhattan,4683,718,3615,757,3965,5401,2858,4372,0.7719410634208841,0.06693138114093351,0.11010212197683564,0.6618389414440484,0.8820431853977198,0.22020424395367133,0.08670529955269478,proportion approximation,CV <= 30% diagnostic reference
36005018102,96381,0,Census Tract 181.02; Bronx County; New York,36,005,018102,Bronx,2150,542,1812,560,1608,2692,1252,2372,0.8427906976744186,0.09159406297216621,0.15067223358921342,0.6921184640852052,0.993462931263632,0.3013444671784269,0.10867948972966741,proportion approximation,CV <= 30% diagnostic reference
36005020502,101747,0,Census Tract 205.02; Bronx County; New York,36,005,020502,Bronx,1040,135,850,157,905,1175,693,1007,0.8173076923076923,0.06528574954748433,0.10739505800561171,0.7099126343020806,0.924702750313304,0.21479011601122333,0.07987903474045141,proportion approximation,CV <= 30% diagnostic reference
36005022101,68119,0,Census Tract 221.01; Bronx County; New York,36,005,022101,Bronx,1339,161,993,152,1178,1500,841,1145,0.7415982076176251,0.04270542015398551,0.07025041615330617,0.6713477914643189,0.8118486237709313,0.14050083230661237,0.05758565718649205,proportion approximation,CV <= 30% diagnostic reference
36005024501,113064,0,Census Tract 245.01; Bronx County; New York,36,005,024501,Bronx,1630,112,1021,197,1518,1742,824,1218,0.6263803680981596,0.06865389502147486,0.11293565731032615,0.5134447107878334,0.7393160254084857,0.22587131462065235,0.10960416149363762,proportion approximation,CV <= 30% diagnostic reference
36005027401,701116,0,Census Tract 274.01; Bronx County; New York,36,005,027401,Bronx,1840,166,256,131,1674,2006,125,387,0.1391304347826087,0.04260209332589278,0.07008044352109362,0.06904999126151508,0.20921087830370233,0.14016088704218727,0.30620254577985434,proportion approximation,CV > 30% diagnostic reference
36005029302,425237,0,Census Tract 293.02; Bronx County; New York,36,005,029302,Bronx,2652,272,716,198,2380,2924,518,914,0.26998491704374056,0.04214932956201843,0.06933564712952033,0.20064926991422022,0.3393205641732609,0.13867129425904068,0.15611734915987832,proportion approximation,CV <= 30% diagnostic reference
36005038301,94778,0,Census Tract 383.01; Bronx County; New York,36,005,038301,Bronx,1601,203,1156,199,1398,1804,957,1355,0.722048719550281,0.05110695619982102,0.08407094294870558,0.6379777766015755,0.8061196624989866,0.16814188589741108,0.07078048172656874,proportion approximation,CV <= 30% diagnostic reference
36005040501,82860,0,Census Tract 405.01; Bronx County; New York,36,005,040501,Bronx,1325,144,1057,155,1181,1469,902,1212,0.7977358490566038,0.04774323588246983,0.07853762302666287,0.7191982260299409,0.8762734720832667,0.1570752460533258,0.059848427194202955,proportion approximation,CV <= 30% diagnostic reference
36005032600,332096,0,Census Tract 326; Bronx County; New York,36,005,032600,Bronx,1065,154,250,147,911,1219,103,397,0.2347417840375587,0.0813309075749982,0.13378934296087203,0.10095244107668666,0.3685311269984307,0.26757868592174405,0.3464696662694923,proportion approximation,CV > 30% diagnostic reference
36005005002,113901,0,Census Tract 50.02; Bronx County; New York,36,005,005002,Bronx,1880,229,1366,236,1651,2109,1130,1602,0.7265957446808511,0.05411710515654771,0.08902263798252098,0.6375731066983301,0.815618382663372,0.17804527596504194,0.07448034970300856,proportion approximation,CV <= 30% diagnostic reference
36005012901,156374,0,Census Tract 129.01; Bronx County; New York,36,005,012901,Bronx,1744,243,1277,236,1501,1987,1041,1513,0.7322247706422018,0.054041200865139534,0.08889777542315454,0.6433269952190472,0.8211225460653564,0.17779555084630916,0.0738041145722814,proportion approximation,CV <= 30% diagnostic reference
36005015200,284310,0,Census Tract 152; Bronx County; New York,36,005,015200,Bronx,986,135,110,53,851,1121,57,163,0.11156186612576065,0.031329225631488926,0.05153657616379928,0.06002528996196137,0.16309844228955994,0.10307315232759857,0.28082378611498254,proportion approximation,CV <= 30% diagnostic reference
36005014702,116306,0,Census Tract 147.02; Bronx County; New York,36,005,014702,Bronx,1924,472,1510,415,1452,2396,1095,1925,0.7848232848232848,0.059111747780644146,0.09723882509915963,0.6875844597241252,0.8820621099224444,0.1944776501983192,0.0753185448542777,proportion approximation,CV <= 30% diagnostic reference
36005017701,106630,0,Census Tract 177.01; Bronx County; New York,36,005,017701,Bronx,1462,199,960,277,1263,1661,683,1237,0.6566347469220246,0.1015564447280917,0.16706035157771085,0.4895743953443138,0.8236950984997354,0.33412070315542164,0.15466200228382299,proportion approximation,CV <= 30% diagnostic reference
36005017702,140906,0,Census Tract 177.02; Bronx County; New York,36,005,017702,Bronx,1675,192,993,226,1483,1867,767,1219,0.5928358208955223,0.07085910550032447,0.11656322854803376,0.4762725923474886,0.7093990494435561,0.23312645709606755,0.11952568148342749,proportion approximation,CV <= 30% diagnostic reference
36005017902,77544,0,Census Tract 179.02; Bronx County; New York,36,005,017902,Bronx,1216,219,1138,230,997,1435,908,1368,0.9358552631578947,0.052180140440042454,0.08583633102386984,0.8500189321340248,1.0,0.1499810678659752,0.05575663512749703,proportion approximation,CV <= 30% diagnostic reference
36005018101,77226,0,Census Tract 181.01; Bronx County; New York,36,005,018101,Bronx,1084,126,653,135,958,1210,518,788,0.6023985239852399,0.06260816720747042,0.10299043505628884,0.499408088928951,0.7053889590415287,0.20598087011257765,0.1039314751192924,proportion approximation,CV <= 30% diagnostic reference
36005018302,112286,0,Census Tract 183.02; Bronx County; New York,36,005,018302,Bronx,1452,349,1172,354,1103,1801,818,1526,0.8071625344352618,0.08975599568132148,0.14764861289577383,0.659513921539488,0.9548111473310356,0.2952972257915476,0.11119940761883855,proportion approximation,CV <= 30% diagnostic reference
36005020501,270135,0,Census Tract 205.01; Bronx County; New York,36,005,020501,Bronx,2681,164,2105,257,2517,2845,1848,2362,0.7851547929876912,0.05043146060122851,0.0829597526890209,0.7021950402986703,0.8681145456767121,0.1659195053780418,0.06423123319329864,proportion approximation,CV <= 30% diagnostic reference
36005021001,192406,0,Census Tract 210.01; Bronx County; New York,36,005,021001,Bronx,3563,291,2643,324,3272,3854,2319,2967,0.7417906258770699,0.04122401728348974,0.06781350843134062,0.6739771174457293,0.8096041343084105,0.1356270168626812,0.055573656292498656,proportion approximation,CV <= 30% diagnostic reference
36005021002,172053,0,Census Tract 210.02; Bronx County; New York,36,005,021002,Bronx,3158,494,1952,455,2664,3652,1497,2407,0.6181127295756809,0.06493364790536281,0.10681585080432182,0.511296878771359,0.7249285803800027,0.21363170160864375,0.10505146520754904,proportion approximation,CV <= 30% diagnostic reference
36005022403,124850,0,Census Tract 224.03; Bronx County; New York,36,005,022403,Bronx,1154,132,725,113,1022,1286,612,838,0.6282495667244368,0.040434486745505746,0.06651473069635695,0.5617348360280798,0.6947642974207937,0.13302946139271388,0.06436054855767397,proportion approximation,CV <= 30% diagnostic reference
36005024502,100154,0,Census Tract 245.02; Bronx County; New York,36,005,024502,Bronx,1256,203,677,182,1053,1459,495,859,0.5390127388535032,0.07039041850988391,0.11579223844875902,0.4232205004047442,0.6548049773022622,0.231584476897518,0.13059138205083337,proportion approximation,CV <= 30% diagnostic reference
36005026701,69125,0,Census Tract 267.01; Bronx County; New York,36,005,026701,Bronx,1290,205,973,226,1085,1495,747,1199,0.7542635658914729,0.0776727171997044,0.12777161979351373,0.6264919460979592,0.8820351856849866,0.2555432395870274,0.1029782170479123,proportion approximation,CV <= 30% diagnostic reference
36005027402,511269,700054,Census Tract 274.02; Bronx County; New York,36,005,027402,Bronx,1316,194,93,73,1122,1510,20,166,0.07066869300911854,0.03312103072443158,0.054484095541689946,0.016184597467428598,0.1251527885508085,0.1089681910833799,0.46868039175647264,proportion approximation,CV > 30% diagnostic reference
36005029301,286791,733013,Census Tract 293.01; Bronx County; New York,36,005,029301,Bronx,939,81,192,87,858,1020,105,279,0.20447284345047922,0.05529322638005929,0.09095735739519753,0.1135154860552817,0.2954302008456767,0.18191471479039503,0.2704184352649775,proportion approximation,CV <= 30% diagnostic reference
36005030900,1365853,2154981,Census Tract 309; Bronx County; New York,36,005,030900,Bronx,1442,163,365,111,1279,1605,254,476,0.25312066574202496,0.043441515578589336,0.07146129312677946,0.1816593726152455,0.3245819588688044,0.14292258625355891,0.17162374099815295,proportion approximation,CV <= 30% diagnostic reference
36005033202,115204,0,Census Tract 332.02; Bronx County; New York,36,005,033202,Bronx,1478,226,988,186,1252,1704,802,1174,0.6684709066305818,0.04462665627520392,0.07341084957271045,0.5950600570578713,0.7418817562032923,0.14682169914542098,0.06675930969104393,proportion approximation,CV <= 30% diagnostic reference
36005040502,141217,0,Census Tract 405.02; Bronx County; New York,36,005,040502,Bronx,2461,329,1504,342,2132,2790,1162,1846,0.6111336854937017,0.06833766296557636,0.11241545557837311,0.4987182299153286,0.7235491410720748,0.2248309111567462,0.11182113600949696,proportion approximation,CV <= 30% diagnostic reference
36005020000,341895,0,Census Tract 200; Bronx County; New York,36,005,020000,Bronx,1430,117,691,117,1313,1547,574,808,0.48321678321678324,0.043545214880578186,0.07163187847855111,0.4115849047382321,0.5548486616953343,0.1432637569571022,0.09011527826226744,proportion approximation,CV <= 30% diagnostic reference
36005033500,696564,0,Census Tract 335; Bronx County; New York,36,005,033500,Bronx,801,136,220,69,665,937,151,289,0.2746566791510612,0.04402924530433904,0.07242810852563772,0.20222857062542346,0.3470847876766989,0.14485621705127547,0.1603064794944344,proportion approximation,CV <= 30% diagnostic reference
36005033700,424266,0,Census Tract 337; Bronx County; New York,36,005,033700,Bronx,1049,149,136,94,900,1198,42,230,0.12964728312678742,0.053310969421466216,0.08769654469831192,0.04195073842847549,0.21734382782509934,0.17539308939662385,0.41120005090527983,proportion approximation,CV > 30% diagnostic reference
36005034800,437468,0,Census Tract 348; Bronx County; New York,36,005,034800,Bronx,2106,309,983,303,1797,2415,680,1286,0.46676163342830007,0.07691764791632849,0.12652953082236038,0.3402321026059397,0.5932911642506604,0.2530590616447207,0.16478999645146267,proportion approximation,CV <= 30% diagnostic reference
36005036000,266176,0,Census Tract 360; Bronx County; New York,36,005,036000,Bronx,962,128,220,63,834,1090,157,283,0.2286902286902287,0.0352523327300629,0.057990087340953476,0.17070014134927522,0.28668031603118216,0.11598017468190694,0.15414883675600233,proportion approximation,CV <= 30% diagnostic reference
36005039500,409402,0,Census Tract 395; Bronx County; New York,36,005,039500,Bronx,1821,375,1481,374,1446,2196,1107,1855,0.8132894014277869,0.07226535753766158,0.11887651314945331,0.6944128882783336,0.9321659145772403,0.2377530262989067,0.08885564893725979,proportion approximation,CV <= 30% diagnostic reference
36005043400,350843,0,Census Tract 434; Bronx County; New York,36,005,043400,Bronx,1597,229,436,202,1368,1826,234,638,0.27301189730745146,0.0731163681159661,0.12027642555076423,0.15273547175668722,0.3932883228582157,0.24055285110152846,0.2678138529385272,proportion approximation,CV <= 30% diagnostic reference
36005044400,365065,0,Census Tract 444; Bronx County; New York,36,005,044400,Bronx,1424,247,474,280,1177,1671,194,754,0.33286516853932585,0.11426221951469527,0.18796135110167372,0.14490381743765213,0.5208265196409996,0.37592270220334745,0.34326877761376806,proportion approximation,CV > 30% diagnostic reference
36005004200,483356,0,Census Tract 42; Bronx County; New York,36,005,004200,Bronx,2839,320,1448,297,2519,3159,1151,1745,0.5100387460373371,0.053131955012489164,0.08740206599554468,0.42263668004179245,0.5974408120328818,0.17480413199108935,0.10417238969644801,proportion approximation,CV <= 30% diagnostic reference
36005005100,510445,0,Census Tract 51; Bronx County; New York,36,005,005100,Bronx,2930,258,2588,337,2672,3188,2251,2925,0.8832764505119454,0.05150960346190961,0.08473329769484131,0.7985431528171041,0.9680097482067866,0.16946659538968256,0.0583165139657632,proportion approximation,CV <= 30% diagnostic reference
36005009600,703452,15746,Census Tract 96; Bronx County; New York,36,005,009600,Bronx,818,149,441,142,669,967,299,583,0.539119804400978,0.08702012967333964,0.1431481133126437,0.39597169108833424,0.6822679177136217,0.2862962266252875,0.1614114876934055,proportion approximation,CV <= 30% diagnostic reference
36005020900,132467,0,Census Tract 209; Bronx County; New York,36,005,020900,Bronx,1944,266,1590,283,1678,2210,1307,1873,0.8179012345679012,0.05659558689228123,0.09309974043780263,0.7248014941300985,0.9110009750057039,0.18619948087560534,0.06919611378527969,proportion approximation,CV <= 30% diagnostic reference
36005022200,221189,0,Census Tract 222; Bronx County; New York,36,005,022200,Bronx,1089,132,726,127,957,1221,599,853,0.6666666666666666,0.051116104747732156,0.0840859923100194,0.5825806743566473,0.750752658976686,0.16817198462003868,0.07667415712159824,proportion approximation,CV <= 30% diagnostic reference
36005023800,339546,0,Census Tract 238; Bronx County; New York,36,005,023800,Bronx,802,81,342,73,721,883,269,415,0.42643391521197005,0.04874670047638879,0.08018832228365956,0.3462455929283105,0.5066222374956296,0.16037664456731915,0.11431243795925092,proportion approximation,CV <= 30% diagnostic reference
36005037504,239719,0,Census Tract 375.04; Bronx County; New York,36,005,037504,Bronx,1560,175,1084,184,1385,1735,900,1268,0.6948717948717948,0.053811037811966195,0.08851915720068439,0.6063526376711105,0.7833909520724792,0.17703831440136875,0.07744023891758973,proportion approximation,CV <= 30% diagnostic reference
36005045600,809941,16833,Census Tract 456; Bronx County; New York,36,005,045600,Bronx,1217,173,235,135,1044,1390,100,370,0.19309778142974526,0.06533658043604046,0.10747867481728655,0.08561910661245871,0.30057645624703183,0.21495734963457314,0.33836007825813297,proportion approximation,CV > 30% diagnostic reference
36005005300,72048,0,Census Tract 53; Bronx County; New York,36,005,005300,Bronx,1614,179,1318,201,1435,1793,1117,1519,0.8166047087980174,0.05196408745954479,0.08548092387095119,0.7311237849270662,0.9020856326689686,0.17096184774190237,0.06363432257944256,proportion approximation,CV <= 30% diagnostic reference
36061012602,89310,0,Census Tract 126.02; New York County; New York,36,061,012602,Manhattan,2632,427,2066,400,2205,3059,1666,2466,0.7849544072948328,0.050421204466131714,0.08294288134678666,0.7020115259480462,0.8678972886416194,0.16588576269357325,0.06423456445056083,proportion approximation,CV <= 30% diagnostic reference
36061015301,86794,0,Census Tract 153.01; New York County; New York,36,061,015301,Manhattan,2464,465,1910,463,1999,2929,1447,2373,0.7751623376623377,0.07169336100350727,0.11793557885076947,0.6572267588115682,0.8930979165131071,0.23587115770153888,0.09248818927363452,proportion approximation,CV <= 30% diagnostic reference
36061012601,94351,0,Census Tract 126.01; New York County; New York,36,061,012601,Manhattan,3582,652,2901,598,2930,4234,2303,3499,0.8098827470686767,0.047632128401975914,0.07835485122125038,0.7315278958474263,0.8882375982899271,0.15670970244250082,0.058813610457041615,proportion approximation,CV <= 30% diagnostic reference
36061010801,70801,0,Census Tract 108.01; New York County; New York,36,061,010801,Manhattan,1891,217,1668,247,1674,2108,1421,1915,0.8820729772607087,0.05018589699705539,0.08255580056015611,0.7995171767005526,0.9646287778208648,0.1651116011203122,0.0568954024109303,proportion approximation,CV <= 30% diagnostic reference
36061009903,420391,437607,Census Tract 99.03; New York County; New York,36,061,009903,Manhattan,891,108,709,135,783,999,574,844,0.7957351290684624,0.07103288064879579,0.11684908866726908,0.6788860404011934,0.9125842177357315,0.23369817733453813,0.08926699105511572,proportion approximation,CV <= 30% diagnostic reference
36061023804,247417,414132,Census Tract 238.04; New York County; New York,36,061,023804,Manhattan,1553,258,1155,270,1295,1811,885,1425,0.7437218287186091,0.07435459330047592,0.12231330597928289,0.6214085227393262,0.8660351346978921,0.24462661195856583,0.0999763492602936,proportion approximation,CV <= 30% diagnostic reference
36061023803,105044,104534,Census Tract 238.03; New York County; New York,36,061,023803,Manhattan,1632,289,1093,267,1343,1921,826,1360,0.6697303921568627,0.06850827931430856,0.11269611947203757,0.5570342726848251,0.7824265116289003,0.22539223894407523,0.10229232556354215,proportion approximation,CV <= 30% diagnostic reference
36061015102,223442,310785,Census Tract 151.02; New York County; New York,36,061,015102,Manhattan,4895,519,3441,514,4376,5414,2927,3955,0.7029622063329929,0.044964074351526974,0.07396590230826187,0.6289963040247311,0.7769281086412547,0.14793180461652367,0.06396371518474993,proportion approximation,CV <= 30% diagnostic reference
36061015502,111294,216066,Census Tract 155.02; New York County; New York,36,061,015502,Manhattan,2796,389,1849,343,2407,3185,1506,2192,0.6613018597997139,0.04932735655194642,0.08114350152795187,0.580158358271762,0.7424453613276658,0.16228700305590382,0.07459128659775131,proportion approximation,CV <= 30% diagnostic reference
36061015401,70965,0,Census Tract 154.01; New York County; New York,36,061,015401,Manhattan,3290,750,2802,753,2540,4040,2049,3555,0.8516717325227964,0.0736784177118569,0.1212009971360046,0.7304707353867917,0.972872729658801,0.24240199427200926,0.08651034770592762,proportion approximation,CV <= 30% diagnostic reference
36061004002,86590,0,Census Tract 40.02; New York County; New York,36,061,004002,Manhattan,1920,337,1836,352,1583,2257,1484,2188,0.95625,0.04483768901718577,0.07375799843327059,0.8824920015667295,1.0,0.11750799843327053,0.046889086553919754,proportion approximation,CV <= 30% diagnostic reference
36061002902,123830,0,Census Tract 29.02; New York County; New York,36,061,002902,Manhattan,1741,607,1519,619,1134,2348,900,2138,0.8724870763928777,0.11188948216473442,0.18405819816098812,0.6884288782318896,1.0,0.3115711217681104,0.12824199371218079,proportion approximation,CV <= 30% diagnostic reference
36061013603,53825,0,Census Tract 136.03; New York County; New York,36,061,013603,Manhattan,2688,453,2175,495,2235,3141,1680,2670,0.8091517857142857,0.0752347065877403,0.12376109233683279,0.685390693377453,0.9329128780511184,0.2475221846736655,0.09297972014153835,proportion approximation,CV <= 30% diagnostic reference
36061013201,78040,92932,Census Tract 132.01; New York County; New York,36,061,013201,Manhattan,1243,246,1086,233,997,1489,853,1319,0.8736926790024135,0.04400130755388605,0.07238215092614256,0.801310528076271,0.9460748299285561,0.14476430185228506,0.05036245422604085,proportion approximation,CV <= 30% diagnostic reference
36061013202,68947,0,Census Tract 132.02; New York County; New York,36,061,013202,Manhattan,2173,378,1740,377,1795,2551,1363,2117,0.8007363092498849,0.06287584379192579,0.10343076303771793,0.697305546212167,0.9041670722876028,0.20686152607543584,0.07852253365508893,proportion approximation,CV <= 30% diagnostic reference
36061013601,37574,111000,Census Tract 136.01; New York County; New York,36,061,013601,Manhattan,972,215,477,218,757,1187,259,695,0.49074074074074076,0.11930800361594346,0.196261665948227,0.2944790747925138,0.6870024066889677,0.39252333189645394,0.2431181960475829,proportion approximation,CV <= 30% diagnostic reference
36061013501,201006,175337,Census Tract 135.01; New York County; New York,36,061,013501,Manhattan,2622,263,2423,256,2359,2885,2167,2679,0.9241037376048817,0.018645897442119867,0.03067250129228718,0.8934312363125946,0.9547762388971689,0.061345002584574315,0.020177277380618364,proportion approximation,CV <= 30% diagnostic reference
36061015101,109612,0,Census Tract 151.01; New York County; New York,36,061,015101,Manhattan,1554,154,1506,148,1400,1708,1358,1654,0.9691119691119691,0.08222121221265015,0.1352538940898095,0.8338580750221596,1.0,0.16614192497784042,0.08484180861783422,alternative ratio approximation,CV <= 30% diagnostic reference
36061012901,219166,206400,Census Tract 129.01; New York County; New York,36,061,012901,Manhattan,4252,542,3635,488,3710,4794,3147,4123,0.8548918156161807,0.021893125146623917,0.036014190866196345,0.8188776247499843,0.890906006482377,0.07202838173239279,0.025609234696958704,proportion approximation,CV <= 30% diagnostic reference
36061009901,391156,573879,Census Tract 99.01; New York County; New York,36,061,009901,Manhattan,1034,241,773,254,793,1275,519,1027,0.7475822050290135,0.10526075039355932,0.1731539343974051,0.5744282706316084,0.9207361394264186,0.34630786879481024,0.14080157297146229,proportion approximation,CV <= 30% diagnostic reference
36061013502,231316,248165,Census Tract 135.02; New York County; New York,36,061,013502,Manhattan,3655,586,2896,578,3069,4241,2318,3474,0.7923392612859097,0.05725388066181263,0.09418263368868178,0.698156627597228,0.8865218949745914,0.18836526737736348,0.0722593003518388,proportion approximation,CV <= 30% diagnostic reference
36061009902,187991,203370,Census Tract 99.02; New York County; New York,36,061,009902,Manhattan,2314,306,1888,298,2008,2620,1590,2186,0.8159031979256698,0.042741863333880054,0.07031036518423268,0.7455928327414371,0.8862135631099025,0.14062073036846545,0.05238594902256274,proportion approximation,CV <= 30% diagnostic reference
36061012902,207689,200260,Census Tract 129.02; New York County; New York,36,061,012902,Manhattan,1250,190,1052,186,1060,1440,866,1238,0.8416,0.04620498660165321,0.07600720295971954,0.7655927970402805,0.9176072029597195,0.15201440591943904,0.05490136240690733,proportion approximation,CV <= 30% diagnostic reference
36061007001,89729,0,Census Tract 70.01; New York County; New York,36,061,007001,Manhattan,2140,358,1676,238,1782,2498,1438,1914,0.7831775700934579,0.10447152224249491,0.17185565408890413,0.6113219160045538,0.955033224182362,0.34371130817780826,0.13339442577502333,alternative ratio approximation,CV <= 30% diagnostic reference
36061015302,87313,0,Census Tract 153.02; New York County; New York,36,061,015302,Manhattan,3079,364,2432,399,2715,3443,2033,2831,0.7898668398830789,0.05462146005579444,0.08985230179178186,0.7000145380912971,0.8797191416748608,0.17970460358356366,0.06915274486504568,proportion approximation,CV <= 30% diagnostic reference
36061002901,145055,0,Census Tract 29.01; New York County; New York,36,061,002901,Manhattan,69,58,57,56,11,127,1,113,0.8260869565217391,0.25539511934224846,0.42012497131799875,0.4059619852037404,1.0,0.5940380147962596,0.30916251288798496,proportion approximation,CV > 30% diagnostic reference
36061007002,87605,0,Census Tract 70.02; New York County; New York,36,061,007002,Manhattan,2055,266,1631,248,1789,2321,1383,1879,0.7936739659367397,0.03849422576720096,0.06332300138704558,0.7303509645496941,0.8569969673237853,0.12664600277409122,0.04850130837007847,proportion approximation,CV <= 30% diagnostic reference
36061012102,89113,0,Census Tract 121.02; New York County; New York,36,061,012102,Manhattan,3336,494,2645,526,2842,3830,2119,3171,0.7928657074340527,0.06397790586245405,0.10524365514373693,0.6876220522903158,0.8981093625777896,0.2104873102874738,0.08069198259249404,proportion approximation,CV <= 30% diagnostic reference
36061015501,86090,0,Census Tract 155.01; New York County; New York,36,061,015501,Manhattan,2956,593,1573,259,2363,3549,1314,1832,0.5321380243572396,0.0839542009605987,0.13810466058018486,0.39403336377705467,0.6702426849374244,0.2762093211603698,0.157767716490483,alternative ratio approximation,CV <= 30% diagnostic reference
36085014604,1129001,0,Census Tract 146.04; Richmond County; New York,36,085,014604,Staten Island,2382,343,225,160,2039,2725,65,385,0.09445843828715365,0.03998716776200219,0.0657788909684936,0.028679547318660056,0.16023732925564727,0.1315577819369872,0.42333081604039646,proportion approximation,CV > 30% diagnostic reference
36085024800,1649555,703149,Census Tract 248; Richmond County; New York,36,085,024800,Staten Island,1774,187,186,143,1587,1961,43,329,0.10484780157835401,0.04853952903680733,0.07984752526554806,0.02500027631280595,0.18469532684390205,0.15969505053109612,0.4629522823187968,proportion approximation,CV > 30% diagnostic reference
36085025100,1171699,0,Census Tract 251; Richmond County; New York,36,085,025100,Staten Island,2070,237,142,120,1833,2307,22,262,0.06859903381642513,0.03491580665422077,0.057436501946193166,0.01116253187023196,0.12603553576261828,0.11487300389238632,0.5089839420720914,proportion approximation,CV > 30% diagnostic reference
36085027301,3029804,1271,Census Tract 273.01; Richmond County; New York,36,085,027301,Staten Island,1533,174,166,87,1359,1707,79,253,0.10828440965427266,0.03368061107460143,0.05540460521771935,0.05287980443655331,0.163689014871992,0.11080921043543869,0.31103841432146984,proportion approximation,CV > 30% diagnostic reference
36085027702,1455129,0,Census Tract 277.02; Richmond County; New York,36,085,027702,Staten Island,2862,267,451,172,2595,3129,279,623,0.15758211041229908,0.03542372160904568,0.058272022046880145,0.09931008836541894,0.21585413245917923,0.11654404409376029,0.22479532426848944,proportion approximation,CV <= 30% diagnostic reference
36085027900,5243639,177359,Census Tract 279; Richmond County; New York,36,085,027900,Staten Island,643,95,3,5,548,738,0,8,0.004665629860031105,0.004708471914191513,0.0077454362988450395,0.0,0.012411066158876143,0.012411066158876143,1.0091824802750475,proportion approximation,CV > 30% diagnostic reference
36085029102,9241871,1890918,Census Tract 291.02; Richmond County; New York,36,085,029102,Staten Island,1083,210,41,36,873,1293,5,77,0.03785780240073869,0.019708388999261337,0.0324202999037849,0.0054375024969537875,0.07027810230452358,0.06484059980756979,0.520589885029269,proportion approximation,CV > 30% diagnostic reference
36085030301,719319,0,Census Tract 303.01; Richmond County; New York,36,085,030301,Staten Island,1914,228,172,126,1686,2142,46,298,0.08986415882967608,0.03948603487597617,0.0649545273709808,0.024909631458695278,0.15481868620065686,0.12990905474196157,0.43939692298033944,proportion approximation,CV > 30% diagnostic reference
36085031901,388050,0,Census Tract 319.01; Richmond County; New York,36,085,031901,Staten Island,1214,197,735,174,1017,1411,561,909,0.6054365733113674,0.06343934809014522,0.10435772760828887,0.5010788457030785,0.7097943009196562,0.20871545521657775,0.10478281439651196,proportion approximation,CV <= 30% diagnostic reference
36085032300,3867919,498690,Census Tract 323; Richmond County; New York,36,085,032300,Staten Island,437,99,90,56,338,536,34,146,0.20594965675057209,0.07255379033598931,0.11935098510270242,0.08659867164786966,0.3253006418532745,0.23870197020540485,0.3522889597425259,proportion approximation,CV > 30% diagnostic reference
36085001800,910163,1451608,Census Tract 18; Richmond County; New York,36,085,001800,Staten Island,146,58,13,12,88,204,1,25,0.08904109589041095,0.04510079425061155,0.074190806542256,0.014850289348154952,0.16323190243266694,0.14838161308451198,0.506516612353022,proportion approximation,CV > 30% diagnostic reference
36085014100,311360,0,Census Tract 141; Richmond County; New York,36,085,014100,Staten Island,1054,223,112,67,831,1277,45,179,0.1062618595825427,0.03614519120771549,0.05945883953669198,0.04680302004585071,0.16572069911923468,0.11891767907338396,0.3401520672583226,proportion approximation,CV > 30% diagnostic reference
36085024402,1823028,2065530,Census Tract 244.02; Richmond County; New York,36,085,024402,Staten Island,1784,180,134,101,1604,1964,33,235,0.07511210762331838,0.034106267926918475,0.05610481073978089,0.019007296883537493,0.13121691836309926,0.11220962147956176,0.4540715073255415,proportion approximation,CV > 30% diagnostic reference
36085027705,531529,0,Census Tract 277.05; Richmond County; New York,36,085,027705,Staten Island,1953,255,54,57,1698,2208,0,111,0.027649769585253458,0.01760591116491165,0.02896172386627966,0.0,0.056611493451533115,0.056611493451533115,0.6367471204643046,proportion approximation,CV > 30% diagnostic reference
36085012806,1319470,580167,Census Tract 128.06; Richmond County; New York,36,085,012806,Staten Island,2350,275,560,274,2075,2625,286,834,0.23829787234042554,0.06882184726236695,0.11321193874659363,0.1250859335938319,0.3515098110870192,0.22642387749318726,0.28880596619028986,proportion approximation,CV <= 30% diagnostic reference
36085017702,586941,0,Census Tract 177.02; Richmond County; New York,36,085,017702,Staten Island,911,269,73,51,642,1180,22,124,0.0801317233809001,0.03084276276233006,0.05073634474403295,0.029395378636867156,0.13086806812493307,0.10147268948806591,0.3849007791298998,proportion approximation,CV > 30% diagnostic reference
36085017701,2935055,2825,Census Tract 177.01; Richmond County; New York,36,085,017701,Staten Island,1454,206,170,137,1248,1660,33,307,0.11691884456671252,0.056386209314546576,0.09275531432242912,0.0241635302442834,0.20967415888914165,0.18551062864485823,0.48226793143147484,proportion approximation,CV > 30% diagnostic reference
36085020805,1127289,7616,Census Tract 208.05; Richmond County; New York,36,085,020805,Staten Island,2365,332,171,119,2033,2697,52,290,0.07230443974630021,0.029959108136883784,0.049282732885173826,0.02302170686112639,0.12158717263147403,0.09856546577034764,0.41434672949549795,proportion approximation,CV > 30% diagnostic reference
36085018704,538794,0,Census Tract 187.04; Richmond County; New York,36,085,018704,Staten Island,1171,227,71,65,944,1398,6,136,0.06063193851409052,0.032978394393009376,0.05424945877650043,0.006382479737590097,0.11488139729059095,0.10849891755300085,0.5439112652706194,proportion approximation,CV > 30% diagnostic reference
36085022602,6278738,2111712,Census Tract 226.02; Richmond County; New York,36,085,022602,Staten Island,717,414,52,26,303,1131,26,78,0.07252440725244072,0.03367445507900369,0.05539447860496108,0.017129928647479642,0.1279188858574018,0.11078895720992216,0.46431892868549324,alternative ratio approximation,CV > 30% diagnostic reference
36085007002,2166807,866081,Census Tract 70.02; Richmond County; New York,36,085,007002,Staten Island,1777,317,274,150,1460,2094,124,424,0.15419245920090038,0.048513409921334745,0.07980455932059566,0.07438789988030473,0.23399701852149604,0.15960911864119132,0.3146289395263206,proportion approximation,CV > 30% diagnostic reference
36085020806,1469772,0,Census Tract 208.06; Richmond County; New York,36,085,020806,Staten Island,874,143,11,17,731,1017,0,28,0.012585812356979404,0.011757744258010011,0.01934148930442647,0.0,0.03192730166140587,0.03192730166140587,0.9342062255909773,proportion approximation,CV > 30% diagnostic reference
36085017015,457623,0,Census Tract 170.15; Richmond County; New York,36,085,017015,Staten Island,1100,210,87,68,890,1310,19,155,0.07909090909090909,0.036441234179006465,0.05994583022446564,0.019145078866443448,0.13903673931537472,0.11989166044893126,0.4607512367460588,proportion approximation,CV > 30% diagnostic reference
36061001501,270812,166085,Census Tract 15.01; New York County; New York,36,061,001501,Manhattan,3259,564,2322,442,2695,3823,1880,2764,0.7124884934028843,0.03433670091158471,0.056483872999556844,0.6560046204033275,0.7689723664024412,0.11296774599911363,0.0481926392208676,proportion approximation,CV <= 30% diagnostic reference
36061001600,207381,0,Census Tract 16; New York County; New York,36,061,001600,Manhattan,3499,800,2956,791,2699,4299,2165,3747,0.844812803658188,0.07140268725211361,0.1174574205297269,0.7273553831284612,0.9622702241879149,0.2349148410594537,0.08451894543137535,proportion approximation,CV <= 30% diagnostic reference
36061001800,222964,0,Census Tract 18; New York County; New York,36,061,001800,Manhattan,3170,316,2888,325,2854,3486,2563,3213,0.9110410094637224,0.02892126620075762,0.04757548290024628,0.8634655265634761,0.9586164923639686,0.09515096580049254,0.03174529565664878,proportion approximation,CV <= 30% diagnostic reference
36061002000,126279,137883,Census Tract 20; New York County; New York,36,061,002000,Manhattan,1962,184,1792,196,1778,2146,1596,1988,0.9133537206931702,0.031250408303296576,0.05140692165892286,0.8619467990342473,0.9647606423520931,0.10281384331784582,0.034215011769569134,proportion approximation,CV <= 30% diagnostic reference
36061002201,161668,0,Census Tract 22.01; New York County; New York,36,061,002201,Manhattan,3079,299,2334,363,2780,3378,1971,2697,0.7580383241312114,0.05598154711621645,0.09208964500617607,0.6659486791250353,0.8501279691373875,0.18417929001235223,0.07385054994465744,proportion approximation,CV <= 30% diagnostic reference
36061002202,56108,0,Census Tract 22.02; New York County; New York,36,061,002202,Manhattan,1052,144,882,143,908,1196,739,1025,0.8384030418250951,0.04428512698803213,0.07284903389531286,0.7655540079297822,0.9112520757204079,0.14569806779062566,0.05282080906055533,proportion approximation,CV <= 30% diagnostic reference
36061002400,182337,470265,Census Tract 24; New York County; New York,36,061,002400,Manhattan,1797,154,1516,176,1643,1951,1340,1692,0.8436282693377852,0.04016531528000326,0.06607194363560535,0.7775563257021799,0.9097002129733905,0.13214388727121062,0.047610205513302015,proportion approximation,CV <= 30% diagnostic reference
36061002601,106047,0,Census Tract 26.01; New York County; New York,36,061,002601,Manhattan,1942,446,1702,460,1496,2388,1242,2162,0.8764160659114315,0.0759130387488046,0.12487694874178357,0.7515391171696479,1.0,0.24846088283035206,0.08661758005298387,proportion approximation,CV <= 30% diagnostic reference
36061002602,103690,0,Census Tract 26.02; New York County; New York,36,061,002602,Manhattan,1913,265,1494,228,1648,2178,1266,1722,0.7809722948248824,0.030401124971159172,0.05000985057755684,0.7309624442473256,0.8309821454024392,0.1000197011551136,0.03892727715517235,proportion approximation,CV <= 30% diagnostic reference
36061002700,59282,0,Census Tract 27; New York County; New York,36,061,002700,Manhattan,620,258,459,247,362,878,212,706,0.7403225806451613,0.15355450677946308,0.2525971636522168,0.4877254169929445,0.9929197442973781,0.5051943273044335,0.20741567364546212,proportion approximation,CV <= 30% diagnostic reference
36061002800,183626,0,Census Tract 28; New York County; New York,36,061,002800,Manhattan,3205,324,2519,291,2881,3529,2228,2810,0.7859594383775351,0.026712255922219385,0.043941660992050886,0.7420177773854842,0.829901099369586,0.08788332198410176,0.033986812318663406,proportion approximation,CV <= 30% diagnostic reference
36061003001,124150,0,Census Tract 30.01; New York County; New York,36,061,003001,Manhattan,2294,232,1957,228,2062,2526,1729,2185,0.8530950305143854,0.029995542361798442,0.04934266718515844,0.803752363329227,0.9024376976995439,0.0986853343703169,0.03516084526211836,proportion approximation,CV <= 30% diagnostic reference
36061003100,204969,0,Census Tract 31; New York County; New York,36,061,003100,Manhattan,823,133,722,123,690,956,599,845,0.8772782503037667,0.02875248267765531,0.04729783400474299,0.8299804162990237,0.9245760843085097,0.09459566800948593,0.03277464438187025,proportion approximation,CV <= 30% diagnostic reference
36061003300,341677,0,Census Tract 33; New York County; New York,36,061,003300,Manhattan,2660,375,1592,305,2285,3035,1287,1897,0.5984962406015037,0.04719864160098489,0.07764176543362016,0.5208544751678836,0.6761380060351239,0.15528353086724023,0.0788620519212436,proportion approximation,CV <= 30% diagnostic reference
36061003601,99812,0,Census Tract 36.01; New York County; New York,36,061,003601,Manhattan,1550,233,1273,266,1317,1783,1007,1539,0.8212903225806452,0.07246290386391416,0.11920147685613879,0.7020888457245064,0.940491799436784,0.2384029537122776,0.0882305585145852,proportion approximation,CV <= 30% diagnostic reference
36061003800,202370,0,Census Tract 38; New York County; New York,36,061,003800,Manhattan,4511,715,4094,691,3796,5226,3403,4785,0.9075592994901353,0.03200472024649058,0.052647764805477,0.8549115346846583,0.9602070642956122,0.1052955296109539,0.03526460503955032,proportion approximation,CV <= 30% diagnostic reference
36061003900,331071,466393,Census Tract 39; New York County; New York,36,061,003900,Manhattan,2699,721,1355,253,1978,3420,1102,1608,0.5020377917747314,0.09946785290705114,0.16362461803209913,0.33841317374263225,0.6656624098068306,0.3272492360641983,0.1981282177093218,alternative ratio approximation,CV <= 30% diagnostic reference
36061004200,85567,0,Census Tract 42; New York County; New York,36,061,004200,Manhattan,1461,268,1213,266,1193,1729,947,1479,0.8302532511978097,0.0606491888620346,0.09976791567804692,0.7304853355197628,0.9300211668758566,0.19953583135609376,0.07304902302343987,proportion approximation,CV <= 30% diagnostic reference
36061004300,149239,0,Census Tract 43; New York County; New York,36,061,004300,Manhattan,2591,395,2311,417,2196,2986,1894,2728,0.8919336163643381,0.05233886880005363,0.08609743917608823,0.8058361771882498,0.9780310555404264,0.1721948783521765,0.05868022893160491,proportion approximation,CV <= 30% diagnostic reference
36061008602,106507,317001,Census Tract 86.02; New York County; New York,36,061,008602,Manhattan,0,14,0,14,0,14,0,14,,,,,,,,not calculated,CV unavailable
36061004500,104948,0,Census Tract 45; New York County; New York,36,061,004500,Manhattan,414,85,340,78,329,499,262,418,0.821256038647343,0.051098559964101516,0.084057131140947,0.7371989075063959,0.90531316978829,0.16811426228189408,0.062220011250405965,proportion approximation,CV <= 30% diagnostic reference
36061004700,165420,0,Census Tract 47; New York County; New York,36,061,004700,Manhattan,1486,380,1235,366,1106,1866,869,1601,0.8310901749663526,0.07567256734202722,0.12448137327763478,0.7066088016887179,0.9555715482439874,0.2489627465552695,0.0910521741459534,proportion approximation,CV <= 30% diagnostic reference
36061004900,207318,0,Census Tract 49; New York County; New York,36,061,004900,Manhattan,2320,418,1634,266,1902,2738,1368,1900,0.7043103448275863,0.103965110470895,0.17102260672462227,0.5332877381029639,0.8753329515522086,0.34204521344924466,0.14761264154986314,alternative ratio approximation,CV <= 30% diagnostic reference
36061005400,167959,0,Census Tract 54; New York County; New York,36,061,005400,Manhattan,2747,452,2049,446,2295,3199,1603,2495,0.7459046232253367,0.06461212702553243,0.10628694895700085,0.6396176742683358,0.8521915721823375,0.21257389791400172,0.08662250509474749,proportion approximation,CV <= 30% diagnostic reference
36061005501,124447,0,Census Tract 55.01; New York County; New York,36,061,005501,Manhattan,2001,204,1315,209,1797,2205,1106,1524,0.6571714142928535,0.04871045342894156,0.08012869589060886,0.5770427184022446,0.7373001101834624,0.16025739178121778,0.07412138198578865,proportion approximation,CV <= 30% diagnostic reference
36061005600,174425,0,Census Tract 56; New York County; New York,36,061,005600,Manhattan,2363,366,2044,390,1997,2729,1654,2434,0.8650021159542954,0.058590833834564704,0.09638192165785894,0.7686201942964365,0.9613840376121544,0.19276384331571794,0.06773490232440137,proportion approximation,CV <= 30% diagnostic reference
36061005700,108047,0,Census Tract 57; New York County; New York,36,061,005700,Manhattan,1355,246,824,221,1109,1601,603,1045,0.6081180811808118,0.07298000082489248,0.12005210135694813,0.4880659798238637,0.7281701825377599,0.2401042027138962,0.12000958873510839,proportion approximation,CV <= 30% diagnostic reference
36061005800,174669,0,Census Tract 58; New York County; New York,36,061,005800,Manhattan,2193,275,1911,266,1918,2468,1645,2177,0.8714090287277702,0.03200431480463499,0.05264709785362456,0.8187619308741456,0.9240561265813947,0.10529419570724907,0.036727086534047375,proportion approximation,CV <= 30% diagnostic reference
36061006000,118944,300815,Census Tract 60; New York County; New York,36,061,006000,Manhattan,2338,312,1547,273,2026,2650,1274,1820,0.6616766467065869,0.0464466752200816,0.07640478073703423,0.5852718659695526,0.7380814274436212,0.15280956147406854,0.07019542770817762,proportion approximation,CV <= 30% diagnostic reference
36061006100,142178,0,Census Tract 61; New York County; New York,36,061,006100,Manhattan,2214,476,1408,221,1738,2690,1187,1629,0.6359530261969286,0.10291019346432446,0.16928726824881374,0.4666657579481149,0.8052402944457424,0.33857453649762753,0.16182043205256702,alternative ratio approximation,CV <= 30% diagnostic reference
36061006200,293517,862275,Census Tract 62; New York County; New York,36,061,006200,Manhattan,1253,168,1076,169,1085,1421,907,1245,0.8587390263367917,0.04270408273592369,0.07024821610059447,0.7884908102361972,0.9289872424373862,0.14049643220118901,0.04972882497036467,proportion approximation,CV <= 30% diagnostic reference
36061006400,179194,0,Census Tract 64; New York County; New York,36,061,006400,Manhattan,4322,686,3391,573,3636,5008,2818,3964,0.7845904673762147,0.0276477212589384,0.045480501470953665,0.7391099659052611,0.8300709688471684,0.09096100294190723,0.03523841087618158,proportion approximation,CV <= 30% diagnostic reference
36061006500,201127,0,Census Tract 65; New York County; New York,36,061,006500,Manhattan,3042,523,2806,526,2519,3565,2280,3332,0.9224194608809994,0.04189031106258652,0.06890956169795483,0.8535098991830445,0.9913290225789542,0.13781912339590963,0.045413516127009335,proportion approximation,CV <= 30% diagnostic reference
36061006700,168483,0,Census Tract 67; New York County; New York,36,061,006700,Manhattan,3118,354,2805,341,2764,3472,2464,3146,0.899615137908916,0.023768085144575943,0.039098500062827425,0.8605166378460886,0.9387136379717435,0.07819700012565489,0.026420281454826305,proportion approximation,CV <= 30% diagnostic reference
36061006800,174441,0,Census Tract 68; New York County; New York,36,061,006800,Manhattan,3276,521,2713,526,2755,3797,2187,3239,0.8281440781440782,0.05582798832146891,0.09183704078881635,0.7363070373552618,0.9199811189328946,0.18367408157763276,0.06741337624074166,proportion approximation,CV <= 30% diagnostic reference
36061006900,220486,284380,Census Tract 69; New York County; New York,36,061,006900,Manhattan,1219,156,858,154,1063,1375,704,1012,0.7038556193601313,0.05384840988569153,0.08858063426196257,0.6152749850981687,0.7924362536220939,0.17716126852392522,0.07650490868375054,proportion approximation,CV <= 30% diagnostic reference
36061007100,164997,0,Census Tract 71; New York County; New York,36,061,007100,Manhattan,2510,348,2093,348,2162,2858,1745,2441,0.8338645418326693,0.046521575447185985,0.07652799161062095,0.7573365502220484,0.9103925334432903,0.15305598322124192,0.05579032698157516,proportion approximation,CV <= 30% diagnostic reference
36061007300,165299,0,Census Tract 73; New York County; New York,36,061,007300,Manhattan,3552,562,2923,618,2990,4114,2305,3541,0.8229166666666666,0.07015580732183302,0.1154063030444153,0.7075103636222513,0.938322969711082,0.2308126060888307,0.08525262661893633,proportion approximation,CV <= 30% diagnostic reference
36047043700,168127,0,Census Tract 437; Kings County; New York,36,047,043700,Brooklyn,1997,331,942,209,1666,2328,733,1151,0.471707561342013,0.04229277391905866,0.0695716130968515,0.4021359482451615,0.5412791744388645,0.139143226193703,0.08965888483690036,proportion approximation,CV <= 30% diagnostic reference
36061007500,165732,292506,Census Tract 75; New York County; New York,36,061,007500,Manhattan,2294,360,1637,333,1934,2654,1304,1970,0.7136006974716652,0.05614764270990271,0.09236287225778995,0.6212378252138753,0.8059635697294552,0.18472574451557988,0.07868215783537985,proportion approximation,CV <= 30% diagnostic reference
36061007600,174274,0,Census Tract 76; New York County; New York,36,061,007600,Manhattan,1441,192,1218,182,1249,1633,1036,1400,0.8452463566967384,0.03475390979629858,0.05717018161491117,0.7880761750818273,0.9024165383116496,0.11434036322982233,0.04111689984931548,proportion approximation,CV <= 30% diagnostic reference
36061007800,177474,0,Census Tract 78; New York County; New York,36,061,007800,Manhattan,4885,658,4200,697,4227,5543,3503,4897,0.8597748208802457,0.050664621892899456,0.0833433030138196,0.7764315178664261,0.9431181238940654,0.1666866060276393,0.058927780463527105,proportion approximation,CV <= 30% diagnostic reference
36061007900,274202,533311,Census Tract 79; New York County; New York,36,061,007900,Manhattan,2437,330,1868,231,2107,2767,1637,2099,0.766516208453016,0.08544971905762827,0.1405647878497985,0.6259514206032175,0.9070809963028146,0.28112957569959707,0.11147803283910068,alternative ratio approximation,CV <= 30% diagnostic reference
36061008100,174305,0,Census Tract 81; New York County; New York,36,061,008100,Manhattan,3824,636,3067,582,3188,4460,2485,3649,0.8020397489539749,0.04454711013349874,0.07327999616960543,0.7287597527843694,0.8753197451235804,0.1465599923392109,0.055542272302086464,proportion approximation,CV <= 30% diagnostic reference
36061008400,173067,0,Census Tract 84; New York County; New York,36,061,008400,Manhattan,1005,230,842,220,775,1235,622,1062,0.8378109452736319,0.06420849058373425,0.10562296701024283,0.732187978263389,0.9434339122838747,0.21124593402048575,0.07663840028106048,proportion approximation,CV <= 30% diagnostic reference
36061008700,165443,0,Census Tract 87; New York County; New York,36,061,008700,Manhattan,3223,421,2598,387,2802,3644,2211,2985,0.806081290722929,0.03508606609134031,0.05771657872025481,0.7483647120026742,0.8637978694431838,0.11543315744050964,0.043526709396608854,proportion approximation,CV <= 30% diagnostic reference
36061008800,179257,0,Census Tract 88; New York County; New York,36,061,008800,Manhattan,5152,660,4315,527,4492,5812,3788,4842,0.8375388198757764,0.09011570130556837,0.14824032864765996,0.6892984912281164,0.9857791485234364,0.29648065729532,0.1075958500872047,alternative ratio approximation,CV <= 30% diagnostic reference
36061009000,174696,0,Census Tract 90; New York County; New York,36,061,009000,Manhattan,4272,636,3652,616,3636,4908,3036,4268,0.8548689138576779,0.04120541793358143,0.06778291250074145,0.7870860013569365,0.9226518263584194,0.13556582500148284,0.04820086128484662,proportion approximation,CV <= 30% diagnostic reference
36061009200,197023,0,Census Tract 92; New York County; New York,36,061,009200,Manhattan,922,147,790,144,775,1069,646,934,0.8568329718004338,0.04601861237757015,0.0757006173611029,0.7811323544393309,0.9325335891615367,0.1514012347222058,0.05370779824318946,proportion approximation,CV <= 30% diagnostic reference
36061009300,179099,0,Census Tract 93; New York County; New York,36,061,009300,Manhattan,5508,671,4158,651,4837,6179,3507,4809,0.7549019607843137,0.04513183658176246,0.07424187117699925,0.6806600896073145,0.8291438319613129,0.14848374235399842,0.05978503027713988,proportion approximation,CV <= 30% diagnostic reference
36061009400,152754,0,Census Tract 94; New York County; New York,36,061,009400,Manhattan,34,22,18,20,12,56,0,38,0.5294117647058824,0.29069768237706894,0.4781976875102784,0.051214077195603946,1.0,0.948785922804396,0.5490956222677968,proportion approximation,CV > 30% diagnostic reference
36061009600,175330,0,Census Tract 96; New York County; New York,36,061,009600,Manhattan,95,50,86,49,45,145,37,135,0.9052631578947369,0.12009747005564125,0.19756033824152985,0.707702819653207,1.0,0.292297180346793,0.1326658099451851,proportion approximation,CV <= 30% diagnostic reference
36061009800,177061,0,Census Tract 98; New York County; New York,36,061,009800,Manhattan,4705,647,4060,739,4058,5352,3321,4799,0.8629117959617428,0.06255610332460304,0.10290478996897201,0.7600070059927708,0.9658165859307148,0.20580957993794402,0.0724942034833146,proportion approximation,CV <= 30% diagnostic reference
36061010000,172894,0,Census Tract 100; New York County; New York,36,061,010000,Manhattan,1137,325,1004,336,812,1462,668,1340,0.8830255057167986,0.09342947611465523,0.15369148820860784,0.7293340175081908,1.0,0.2706659824918092,0.10580608998243325,proportion approximation,CV <= 30% diagnostic reference
36061010200,172891,0,Census Tract 102; New York County; New York,36,061,010200,Manhattan,157,127,119,119,30,284,0,238,0.7579617834394905,0.2708953508541882,0.44562285215513964,0.31233893128435086,1.0,0.6876610687156491,0.35739974860594576,proportion approximation,CV > 30% diagnostic reference
36061010300,174468,0,Census Tract 103; New York County; New York,36,061,010300,Manhattan,1594,254,1483,258,1340,1848,1225,1741,0.9303638644918444,0.0394868121687919,0.06495580601766268,0.8654080584741817,0.9953196705095071,0.12991161203532542,0.04244233216254504,proportion approximation,CV <= 30% diagnostic reference
36061010400,173230,0,Census Tract 104; New York County; New York,36,061,010400,Manhattan,596,131,460,95,465,727,365,555,0.7718120805369127,0.14150679351322537,0.23277867532925572,0.5390334052076571,1.0,0.4609665947923429,0.18334358463887462,alternative ratio approximation,CV <= 30% diagnostic reference
36061011401,98508,0,Census Tract 114.01; New York County; New York,36,061,011401,Manhattan,667,191,437,123,476,858,314,560,0.6551724137931034,0.15991991187293986,0.2630682550309861,0.39210415876211735,0.9182406688240895,0.5261365100619722,0.2440882865429082,alternative ratio approximation,CV <= 30% diagnostic reference
36061011402,98800,0,Census Tract 114.02; New York County; New York,36,061,011402,Manhattan,1164,222,875,222,942,1386,653,1097,0.7517182130584192,0.07646076621940015,0.12577796043091324,0.625940252627506,0.8774961734893325,0.25155592086182654,0.10171466500500774,proportion approximation,CV <= 30% diagnostic reference
36061011500,175590,0,Census Tract 115; New York County; New York,36,061,011500,Manhattan,1840,261,1447,246,1579,2101,1201,1693,0.7864130434782609,0.044799198689295786,0.07369468184389157,0.7127183616343693,0.8601077253221525,0.14738936368778321,0.056966500061025736,proportion approximation,CV <= 30% diagnostic reference
36061011700,196623,176858,Census Tract 117; New York County; New York,36,061,011700,Manhattan,3465,605,3245,626,2860,4070,2619,3871,0.9365079365079365,0.0466998610071343,0.07682127135673593,0.8596866651512006,1.0,0.14031333484879938,0.04986595327880442,proportion approximation,CV <= 30% diagnostic reference
36061011900,177591,0,Census Tract 119; New York County; New York,36,061,011900,Manhattan,1102,164,1067,162,938,1266,905,1229,0.9682395644283122,0.01769820075609869,0.02911354024378235,0.9391260241845298,0.9973531046720945,0.05822708048756464,0.01827874154941027,proportion approximation,CV <= 30% diagnostic reference
36061012000,173025,0,Census Tract 120; New York County; New York,36,061,012000,Manhattan,1925,302,1234,299,1623,2227,935,1533,0.6410389610389611,0.07195831208840722,0.11837142338542987,0.5226675376535312,0.7594103844243909,0.23674284677085966,0.11225263433564335,proportion approximation,CV <= 30% diagnostic reference
36061012400,171573,75103,Census Tract 124; New York County; New York,36,061,012400,Manhattan,4870,583,3868,634,4287,5453,3234,4502,0.7942505133470226,0.0540573798478789,0.0889243898497608,0.7053261234972618,0.8831749031967834,0.17784877969952162,0.06806086862956832,proportion approximation,CV <= 30% diagnostic reference
36085017014,553872,0,Census Tract 170.14; Richmond County; New York,36,085,017014,Staten Island,1610,233,110,93,1377,1843,17,203,0.06832298136645963,0.03459660672681522,0.056911418065611036,0.011411563300848596,0.12523439943207065,0.11382283613122206,0.5063685166379318,proportion approximation,CV > 30% diagnostic reference
36085017016,661425,0,Census Tract 170.16; Richmond County; New York,36,085,017016,Staten Island,1546,186,172,115,1360,1732,57,287,0.111254851228978,0.04448104816941468,0.07317132423868715,0.038083526990290856,0.18442617546766515,0.1463426484773743,0.3998122120343901,proportion approximation,CV > 30% diagnostic reference
36085017013,556649,219,Census Tract 170.13; Richmond County; New York,36,085,017013,Staten Island,1398,289,64,63,1109,1687,1,127,0.045779685264663805,0.02678386258981272,0.044059453960241926,0.0017202313044218792,0.08983913922490573,0.08811890792048385,0.5850599984462216,proportion approximation,CV > 30% diagnostic reference
36085018703,474507,0,Census Tract 187.03; Richmond County; New York,36,085,018703,Staten Island,1118,337,211,254,781,1455,0,465,0.1887298747763864,0.1337103772809843,0.2199535706272192,0.0,0.40868344540360557,0.40868344540360557,0.7084748900480591,proportion approximation,CV > 30% diagnostic reference
36085020701,417768,106511,Census Tract 207.01; Richmond County; New York,36,085,020701,Staten Island,1031,271,423,154,760,1302,269,577,0.41028128031037825,0.06282647099549313,0.10334954478758619,0.30693173552279207,0.5136308250979644,0.20669908957517236,0.15313024018050453,proportion approximation,CV <= 30% diagnostic reference
36085020702,542033,289198,Census Tract 207.02; Richmond County; New York,36,085,020702,Staten Island,945,213,429,228,732,1158,201,657,0.45396825396825397,0.1328252026467002,0.21849745835382184,0.23547079561443213,0.6724657123220759,0.43699491670764373,0.29258698485112283,proportion approximation,CV <= 30% diagnostic reference
36085009701,795842,336112,Census Tract 97.01; Richmond County; New York,36,085,009701,Staten Island,1639,159,633,169,1480,1798,464,802,0.3862111043319097,0.05839751660756022,0.09606391481943656,0.29014718951247315,0.48227501915134624,0.1921278296388731,0.15120620808813776,proportion approximation,CV <= 30% diagnostic reference
36085009702,367493,99704,Census Tract 97.02; Richmond County; New York,36,085,009702,Staten Island,21,19,4,2,2,40,2,6,0.19047619047619047,0.11969642548279973,0.19690061991920554,0.0,0.387376810395396,0.387376810395396,0.6284062337846986,alternative ratio approximation,CV > 30% diagnostic reference
36085005901,936901,6193,Census Tract 59.01; Richmond County; New York,36,085,005901,Staten Island,1137,171,289,137,966,1308,152,426,0.2541776605101143,0.06946369716109023,0.11426778182999342,0.1399098786801209,0.36844544234010773,0.22853556365998684,0.27328797118394327,proportion approximation,CV <= 30% diagnostic reference
36085029105,1607963,533,Census Tract 291.05; Richmond County; New York,36,085,029105,Staten Island,1585,241,128,62,1344,1826,66,190,0.08075709779179811,0.022577184154849342,0.037139467934727166,0.04361762985707095,0.11789656572652528,0.07427893586945433,0.27956903816747036,proportion approximation,CV <= 30% diagnostic reference
36085004004,359234,0,Census Tract 40.04; Richmond County; New York,36,085,004004,Staten Island,1111,333,167,81,778,1444,86,248,0.15031503150315031,0.03484516988792731,0.057320304465640425,0.09299472703750988,0.20763533596879075,0.11464060893128086,0.2318142739250733,proportion approximation,CV <= 30% diagnostic reference
36085022601,1747826,522,Census Tract 226.01; Richmond County; New York,36,085,022601,Staten Island,2558,318,272,214,2240,2876,58,486,0.10633307271305707,0.050217724050791474,0.08260815606355197,0.0237249166495051,0.18894122877660904,0.16521631212710394,0.4722681548600169,proportion approximation,CV > 30% diagnostic reference
36085004003,195483,0,Census Tract 40.03; Richmond County; New York,36,085,004003,Staten Island,1409,149,868,179,1260,1558,689,1047,0.6160397444996452,0.06630139875278039,0.10906580094832374,0.5069739435513214,0.7251055454479689,0.2181316018966475,0.10762519682334973,proportion approximation,CV <= 30% diagnostic reference
36085004002,337374,0,Census Tract 40.02; Richmond County; New York,36,085,004002,Staten Island,776,85,110,79,691,861,31,189,0.14175257731958762,0.06116296452724404,0.10061307664731645,0.04113950067227118,0.24236565396690407,0.2012261532946329,0.43147691339219435,proportion approximation,CV > 30% diagnostic reference
36061012700,174025,0,Census Tract 127; New York County; New York,36,061,012700,Manhattan,4117,519,3914,512,3598,4636,3402,4426,0.9506922516395434,0.020187047106046446,0.033207692489446404,0.917484559150097,0.9838999441289898,0.06641538497889288,0.02123405031568554,proportion approximation,CV <= 30% diagnostic reference
36061012800,178794,0,Census Tract 128; New York County; New York,36,061,012800,Manhattan,2623,312,1474,249,2311,2935,1225,1723,0.5619519634006862,0.04097655240418124,0.06740642870487815,0.4945455346958081,0.6293583921055643,0.13481285740975624,0.07291824759577165,proportion approximation,CV <= 30% diagnostic reference
36061013000,178225,0,Census Tract 130; New York County; New York,36,061,013000,Manhattan,1528,273,886,230,1255,1801,656,1116,0.5798429319371727,0.0663836498937069,0.10920110407514787,0.47064182786202485,0.6890440360123206,0.2184022081502957,0.11448557227718302,proportion approximation,CV <= 30% diagnostic reference
36061013300,174355,0,Census Tract 133; New York County; New York,36,061,013300,Manhattan,3787,521,3387,544,3266,4308,2843,3931,0.8943754951148667,0.04506348504667027,0.0741294329017726,0.820246062213094,0.9685049280166393,0.1482588658035453,0.05038542009794517,proportion approximation,CV <= 30% diagnostic reference
36061013400,181768,0,Census Tract 134; New York County; New York,36,061,013400,Manhattan,5643,611,4953,705,5032,6254,4248,5658,0.8777246145667198,0.04929823584920562,0.08109559797194324,0.7966290165947766,0.958820212538663,0.16219119594388642,0.05616594889906467,proportion approximation,CV <= 30% diagnostic reference
36061013700,226356,0,Census Tract 137; New York County; New York,36,061,013700,Manhattan,3696,529,2890,531,3167,4225,2359,3421,0.7819264069264069,0.054764214076268566,0.0900871321554618,0.6918392747709451,0.8720135390818687,0.18017426431092365,0.07003755544148395,proportion approximation,CV <= 30% diagnostic reference
36061014000,179112,0,Census Tract 140; New York County; New York,36,061,014000,Manhattan,3967,632,2382,505,3335,4599,1877,2887,0.600453743382909,0.05105782695032267,0.08399012533328079,0.5164636180496283,0.6844438687161898,0.16798025066656153,0.08503207368259026,proportion approximation,CV <= 30% diagnostic reference
36061014300,2992159,567106,Census Tract 143; New York County; New York,36,061,014300,Manhattan,0,14,0,14,0,14,0,14,,,,,,,,not calculated,CV unavailable
36061014401,74321,0,Census Tract 144.01; New York County; New York,36,061,014401,Manhattan,2637,411,1911,398,2226,3048,1513,2309,0.7246871444823664,0.06085747258924464,0.10011054240930743,0.624576602073059,0.8247976868916738,0.20022108481861478,0.08397757991514292,proportion approximation,CV <= 30% diagnostic reference
36061014500,177137,0,Census Tract 145; New York County; New York,36,061,014500,Manhattan,3412,439,2690,430,2973,3851,2260,3120,0.7883939038686987,0.045462522709493906,0.07478584985711748,0.7136080540115812,0.8631797537258161,0.1495716997142349,0.05766473140698632,proportion approximation,CV <= 30% diagnostic reference
36061014601,74344,0,Census Tract 146.01; New York County; New York,36,061,014601,Manhattan,2362,392,1868,427,1970,2754,1441,2295,0.7908552074513124,0.07557133264168164,0.1243148421955663,0.6665403652557461,0.9151700496468788,0.24862968439113264,0.09555647093129124,proportion approximation,CV <= 30% diagnostic reference
36061014801,51979,0,Census Tract 148.01; New York County; New York,36,061,014801,Manhattan,1350,106,847,137,1244,1456,710,984,0.6274074074074074,0.05393449986254449,0.0887222522738857,0.5386851551335217,0.7161296596812932,0.1774445045477715,0.08596407888363053,proportion approximation,CV <= 30% diagnostic reference
36061014802,125621,0,Census Tract 148.02; New York County; New York,36,061,014802,Manhattan,3428,453,2483,441,2975,3881,2042,2924,0.7243290548424738,0.05225129931191589,0.08595338736810164,0.6383756674743721,0.8102824422105754,0.1719067747362033,0.07213751673026486,proportion approximation,CV <= 30% diagnostic reference
36061014900,174054,0,Census Tract 149; New York County; New York,36,061,014900,Manhattan,3003,431,1870,423,2572,3434,1447,2293,0.6227106227106227,0.06618521435281266,0.10887467761037684,0.5138359451002459,0.7315853003209996,0.21774935522075367,0.10628566775481092,proportion approximation,CV <= 30% diagnostic reference
36061015700,182390,0,Census Tract 157; New York County; New York,36,061,015700,Manhattan,6442,880,4834,1024,5562,7322,3810,5858,0.7503880782365725,0.07385422058837046,0.12149019286786941,0.6288978853687031,0.8718782711044419,0.24298038573573888,0.09842136719699679,proportion approximation,CV <= 30% diagnostic reference
36061015801,125753,0,Census Tract 158.01; New York County; New York,36,061,015801,Manhattan,2526,329,1825,296,2197,2855,1529,2121,0.722486144101346,0.042451247779985234,0.06983230259807571,0.6526538415032703,0.7923184466994218,0.13966460519615143,0.05875717911903709,proportion approximation,CV <= 30% diagnostic reference
36061015900,175135,111869,Census Tract 159; New York County; New York,36,061,015900,Manhattan,5169,627,3597,479,4542,5796,3118,4076,0.6958792803250146,0.023245781464053386,0.03823931050836782,0.6576399698166467,0.7341185908333824,0.07647862101673564,0.033404905306558784,proportion approximation,CV <= 30% diagnostic reference
36061016001,125615,0,Census Tract 160.01; New York County; New York,36,061,016001,Manhattan,1534,183,913,162,1351,1717,751,1075,0.5951760104302477,0.04752300628756884,0.07817534534305075,0.517000665087197,0.6733513557732984,0.1563506906861014,0.07984697880080023,proportion approximation,CV <= 30% diagnostic reference
36061016100,155737,0,Census Tract 161; New York County; New York,36,061,016100,Manhattan,3627,675,3066,686,2952,4302,2380,3752,0.8453267162944582,0.06382570297495725,0.10499328139380468,0.7403334349006535,0.9503199976882629,0.2099865627876094,0.07550418287350619,proportion approximation,CV <= 30% diagnostic reference
36061016200,272018,832556,Census Tract 162; New York County; New York,36,061,016200,Manhattan,4596,911,3972,952,3685,5507,3020,4924,0.8642297650130548,0.07079005198271032,0.11644963551155849,0.7477801295014963,0.9806794005246133,0.23289927102311703,0.08191114776247146,proportion approximation,CV <= 30% diagnostic reference
36061016600,174220,0,Census Tract 166; New York County; New York,36,061,016600,Manhattan,2953,315,2446,370,2638,3268,2076,2816,0.8283101930240433,0.0540050200825991,0.08883825803587553,0.7394719349881678,0.9171484510599188,0.17767651607175106,0.06519902874240195,proportion approximation,CV <= 30% diagnostic reference
36061016700,196979,142852,Census Tract 167; New York County; New York,36,061,016700,Manhattan,3323,313,2151,313,3010,3636,1838,2464,0.6473066506169124,0.043644945455884425,0.07179593527492988,0.5755107153419825,0.7191025858918423,0.14359187054985978,0.06742545502087585,proportion approximation,CV <= 30% diagnostic reference
36061016800,199277,0,Census Tract 168; New York County; New York,36,061,016800,Manhattan,1864,194,1663,201,1670,2058,1462,1864,0.8921673819742489,0.03332918881329101,0.05482651559786371,0.8373408663763853,0.9469938975721126,0.10965303119572734,0.03735755138182468,proportion approximation,CV <= 30% diagnostic reference
36061017000,182917,0,Census Tract 170; New York County; New York,36,061,017000,Manhattan,3452,295,2844,371,3157,3747,2473,3215,0.8238702201622248,0.04936242127093424,0.08120118299068682,0.742669037171538,0.9050714031529116,0.1624023659813736,0.05991528770297644,proportion approximation,CV <= 30% diagnostic reference
36061017100,217834,195246,Census Tract 171; New York County; New York,36,061,017100,Manhattan,4208,752,3003,765,3456,4960,2238,3768,0.7136406844106464,0.07875894206872669,0.1295584597030554,0.584082224707591,0.8431991441137019,0.2591169194061109,0.11036218056117279,proportion approximation,CV <= 30% diagnostic reference
36061017300,178602,0,Census Tract 173; New York County; New York,36,061,017300,Manhattan,4590,570,3263,598,4020,5160,2665,3861,0.7108932461873638,0.05824522982188809,0.0958134030570059,0.6150798431303579,0.8067066492443697,0.19162680611401184,0.0819324562925119,proportion approximation,CV <= 30% diagnostic reference
36061017402,50730,0,Census Tract 174.02; New York County; New York,36,061,017402,Manhattan,1196,141,973,148,1055,1337,825,1121,0.8135451505016722,0.04753339999981766,0.07819244299970006,0.7353527075019721,0.8917375935013723,0.15638488599940015,0.05842748859175943,proportion approximation,CV <= 30% diagnostic reference
36061017500,216905,192617,Census Tract 175; New York County; New York,36,061,017500,Manhattan,4600,555,3344,548,4045,5155,2796,3892,0.7269565217391304,0.04900771465267005,0.08061769060364224,0.6463388311354882,0.8075742123427726,0.16123538120728442,0.06741491848154374,proportion approximation,CV <= 30% diagnostic reference
36061017700,174558,0,Census Tract 177; New York County; New York,36,061,017700,Manhattan,4794,701,3397,709,4093,5495,2688,4106,0.7085940759282436,0.06415198392205407,0.10553001355177893,0.6030640623764647,0.8141240894800226,0.21106002710355787,0.09053418043047606,proportion approximation,CV <= 30% diagnostic reference
36061017800,248850,209809,Census Tract 178; New York County; New York,36,061,017800,Manhattan,1865,333,1513,295,1532,2198,1218,1808,0.811260053619303,0.038628129935715176,0.06354327374425146,0.7477167798750515,0.8748033273635545,0.127086547488503,0.047614978407210046,proportion approximation,CV <= 30% diagnostic reference
36061018100,138438,0,Census Tract 181; New York County; New York,36,061,018100,Manhattan,4210,611,3049,695,3599,4821,2354,3744,0.7242280285035629,0.07738489020531521,0.1272981443877435,0.5969298841158195,0.8515261728913064,0.2545962887754869,0.10685155387483668,proportion approximation,CV <= 30% diagnostic reference
36061018200,176900,0,Census Tract 182; New York County; New York,36,061,018200,Manhattan,3074,338,2561,357,2736,3412,2204,2918,0.8331164606376057,0.043395752067857535,0.07138601215162564,0.76173044848598,0.9045024727892313,0.1427720243032513,0.052088458358685696,proportion approximation,CV <= 30% diagnostic reference
36061018300,224323,187255,Census Tract 183; New York County; New York,36,061,018300,Manhattan,3827,533,2713,464,3294,4360,2249,3177,0.708910373660831,0.04277818739405122,0.07037011826321425,0.6385402553976167,0.7792804919240452,0.14074023652642853,0.060343576541479545,proportion approximation,CV <= 30% diagnostic reference
36061018400,176581,0,Census Tract 184; New York County; New York,36,061,018400,Manhattan,3286,401,2615,415,2885,3687,2200,3030,0.795800365185636,0.04908197845648942,0.0807398545609251,0.7150605106247109,0.8765402197465612,0.16147970912185028,0.061676245203833364,proportion approximation,CV <= 30% diagnostic reference
36061018500,130395,0,Census Tract 185; New York County; New York,36,061,018500,Manhattan,2832,355,1969,418,2477,3187,1551,2387,0.695268361581921,0.07241343430028499,0.11912009942396881,0.5761482621579521,0.8143884610058898,0.23824019884793768,0.10415177548928749,proportion approximation,CV <= 30% diagnostic reference
36061018600,121738,0,Census Tract 186; New York County; New York,36,061,018600,Manhattan,1980,187,1467,270,1793,2167,1197,1737,0.740909090909091,0.07114949306116258,0.11704091608561244,0.6238681748234786,0.8579500069947034,0.2340818321712248,0.09602999063469796,proportion approximation,CV <= 30% diagnostic reference
36061018800,148532,0,Census Tract 188; New York County; New York,36,061,018800,Manhattan,2520,350,2250,357,2170,2870,1893,2607,0.8928571428571429,0.0416379033815257,0.06849435106260977,0.8243627917945331,0.9613514939197527,0.13698870212521963,0.04663445178730878,proportion approximation,CV <= 30% diagnostic reference
36061019200,189850,175645,Census Tract 192; New York County; New York,36,061,019200,Manhattan,1626,239,1387,234,1387,1865,1153,1621,0.8530135301353013,0.042942186076343654,0.07063989609558531,0.782373634039716,0.9236534262308866,0.1412797921911706,0.0503417408508542,proportion approximation,CV <= 30% diagnostic reference
36061019300,175714,0,Census Tract 193; New York County; New York,36,061,019300,Manhattan,4112,434,3269,461,3678,4546,2808,3730,0.7949902723735408,0.04519976647323524,0.07435361584847197,0.7206366565250688,0.8693438882220128,0.148707231696944,0.056855747854984186,proportion approximation,CV <= 30% diagnostic reference
36061019400,175057,0,Census Tract 194; New York County; New York,36,061,019400,Manhattan,2845,328,2245,448,2517,3173,1797,2693,0.789103690685413,0.07813377358674138,0.12853005755018956,0.6605736331352234,0.9176337482356025,0.25706011510037907,0.09901585116003529,proportion approximation,CV <= 30% diagnostic reference
36061019500,218436,169837,Census Tract 195; New York County; New York,36,061,019500,Manhattan,3246,332,2370,296,2914,3578,2074,2666,0.7301293900184843,0.03181337272031926,0.05233299812492519,0.6777963918935591,0.7824623881434095,0.1046659962498504,0.04357223959922207,proportion approximation,CV <= 30% diagnostic reference
36061019600,177186,0,Census Tract 196; New York County; New York,36,061,019600,Manhattan,1841,271,1450,301,1570,2112,1149,1751,0.7876154263986963,0.07007978653833283,0.1152812488555575,0.6723341775431388,0.9028966752542538,0.23056249771111492,0.08897716346004879,proportion approximation,CV <= 30% diagnostic reference
36061019701,235976,0,Census Tract 197.01; New York County; New York,36,061,019701,Manhattan,515,67,414,76,448,582,338,490,0.8038834951456311,0.06329243386048658,0.10411605370050042,0.6997674414451307,0.9079995488461314,0.20823210740100073,0.0787333416380449,proportion approximation,CV <= 30% diagnostic reference
36061019702,47397,0,Census Tract 197.02; New York County; New York,36,061,019702,Manhattan,1173,136,976,133,1037,1309,843,1109,0.8320545609548167,0.036217752328996974,0.05957820258120002,0.7724763583736166,0.8916327635360167,0.11915640516240011,0.04352809782982936,proportion approximation,CV <= 30% diagnostic reference
36061020000,129294,0,Census Tract 200; New York County; New York,36,061,020000,Manhattan,1651,264,1272,265,1387,1915,1007,1537,0.7704421562689279,0.06254546661532465,0.10288729258220905,0.6675548636867188,0.873329448851137,0.20577458516441816,0.08118126209268946,proportion approximation,CV <= 30% diagnostic reference
36061020102,83350,0,Census Tract 201.02; New York County; New York,36,061,020102,Manhattan,1609,190,1186,213,1419,1799,973,1399,0.7371037911746426,0.060633057706897996,0.0997413799278472,0.6373624112467955,0.8368451711024898,0.1994827598556943,0.08225850746239366,proportion approximation,CV <= 30% diagnostic reference
36061020300,178225,0,Census Tract 203; New York County; New York,36,061,020300,Manhattan,466,141,416,146,325,607,270,562,0.8927038626609443,0.09650243672208562,0.15874650840783086,0.7339573542531134,1.0,0.26604264574688663,0.10810128728964398,proportion approximation,CV <= 30% diagnostic reference
36061022700,150708,0,Census Tract 227; New York County; New York,36,061,022700,Manhattan,2389,199,1894,257,2190,2588,1637,2151,0.7928003348681457,0.05162352574575009,0.0849206998517589,0.7078796350163868,0.8777210347199046,0.16984139970351775,0.06511541869408498,proportion approximation,CV <= 30% diagnostic reference
36061020600,148748,0,Census Tract 206; New York County; New York,36,061,020600,Manhattan,1786,206,1470,236,1580,1992,1234,1706,0.8230683090705487,0.055874889588551066,0.0919141933731665,0.7311541156973822,0.9149825024437153,0.18382838674633306,0.06788609034364096,proportion approximation,CV <= 30% diagnostic reference
36061020901,115806,0,Census Tract 209.01; New York County; New York,36,061,020901,Manhattan,1440,143,1243,162,1297,1583,1081,1405,0.8631944444444445,0.04429075595562063,0.07285829354699594,0.7903361508974486,0.9360527379914404,0.14571658709399182,0.05131028847634248,proportion approximation,CV <= 30% diagnostic reference
36061021000,203714,116287,Census Tract 210; New York County; New York,36,061,021000,Manhattan,3322,499,2542,480,2823,3821,2062,3022,0.7652016857314871,0.05322597331574122,0.08755672610439431,0.6776449596270927,0.8527584118358814,0.1751134522087887,0.06955809730719605,proportion approximation,CV <= 30% diagnostic reference
36061021100,347995,304929,Census Tract 211; New York County; New York,36,061,021100,Manhattan,4189,628,3261,653,3561,4817,2608,3914,0.7784674146574362,0.06282283281262308,0.10334355997676496,0.6751238546806713,0.8818109746342011,0.20668711995352984,0.08070065828030605,proportion approximation,CV <= 30% diagnostic reference
36061021200,176396,0,Census Tract 212; New York County; New York,36,061,021200,Manhattan,2678,280,2043,333,2398,2958,1710,2376,0.7628827483196415,0.05798962643241025,0.09539293548131486,0.6674898128383266,0.8582756838009564,0.19078587096262978,0.07601381281742273,proportion approximation,CV <= 30% diagnostic reference
36061021400,135576,0,Census Tract 214; New York County; New York,36,061,021400,Manhattan,2113,232,1706,264,1881,2345,1442,1970,0.807382867960246,0.05352230482162877,0.08804419143157934,0.7193386765286667,0.8954270593918254,0.17608838286315875,0.06629110790627292,proportion approximation,CV <= 30% diagnostic reference
36061021703,313863,0,Census Tract 217.03; New York County; New York,36,061,021703,Manhattan,0,14,0,14,0,14,0,14,,,,,,,,not calculated,CV unavailable
36061021800,181869,0,Census Tract 218; New York County; New York,36,061,021800,Manhattan,2971,661,2378,653,2310,3632,1725,3031,0.8004039044092898,0.07831518964243211,0.12882848696180083,0.6715754174474889,0.9292323913710906,0.25765697392360165,0.0978445872277821,proportion approximation,CV <= 30% diagnostic reference
36061021900,279413,189776,Census Tract 219; New York County; New York,36,061,021900,Manhattan,2052,198,1850,215,1854,2250,1635,2065,0.9015594541910331,0.03549998666134008,0.05839747805790443,0.8431619761331287,0.9599569322489375,0.11679495611580881,0.039376201421118834,proportion approximation,CV <= 30% diagnostic reference
36061022102,99000,0,Census Tract 221.02; New York County; New York,36,061,022102,Manhattan,1138,182,797,179,956,1320,618,976,0.7003514938488576,0.06713314927835544,0.1104340305628947,0.589917463285963,0.8107855244117523,0.22086806112578938,0.09585636622179233,proportion approximation,CV <= 30% diagnostic reference
36061022302,60089,97199,Census Tract 223.02; New York County; New York,36,061,022302,Manhattan,1294,156,1006,152,1138,1450,854,1158,0.7774343122102009,0.0430443251262821,0.07080791483273405,0.7066263973774668,0.848242227042935,0.14161582966546815,0.05536715379066505,proportion approximation,CV <= 30% diagnostic reference
36061022400,194691,0,Census Tract 224; New York County; New York,36,061,022400,Manhattan,2766,273,2528,285,2493,3039,2243,2813,0.9139551699204628,0.030270124136785835,0.0497943542050127,0.8641608157154501,0.9637495241254754,0.09958870841002532,0.03311992221611931,proportion approximation,CV <= 30% diagnostic reference
36061022600,152983,0,Census Tract 226; New York County; New York,36,061,022600,Manhattan,2210,251,1339,251,1959,2461,1088,1590,0.6058823529411764,0.05492693291900923,0.09035480465177018,0.5155275482894063,0.6962371575929466,0.1807096093035403,0.09065610287603465,proportion approximation,CV <= 30% diagnostic reference
36061022800,180633,0,Census Tract 228; New York County; New York,36,061,022800,Manhattan,2789,416,1999,436,2373,3205,1563,2435,0.7167443528146289,0.0693364088147702,0.11405839250029698,0.602685960314332,0.8308027453149258,0.22811678500059385,0.09673799108774091,proportion approximation,CV <= 30% diagnostic reference
36061022900,211053,136745,Census Tract 229; New York County; New York,36,061,022900,Manhattan,2976,228,2319,333,2748,3204,1986,2652,0.7792338709677419,0.05753121745740199,0.09463885271742627,0.6845950182503157,0.8738727236851681,0.18927770543485245,0.0738304886387358,proportion approximation,CV <= 30% diagnostic reference
36061023000,173688,0,Census Tract 230; New York County; New York,36,061,023000,Manhattan,3909,430,3351,505,3479,4339,2846,3856,0.8572524942440521,0.053679315881532526,0.088302474625121,0.7689500196189312,0.9455549688691731,0.17660494925024195,0.06261785908114313,proportion approximation,CV <= 30% diagnostic reference
36047152200,389861,0,Census Tract 1522; Kings County; New York,36,047,152200,Brooklyn,1417,538,348,134,879,1955,214,482,0.2455892731122089,0.009577987685973533,0.015755789743426462,0.22983348336878245,0.26134506285563536,0.0315115794868529,0.03900002457190947,proportion approximation,CV <= 30% diagnostic reference
36005009302,1763432,1577185,Census Tract 93.02; Bronx County; New York,36,005,009302,Bronx,0,14,0,14,0,14,0,14,,,,,,,,not calculated,CV unavailable
36005009301,570768,0,Census Tract 93.01; Bronx County; New York,36,005,009301,Bronx,1912,273,1309,314,1639,2185,995,1623,0.6846234309623431,0.0802216703006814,0.1319646476446209,0.5526587833177222,0.816588078606964,0.2639292952892418,0.11717634347968131,proportion approximation,CV <= 30% diagnostic reference
36005011701,221690,0,Census Tract 117.01; Bronx County; New York,36,005,011701,Bronx,474,38,320,65,436,512,255,385,0.6751054852320675,0.07659483929087502,0.1259985106334894,0.549106974598578,0.8011039958655569,0.25199702126697887,0.11345610569960862,proportion approximation,CV <= 30% diagnostic reference
36005051601,1071353,4429207,Census Tract 516.01; Bronx County; New York,36,005,051601,Bronx,1949,295,207,128,1654,2244,79,335,0.10620831195484864,0.038709326328784946,0.06367684181085123,0.04253147014399741,0.16988515376569988,0.12735368362170246,0.3644660725352747,proportion approximation,CV > 30% diagnostic reference
36005001902,469741,0,Census Tract 19.02; Bronx County; New York,36,005,001902,Bronx,624,78,337,104,546,702,233,441,0.5400641025641025,0.09263377784986077,0.15238256456302096,0.38768153800108157,0.6924466671271234,0.30476512912604187,0.17152367174573627,proportion approximation,CV <= 30% diagnostic reference
36047150200,319296,0,Census Tract 1502; Kings County; New York,36,047,150200,Brooklyn,1082,135,285,117,947,1217,168,402,0.2634011090573013,0.06262491022936198,0.10301797732730045,0.16038313173000085,0.36641908638460174,0.2060359546546009,0.23775492234445494,proportion approximation,CV <= 30% diagnostic reference
36005002001,199398,0,Census Tract 20.01; Bronx County; New York,36,005,002001,Bronx,1729,201,1328,193,1528,1930,1135,1521,0.768074031231926,0.040722389132282766,0.06698833012260515,0.7010857011093208,0.8350623613545312,0.13397666024521038,0.053018833441051884,proportion approximation,CV <= 30% diagnostic reference
36005002002,204892,0,Census Tract 20.02; Bronx County; New York,36,005,002002,Bronx,1808,466,1103,405,1342,2274,698,1508,0.610066371681416,0.09698552178671138,0.15954118333914022,0.45052518834227573,0.7696075550205562,0.3190823666782805,0.15897536118800923,proportion approximation,CV <= 30% diagnostic reference
36005018501,184081,0,Census Tract 185.01; Bronx County; New York,36,005,018501,Bronx,1466,228,977,256,1238,1694,721,1233,0.6664392905866303,0.08543336288180763,0.14053788194057354,0.5259014086460567,0.8069771725272039,0.2810757638811472,0.1281937666169191,proportion approximation,CV <= 30% diagnostic reference
36005001903,908739,0,Census Tract 19.03; Bronx County; New York,36,005,001903,Bronx,0,14,0,14,0,14,0,14,,,,,,,,not calculated,CV unavailable
36005051602,469480,3380062,Census Tract 516.02; Bronx County; New York,36,005,051602,Bronx,0,14,0,14,0,14,0,14,,,,,,,,not calculated,CV unavailable
36005046208,485072,0,Census Tract 462.08; Bronx County; New York,36,005,046208,Bronx,1403,295,221,111,1108,1698,110,332,0.15751960085531005,0.04367768224500396,0.07184978729303151,0.08566981356227854,0.22936938814834157,0.14369957458606303,0.2772841094558396,proportion approximation,CV <= 30% diagnostic reference
36005046207,188169,0,Census Tract 462.07; Bronx County; New York,36,005,046207,Bronx,2913,348,1273,354,2565,3261,919,1627,0.4370065224854102,0.06671046800145619,0.10973871986239545,0.3272678026230148,0.5467452423478056,0.21947743972479083,0.15265325474331648,proportion approximation,CV <= 30% diagnostic reference
36005043101,102989,0,Census Tract 431.01; Bronx County; New York,36,005,043101,Bronx,1833,275,1364,178,1558,2108,1186,1542,0.7441352973267867,0.08994843958408749,0.14796518311582393,0.5961701142109628,0.8921004804426107,0.2959303662316479,0.12087645876659264,alternative ratio approximation,CV <= 30% diagnostic reference
36005046203,773906,134333,Census Tract 462.03; Bronx County; New York,36,005,046203,Bronx,3104,662,1347,403,2442,3766,944,1750,0.4339561855670103,0.055351680755951704,0.09105351484354056,0.34290267072346975,0.5250097004105508,0.1821070296870811,0.12755131185335863,proportion approximation,CV <= 30% diagnostic reference
36005046209,462184,14970,Census Tract 462.09; Bronx County; New York,36,005,046209,Bronx,1410,425,974,410,985,1835,564,1384,0.6907801418439716,0.12339088997654855,0.20297801401142238,0.4878021278325493,0.893758155855394,0.4059560280228447,0.17862541567446968,proportion approximation,CV <= 30% diagnostic reference
36005048402,189931,0,Census Tract 484.02; Bronx County; New York,36,005,048402,Bronx,0,14,0,14,0,14,0,14,,,,,,,,not calculated,CV unavailable
36005048401,504791,0,Census Tract 484.01; Bronx County; New York,36,005,048401,Bronx,1251,193,353,130,1058,1444,223,483,0.2821742605915268,0.05736103837942231,0.0943589081341497,0.18781535245737707,0.3765331687256765,0.18871781626829942,0.20328232014917083,proportion approximation,CV <= 30% diagnostic reference
36005001904,82079,1138170,Census Tract 19.04; Bronx County; New York,36,005,001904,Bronx,0,14,0,14,0,14,0,14,,,,,,,,not calculated,CV unavailable
36005046205,874547,0,Census Tract 462.05; Bronx County; New York,36,005,046205,Bronx,1840,189,872,260,1651,2029,612,1132,0.47391304347826085,0.0806411398536805,0.13265467505930442,0.3412583684189564,0.6065677185375653,0.2653093501186089,0.1701602033609772,proportion approximation,CV <= 30% diagnostic reference
36005006301,782166,9963,Census Tract 63.01; Bronx County; New York,36,005,006301,Bronx,3045,275,2240,350,2770,3320,1890,2590,0.735632183908046,0.057019815531623275,0.09379759654952029,0.6418345873585257,0.8294297804575662,0.1875951930990405,0.07751131173830039,proportion approximation,CV <= 30% diagnostic reference
36005030202,182914,126090,Census Tract 302.02; Bronx County; New York,36,005,030202,Bronx,2683,269,1262,297,2414,2952,965,1559,0.4703689899366381,0.06088075915588004,0.10014884881142266,0.37022014112521545,0.5705178387480607,0.20029769762284527,0.1294319150675326,proportion approximation,CV <= 30% diagnostic reference
36005043102,111588,0,Census Tract 431.02; Bronx County; New York,36,005,043102,Bronx,1692,238,1141,250,1454,1930,891,1391,0.6743498817966903,0.0688669433798576,0.11328612185986575,0.5610637599368246,0.7876360036565561,0.2265722437197315,0.10212346029686158,proportion approximation,CV <= 30% diagnostic reference
36005030201,221596,0,Census Tract 302.01; Bronx County; New York,36,005,030201,Bronx,1686,184,847,233,1502,1870,614,1080,0.5023724792408066,0.07711625081288993,0.12685623258720394,0.3755162466536027,0.6292287118280105,0.2537124651744078,0.15350413089791315,proportion approximation,CV <= 30% diagnostic reference
36005038303,76304,0,Census Tract 383.03; Bronx County; New York,36,005,038303,Bronx,1237,121,974,155,1116,1358,819,1129,0.7873888439773646,0.060083308849409774,0.09883704305727908,0.6885518009200855,0.8862258870346438,0.19767408611455828,0.0763070359822586,proportion approximation,CV <= 30% diagnostic reference
36005011702,1136797,431176,Census Tract 117.02; Bronx County; New York,36,005,011702,Bronx,0,14,0,14,0,14,0,14,,,,,,,,not calculated,CV unavailable
36005018502,227602,0,Census Tract 185.02; Bronx County; New York,36,005,018502,Bronx,2106,232,1395,347,1874,2338,1048,1742,0.6623931623931624,0.08980438564819851,0.14772821439128656,0.5146649480018758,0.810121376784449,0.29545642878257317,0.13557565317211903,proportion approximation,CV <= 30% diagnostic reference
36005006302,262936,0,Census Tract 63.02; Bronx County; New York,36,005,006302,Bronx,0,14,0,14,0,14,0,14,,,,,,,,not calculated,CV unavailable
36005046204,136713,0,Census Tract 462.04; Bronx County; New York,36,005,046204,Bronx,2450,288,941,285,2162,2738,656,1226,0.3840816326530612,0.06517163188999932,0.10720733445904887,0.2768742981940123,0.4912889671121101,0.2144146689180978,0.16968171958607686,proportion approximation,CV <= 30% diagnostic reference
36005046206,69361,0,Census Tract 462.06; Bronx County; New York,36,005,046206,Bronx,2040,308,995,331,1732,2348,664,1326,0.4877450980392157,0.08789149229536233,0.14458150482587104,0.34316359321334466,0.6323266028650867,0.289163009651742,0.18019964249501425,proportion approximation,CV <= 30% diagnostic reference
36005038304,69385,0,Census Tract 383.04; Bronx County; New York,36,005,038304,Bronx,844,222,714,226,622,1066,488,940,0.8459715639810427,0.09055016143227877,0.14895501555609858,0.6970165484249441,0.9949265795371413,0.29791003111219716,0.10703688550258163,proportion approximation,CV <= 30% diagnostic reference
36005001901,205007,0,Census Tract 19.01; Bronx County; New York,36,005,001901,Bronx,1149,117,855,163,1032,1266,692,1018,0.7441253263707572,0.07290648764463735,0.11993117217542845,0.6241941541953288,0.8640564985461857,0.23986234435085696,0.0979760869048986,proportion approximation,CV <= 30% diagnostic reference
36085012805,1006608,344653,Census Tract 128.05; Richmond County; New York,36,085,012805,Staten Island,771,124,37,39,647,895,0,76,0.04798962386511025,0.030389885144546033,0.049991361062778225,0.0,0.09798098492788848,0.09798098492788848,0.6332594985525674,proportion approximation,CV > 30% diagnostic reference
36085990100,0,81772671,Census Tract 9901; Richmond County; New York,36,085,990100,Staten Island,0,14,0,14,0,14,0,14,,,,,,,,not calculated,CV unavailable
36085019800,5586388,4546063,Census Tract 198; Richmond County; New York,36,085,019800,Staten Island,2506,390,86,84,2116,2896,2,170,0.034317637669592976,0.020116318117061344,0.03309134330256591,0.0012262943670270643,0.06740898097215889,0.06618268660513182,0.5861801535041364,proportion approximation,CV > 30% diagnostic reference
36085014607,683480,0,Census Tract 146.07; Richmond County; New York,36,085,014607,Staten Island,1676,173,44,36,1503,1849,8,80,0.026252983293556086,0.012953245117357825,0.021308088218053623,0.004944895075502463,0.04756107151160971,0.042616176436107246,0.49340088219753897,proportion approximation,CV > 30% diagnostic reference
36005006100,242785,0,Census Tract 61; Bronx County; New York,36,005,006100,Bronx,1875,345,1081,371,1530,2220,710,1452,0.5765333333333333,0.10153576992765305,0.16702634153098928,0.40950699180234407,0.7435596748643226,0.33405268306197855,0.17611430954148888,proportion approximation,CV <= 30% diagnostic reference
36005006400,167185,0,Census Tract 64; Bronx County; New York,36,005,006400,Bronx,1574,222,974,241,1352,1796,733,1215,0.6188055908513341,0.07647563647629695,0.12580242200350847,0.4930031688478257,0.7446080128548426,0.2516048440070169,0.12358588481898501,proportion approximation,CV <= 30% diagnostic reference
36005006700,212429,0,Census Tract 67; Bronx County; New York,36,005,006700,Bronx,2640,454,2194,580,2186,3094,1614,2774,0.831060606060606,0.10143312255749218,0.16685748660707464,0.6642031194535314,0.9979180926676807,0.33371497321414934,0.12205261784493134,proportion approximation,CV <= 30% diagnostic reference
36005006800,154374,0,Census Tract 68; Bronx County; New York,36,005,006800,Bronx,893,177,728,175,716,1070,553,903,0.8152295632698768,0.06740299652487425,0.11087792928341814,0.7043516339864587,0.9261074925532949,0.22175585856683622,0.08267977458339656,proportion approximation,CV <= 30% diagnostic reference
36005007000,204891,0,Census Tract 70; Bronx County; New York,36,005,007000,Bronx,1447,151,814,170,1296,1598,644,984,0.5625431928127159,0.06186434287237787,0.10176684402506159,0.46077634878765433,0.6643100368377775,0.20353368805012312,0.10997260950409186,proportion approximation,CV <= 30% diagnostic reference
36005007100,264262,0,Census Tract 71; Bronx County; New York,36,005,007100,Bronx,1530,150,1132,224,1380,1680,908,1356,0.7398692810457517,0.0773088580517549,0.12717307149513682,0.6126962095506149,0.8670423525408885,0.2543461429902736,0.1044898876494567,proportion approximation,CV <= 30% diagnostic reference
36005007300,140161,0,Census Tract 73; Bronx County; New York,36,005,007300,Bronx,1602,241,1220,280,1361,1843,940,1500,0.7615480649188514,0.08024189052318421,0.13199790991063803,0.6295501550082134,0.8935459748294894,0.26399581982127596,0.10536681034273862,proportion approximation,CV <= 30% diagnostic reference
36005007500,227622,0,Census Tract 75; Bronx County; New York,36,005,007500,Bronx,2430,218,1851,263,2212,2648,1588,2114,0.7617283950617284,0.05102040615580397,0.08392856812629754,0.6777998269354308,0.845656963188026,0.16785713625259513,0.06697978765996955,proportion approximation,CV <= 30% diagnostic reference
36005007700,112816,0,Census Tract 77; Bronx County; New York,36,005,007700,Bronx,601,71,360,74,530,672,286,434,0.5990016638935108,0.06125355681453614,0.10076210095991195,0.4982395629335989,0.6997637648534227,0.20152420191982384,0.1022594101264895,proportion approximation,CV <= 30% diagnostic reference
36005007800,311879,0,Census Tract 78; Bronx County; New York,36,005,007800,Bronx,1932,211,937,282,1721,2143,655,1219,0.4849896480331263,0.08268278381352284,0.13601317937324509,0.3489764686598812,0.6210028274063714,0.27202635874649017,0.17048360547249322,proportion approximation,CV <= 30% diagnostic reference
36005007900,197934,0,Census Tract 79; Bronx County; New York,36,005,007900,Bronx,2225,239,1583,375,1986,2464,1208,1958,0.7114606741573034,0.0913173754111406,0.1502170825513263,0.5612435916059771,0.8616777567086297,0.30043416510265253,0.12835196480719382,proportion approximation,CV <= 30% diagnostic reference
36005008400,156789,0,Census Tract 84; Bronx County; New York,36,005,008400,Bronx,1023,345,461,347,678,1368,114,808,0.4506353861192571,0.18434547955893527,0.3032483138744485,0.14738707224480857,0.7538836999937055,0.606496627748897,0.4090790142923878,proportion approximation,CV > 30% diagnostic reference
36005019700,148088,0,Census Tract 197; Bronx County; New York,36,005,019700,Bronx,2528,397,2088,461,2131,2925,1627,2549,0.8259493670886076,0.07792098947598732,0.12818002768799913,0.6977693394006084,0.9541293947766067,0.2563600553759984,0.09434112135790036,proportion approximation,CV <= 30% diagnostic reference
36047114400,429912,0,Census Tract 1144; Kings County; New York,36,047,114400,Brooklyn,797,189,537,182,608,986,355,719,0.6737766624843162,0.09917820334737937,0.16314814450643905,0.5106285179778771,0.8369248069907553,0.3262962890128782,0.14719744519154815,proportion approximation,CV <= 30% diagnostic reference
36005019900,177088,0,Census Tract 199; Bronx County; New York,36,005,019900,Bronx,3185,401,2160,488,2784,3586,1672,2648,0.6781789638932496,0.0773382739932837,0.12722146071895168,0.5509575031742979,0.8054004246122013,0.25444292143790337,0.11403814938361509,proportion approximation,CV <= 30% diagnostic reference
36005020100,281809,0,Census Tract 201; Bronx County; New York,36,005,020100,Bronx,1406,213,1054,241,1193,1619,813,1295,0.7496443812233285,0.07804741530420427,0.12838799817541602,0.6212563830479125,0.8780323793987446,0.25677599635083204,0.10411258625968806,proportion approximation,CV <= 30% diagnostic reference
36047015200,268135,0,Census Tract 152; Kings County; New York,36,047,015200,Brooklyn,883,140,229,86,743,1023,143,315,0.25934314835787087,0.05367152791679589,0.08828966342312924,0.17105348493474162,0.34763281178100014,0.17657932684625852,0.20695178668354053,proportion approximation,CV <= 30% diagnostic reference
36005021200,101019,0,Census Tract 212; Bronx County; New York,36,005,021200,Bronx,2325,360,1628,248,1965,2685,1380,1876,0.7002150537634408,0.09245870855978609,0.15209457558084813,0.5481204781825927,0.852309629344289,0.3041891511616963,0.1320433030721761,alternative ratio approximation,CV <= 30% diagnostic reference
36005021301,62053,0,Census Tract 213.01; Bronx County; New York,36,005,021301,Bronx,447,75,237,73,372,522,164,310,0.5302013422818792,0.08325515129389635,0.1369547238784595,0.3932466184034197,0.6671560661603387,0.27390944775691906,0.15702553851633616,proportion approximation,CV <= 30% diagnostic reference
36005021302,169266,0,Census Tract 213.02; Bronx County; New York,36,005,021302,Bronx,2324,372,1759,343,1952,2696,1416,2102,0.7568846815834768,0.05123976749595207,0.08428941753084115,0.6725952640526356,0.841174099114318,0.16857883506168236,0.0676982488121618,proportion approximation,CV <= 30% diagnostic reference
36005021501,91954,0,Census Tract 215.01; Bronx County; New York,36,005,021501,Bronx,1348,170,924,180,1178,1518,744,1104,0.685459940652819,0.06186822277039178,0.10177322645729447,0.5836867141955245,0.7872331671101135,0.20354645291458895,0.09025797001567978,proportion approximation,CV <= 30% diagnostic reference
36005021502,155727,0,Census Tract 215.02; Bronx County; New York,36,005,021502,Bronx,2322,254,1716,280,2068,2576,1436,1996,0.7390180878552972,0.054392173146178086,0.08947512482546295,0.6495429630298343,0.8284932126807601,0.17895024965092587,0.07360059792856964,proportion approximation,CV <= 30% diagnostic reference
36005021602,165492,0,Census Tract 216.02; Bronx County; New York,36,005,021602,Bronx,2345,294,1789,317,2051,2639,1472,2106,0.7628997867803838,0.0580717104500703,0.09552796369036565,0.6673718230900182,0.8584277504707495,0.1910559273807313,0.07611970989682217,proportion approximation,CV <= 30% diagnostic reference
36005021800,299889,0,Census Tract 218; Bronx County; New York,36,005,021800,Bronx,2329,339,1593,318,1990,2668,1275,1911,0.6839845427221983,0.056802863535177835,0.09344071051536754,0.5905438322068308,0.7774252532375658,0.18688142103073502,0.08304699885337677,proportion approximation,CV <= 30% diagnostic reference
36005021900,142939,0,Census Tract 219; Bronx County; New York,36,005,021900,Bronx,489,73,384,72,416,562,312,456,0.7852760736196319,0.05415686610830248,0.08908804474815758,0.6961880288714744,0.8743641183677895,0.17817608949631514,0.06896538418479144,proportion approximation,CV <= 30% diagnostic reference
36005022000,228610,0,Census Tract 220; Bronx County; New York,36,005,022000,Bronx,650,78,501,84,572,728,417,585,0.7707692307692308,0.05486558687399082,0.09025389040771489,0.6805153403615158,0.8610231211769457,0.18050778081542984,0.07118289714190426,proportion approximation,CV <= 30% diagnostic reference
36047056100,338520,25811,Census Tract 561; Kings County; New York,36,047,056100,Brooklyn,1761,222,1132,245,1539,1983,887,1377,0.6428165814877911,0.06874675554686328,0.1130884128745901,0.5297281686132009,0.7559049943623812,0.2261768257491803,0.10694614533394543,proportion approximation,CV <= 30% diagnostic reference
36005022300,92765,0,Census Tract 223; Bronx County; New York,36,005,022300,Bronx,2103,443,1831,446,1660,2546,1385,2277,0.8706609605325725,0.06473325735351368,0.10648620834653,0.7641747521860425,0.9771471688791025,0.21297241669306,0.07434955773590349,proportion approximation,CV <= 30% diagnostic reference
36005022401,85053,0,Census Tract 224.01; Bronx County; New York,36,005,022401,Bronx,965,111,617,131,854,1076,486,748,0.6393782383419689,0.06936364168333492,0.11410319056908595,0.525275047772883,0.7534814289110549,0.22820638113817182,0.10848608464249303,proportion approximation,CV <= 30% diagnostic reference
36005022500,180022,0,Census Tract 225; Bronx County; New York,36,005,022500,Bronx,2225,242,1672,226,1983,2467,1446,1898,0.7514606741573033,0.036661007173290905,0.06030735680006354,0.6911533173572398,0.8117680309573668,0.12061471360012699,0.048786328325701116,proportion approximation,CV <= 30% diagnostic reference
36005022702,47372,0,Census Tract 227.02; Bronx County; New York,36,005,022702,Bronx,545,68,437,77,477,613,360,514,0.8018348623853211,0.060644781853868096,0.09976066614961301,0.7020741962357081,0.9015955285349341,0.19952133229922597,0.07563250826168905,proportion approximation,CV <= 30% diagnostic reference
36047092400,251687,0,Census Tract 924; Kings County; New York,36,047,092400,Brooklyn,1061,149,796,153,912,1210,643,949,0.7502356267672008,0.05985391645794782,0.09845969257332417,0.6517759341938766,0.848695319340525,0.19691938514664842,0.0797801574898023,proportion approximation,CV <= 30% diagnostic reference
36005036901,98732,0,Census Tract 369.01; Bronx County; New York,36,005,036901,Bronx,763,104,614,123,659,867,491,737,0.8047182175622543,0.07181542036773553,0.11813636650492494,0.6865818510573293,0.9228545840671792,0.23627273300984997,0.08924294094557363,proportion approximation,CV <= 30% diagnostic reference
36047000501,83724,0,Census Tract 5.01; Kings County; New York,36,047,000501,Brooklyn,1958,277,1465,305,1681,2235,1160,1770,0.7482124616956077,0.06947236044552611,0.11428203293289046,0.6339304287627172,0.8624944946284983,0.22856406586578104,0.09285111382412296,proportion approximation,CV <= 30% diagnostic reference
36005036400,203683,0,Census Tract 364; Bronx County; New York,36,005,036400,Bronx,857,150,395,145,707,1007,250,540,0.46091015169194866,0.09040969857946073,0.1487239541632129,0.3121861975287358,0.6096341058551615,0.29744790832642576,0.19615471312050087,proportion approximation,CV <= 30% diagnostic reference
36005007200,213050,0,Census Tract 72; Bronx County; New York,36,005,007200,Bronx,1625,241,876,239,1384,1866,637,1115,0.5390769230769231,0.07504518772267936,0.12344933380380754,0.4156275892731156,0.6625262568807306,0.24689866760761503,0.13921053658602048,proportion approximation,CV <= 30% diagnostic reference
36005012101,115615,0,Census Tract 121.01; Bronx County; New York,36,005,012101,Bronx,1057,105,783,147,952,1162,636,930,0.7407757805108799,0.071738216966165,0.11800936690934144,0.6227664136015385,0.8587851474202213,0.23601873381868277,0.09684201191984215,proportion approximation,CV <= 30% diagnostic reference
36005000200,448105,852406,Census Tract 2; Bronx County; New York,36,005,000200,Bronx,1416,197,378,141,1219,1613,237,519,0.2669491525423729,0.05616481809111114,0.09239112575987782,0.17455802678249507,0.3593402783022507,0.1847822515197556,0.21039519157940045,proportion approximation,CV <= 30% diagnostic reference
36047035601,67890,0,Census Tract 356.01; Kings County; New York,36,047,035601,Brooklyn,1397,175,862,196,1222,1572,666,1058,0.6170365068002863,0.0711784366639508,0.11708852831219907,0.49994797848808725,0.7341250351124854,0.23417705662439814,0.11535530860735413,proportion approximation,CV <= 30% diagnostic reference
36005005400,196516,0,Census Tract 54; Bronx County; New York,36,005,005400,Bronx,1756,209,1258,216,1547,1965,1042,1474,0.7164009111617312,0.053895721788501744,0.08865846234208537,0.6277424488196458,0.8050593735038166,0.17731692468417082,0.07523123009587365,proportion approximation,CV <= 30% diagnostic reference
36047050801,78240,0,Census Tract 508.01; Kings County; New York,36,047,050801,Brooklyn,1424,153,1129,186,1271,1577,943,1315,0.7928370786516854,0.06019310361760343,0.09901765545095764,0.6938194232007278,0.891854734102643,0.19803531090191528,0.07592115106418715,proportion approximation,CV <= 30% diagnostic reference
36005002701,81584,0,Census Tract 27.01; Bronx County; New York,36,005,002701,Bronx,1197,114,1036,139,1083,1311,897,1175,0.8654970760233918,0.04972286479488338,0.08179411258758316,0.7837029634358086,0.9472911886109749,0.16358822517516636,0.0574500667562504,proportion approximation,CV <= 30% diagnostic reference
36005006200,194004,0,Census Tract 62; Bronx County; New York,36,005,006200,Bronx,2544,366,1729,332,2178,2910,1397,2061,0.6796383647798742,0.05254228925186805,0.08643206581932295,0.5932062989605512,0.7660704305991971,0.1728641316386459,0.0773091867303368,proportion approximation,CV <= 30% diagnostic reference
36005028700,155302,0,Census Tract 287; Bronx County; New York,36,005,028700,Bronx,1244,129,611,157,1115,1373,454,768,0.49115755627009644,0.07019589281762408,0.11547224368499161,0.37568531258510485,0.606629799955088,0.2309444873699832,0.14291929732426245,proportion approximation,CV <= 30% diagnostic reference
36047051001,76942,0,Census Tract 510.01; Kings County; New York,36,047,051001,Brooklyn,1580,223,1240,225,1357,1803,1015,1465,0.7848101265822784,0.054405636968713575,0.08949727281353383,0.6953128537687446,0.8743073993958123,0.17899454562706762,0.06932331162142537,proportion approximation,CV <= 30% diagnostic reference
36005023100,117143,0,Census Tract 231; Bronx County; New York,36,005,023100,Bronx,404,92,222,111,312,496,111,333,0.5495049504950495,0.148694309927044,0.24460213982998738,0.3049028106650622,0.7941070903250369,0.4892042796599747,0.2705968522996656,proportion approximation,CV <= 30% diagnostic reference
36005024100,134661,0,Census Tract 241; Bronx County; New York,36,005,024100,Bronx,2309,509,2016,521,1800,2818,1495,2537,0.8731052403637939,0.07158971197906609,0.11776507620556372,0.7553401641582301,0.9908703165693576,0.2355301524111275,0.08199436753951568,proportion approximation,CV <= 30% diagnostic reference
36047051602,91134,0,Census Tract 516.02; Kings County; New York,36,047,051602,Brooklyn,1423,211,926,233,1212,1634,693,1159,0.6507378777231202,0.08041784747263137,0.1322873590924786,0.5184505186306416,0.7830252368155988,0.26457471818495715,0.12357947835157065,proportion approximation,CV <= 30% diagnostic reference
36047079601,110399,0,Census Tract 796.01; Kings County; New York,36,047,079601,Brooklyn,1581,127,1260,153,1454,1708,1107,1413,0.7969639468690702,0.04411707766185147,0.07257259275374567,0.7243913541153246,0.8695365396228159,0.14514518550749123,0.05535642839951362,proportion approximation,CV <= 30% diagnostic reference
36047079602,134996,0,Census Tract 796.02; Kings County; New York,36,047,079602,Brooklyn,2034,271,1381,283,1763,2305,1098,1664,0.6789577187807276,0.06426336098205528,0.10571322881548094,0.5732444899652467,0.7846709475962086,0.2114264576309619,0.09465001899891415,proportion approximation,CV <= 30% diagnostic reference
36005038200,157168,0,Census Tract 382; Bronx County; New York,36,005,038200,Bronx,967,115,402,123,852,1082,279,525,0.4157187176835574,0.07124396923130152,0.11719632938549102,0.2985223882980664,0.5329150470690485,0.2343926587709821,0.17137541852405117,proportion approximation,CV <= 30% diagnostic reference
36005039600,223225,0,Census Tract 396; Bronx County; New York,36,005,039600,Bronx,1436,182,923,166,1254,1618,757,1089,0.6427576601671309,0.04985827458581149,0.0820168616936599,0.5607407984734709,0.7247745218607908,0.16403372338731992,0.0775693199406558,proportion approximation,CV <= 30% diagnostic reference
36005041500,135858,0,Census Tract 415; Bronx County; New York,36,005,041500,Bronx,2293,347,1752,405,1946,2640,1347,2157,0.7640645442651548,0.08116548221706474,0.1335172182470715,0.6305473260180833,0.8975817625122263,0.26703443649414305,0.10622856776468576,proportion approximation,CV <= 30% diagnostic reference
36005042901,102256,0,Census Tract 429.01; Bronx County; New York,36,005,042901,Bronx,1249,198,727,138,1051,1447,589,865,0.5820656525220176,0.03694415869352715,0.06077314105085216,0.5212925114711654,0.6428387935728698,0.12154628210170437,0.0634707760773252,proportion approximation,CV <= 30% diagnostic reference
36005044901,158135,0,Census Tract 449.01; Bronx County; New York,36,005,044901,Bronx,910,105,246,121,805,1015,125,367,0.2703296703296703,0.07857551014738857,0.12925671419245421,0.1410729561372161,0.3995863845221245,0.25851342838490843,0.29066550501676264,proportion approximation,CV <= 30% diagnostic reference
36005000100,1677210,1035011,Census Tract 1; Bronx County; New York,36,005,000100,Bronx,0,14,0,14,0,14,0,14,,,,,,,,not calculated,CV unavailable
36005000400,775416,690794,Census Tract 4; Bronx County; New York,36,005,000400,Bronx,2218,277,447,292,1941,2495,155,739,0.20153291253381425,0.07855431174933451,0.12922184282765528,0.07231106970615897,0.33075475536146953,0.25844368565531056,0.3897840345861833,proportion approximation,CV > 30% diagnostic reference
36005001600,485078,0,Census Tract 16; Bronx County; New York,36,005,001600,Bronx,2083,201,999,236,1882,2284,763,1235,0.47959673547767645,0.0628664587511578,0.10341532464565459,0.37618141083202183,0.5830120601233311,0.20683064929130923,0.13108191549415585,proportion approximation,CV <= 30% diagnostic reference
36005008500,181656,0,Census Tract 85; Bronx County; New York,36,005,008500,Bronx,2189,256,1634,305,1933,2445,1329,1939,0.7464595705801736,0.06601522957092949,0.10859505264417903,0.6378645179359946,0.8550546232243527,0.21719010528835803,0.08843778306656343,proportion approximation,CV <= 30% diagnostic reference
36005013000,116144,0,Census Tract 130; Bronx County; New York,36,005,013000,Bronx,472,105,154,108,367,577,46,262,0.326271186440678,0.1319128888742151,0.21699670219808384,0.10927448424259414,0.5432678886387619,0.43399340439616774,0.4043044386274644,proportion approximation,CV > 30% diagnostic reference
36005013200,604268,925089,Census Tract 132; Bronx County; New York,36,005,013200,Bronx,2605,343,450,200,2262,2948,250,650,0.1727447216890595,0.04457680516340681,0.07332884449380421,0.09941587719525528,0.2460735661828637,0.1466576889876084,0.25805017211261055,proportion approximation,CV <= 30% diagnostic reference
36005013500,167401,0,Census Tract 135; Bronx County; New York,36,005,013500,Bronx,1534,239,927,288,1295,1773,639,1215,0.6043024771838331,0.09874161398177675,0.16242995500002275,0.44187252218381035,0.7667324321838559,0.32485991000004555,0.16339766542399733,proportion approximation,CV <= 30% diagnostic reference
36005013800,765354,3460009,Census Tract 138; Bronx County; New York,36,005,013800,Bronx,1255,212,300,125,1043,1467,175,425,0.23904382470119523,0.05534889444467587,0.09104893136149181,0.14799489333970342,0.33009275606268706,0.18209786272298364,0.2315428750935607,proportion approximation,CV <= 30% diagnostic reference
36005014300,129711,0,Census Tract 143; Bronx County; New York,36,005,014300,Bronx,743,60,632,73,683,803,559,705,0.8506056527590848,0.04270435023063896,0.0702486561294011,0.7803569966296837,0.920854308888486,0.14049731225880224,0.05020463959076701,proportion approximation,CV <= 30% diagnostic reference
36005014400,401253,0,Census Tract 144; Bronx County; New York,36,005,014400,Bronx,2428,294,1663,378,2134,2722,1285,2041,0.6849258649093904,0.08009348411164667,0.13175378136365878,0.5531720835457317,0.8166796462730492,0.26350756272731757,0.11693745004394354,proportion approximation,CV <= 30% diagnostic reference
36005014900,155991,0,Census Tract 149; Bronx County; New York,36,005,014900,Bronx,1546,179,1105,193,1367,1725,912,1298,0.7147477360931436,0.056819050874971036,0.09346733868932736,0.6212803974038162,0.8082150747824709,0.18693467737865466,0.07949525126941649,proportion approximation,CV <= 30% diagnostic reference
36005015100,208933,0,Census Tract 151; Bronx County; New York,36,005,015100,Bronx,2117,401,1481,400,1716,2518,1081,1881,0.6995748700991969,0.08187796195758472,0.13468924742022687,0.56488562267897,0.8342641175194239,0.26937849484045384,0.11703959855787094,proportion approximation,CV <= 30% diagnostic reference
36005015500,114981,0,Census Tract 155; Bronx County; New York,36,005,015500,Bronx,1064,191,789,188,873,1255,601,977,0.7415413533834586,0.07063284211095136,0.116191025272515,0.6253503281109436,0.8577323786559736,0.23238205054503003,0.09525138657294328,proportion approximation,CV <= 30% diagnostic reference
36005016000,494499,2614648,Census Tract 160; Bronx County; New York,36,005,016000,Bronx,1521,143,229,108,1378,1664,121,337,0.15055884286653518,0.042298295534878225,0.06958069615487468,0.0809781467116605,0.22013953902140987,0.1391613923097494,0.2809419541858069,proportion approximation,CV <= 30% diagnostic reference
36005016100,239125,0,Census Tract 161; Bronx County; New York,36,005,016100,Bronx,2224,264,1908,207,1960,2488,1701,2115,0.8579136690647482,0.08386892671023673,0.13796438443833942,0.7199492846264088,0.9958780535030876,0.2759287688766787,0.09775916824086293,alternative ratio approximation,CV <= 30% diagnostic reference
36005016200,180646,0,Census Tract 162; Bronx County; New York,36,005,016200,Bronx,509,73,70,51,436,582,19,121,0.137524557956778,0.05971793548282479,0.09823600386924677,0.039288554087531236,0.23576056182602478,0.19647200773849355,0.4342347022965402,proportion approximation,CV > 30% diagnostic reference
36005016300,586021,0,Census Tract 163; Bronx County; New York,36,005,016300,Bronx,0,14,0,14,0,14,0,14,,,,,,,,not calculated,CV unavailable
36005016500,196842,0,Census Tract 165; Bronx County; New York,36,005,016500,Bronx,376,44,149,61,332,420,88,210,0.3962765957446808,0.09450775987835598,0.1554652649998956,0.24081133074478522,0.5517418607445764,0.3109305299997912,0.23848938063262987,proportion approximation,CV <= 30% diagnostic reference
36005008900,110291,0,Census Tract 89; Bronx County; New York,36,005,008900,Bronx,1346,189,1172,204,1157,1535,968,1376,0.8707280832095097,0.054447028471991246,0.0895653618364256,0.7811627213730841,0.9602934450459353,0.1791307236728512,0.06253046102670667,proportion approximation,CV <= 30% diagnostic reference
36047093200,280436,0,Census Tract 932; Kings County; New York,36,047,093200,Brooklyn,668,248,346,259,420,916,87,605,0.5179640718562875,0.20466722082342106,0.33667757825452765,0.1812864936017598,0.8546416501108152,0.6733551565090554,0.3951378714163158,proportion approximation,CV > 30% diagnostic reference
36005009200,310475,0,Census Tract 92; Bronx County; New York,36,005,009200,Bronx,1872,168,975,188,1704,2040,787,1163,0.5208333333333334,0.054034618028917715,0.08888694665756965,0.43194638667576374,0.6097202799909031,0.17777389331513932,0.103746466615522,proportion approximation,CV <= 30% diagnostic reference
36047110400,742525,0,Census Tract 1104; Kings County; New York,36,047,110400,Brooklyn,1692,192,912,278,1500,1884,634,1190,0.5390070921985816,0.09270131788747939,0.1524936679249036,0.38651342427367796,0.6915007601234852,0.3049873358498072,0.17198533976492886,proportion approximation,CV <= 30% diagnostic reference
36005009800,517450,0,Census Tract 98; Bronx County; New York,36,005,009800,Bronx,1669,174,276,150,1495,1843,126,426,0.16536848412222888,0.05362011738260768,0.08820509309438963,0.07716339102783924,0.2535735772166185,0.17641018618877924,0.32424628953468193,proportion approximation,CV > 30% diagnostic reference
36047016600,266930,0,Census Tract 166; Kings County; New York,36,047,016600,Brooklyn,709,89,53,30,620,798,23,83,0.07475317348377997,0.02508176289871077,0.041259499968379215,0.03349367351540075,0.11601267345215918,0.08251899993675843,0.33552773387143275,proportion approximation,CV > 30% diagnostic reference
36005008600,187658,0,Census Tract 86; Bronx County; New York,36,005,008600,Bronx,1550,276,1233,326,1274,1826,907,1559,0.795483870967742,0.09451194186742712,0.15547214437191761,0.6400117265958244,0.9509560153396596,0.3109442887438352,0.11881063251785241,proportion approximation,CV <= 30% diagnostic reference
36005008700,213574,0,Census Tract 87; Bronx County; New York,36,005,008700,Bronx,2091,218,1521,178,1873,2309,1343,1699,0.727403156384505,0.02350786661763266,0.038670440586005723,0.6887327157984993,0.7660735969705108,0.07734088117201154,0.03231752077414194,proportion approximation,CV <= 30% diagnostic reference
36005011000,2069146,452399,Census Tract 110; Bronx County; New York,36,005,011000,Bronx,0,14,0,14,0,14,0,14,,,,,,,,not calculated,CV unavailable
36005011502,336295,10032,Census Tract 115.02; Bronx County; New York,36,005,011502,Bronx,1513,191,1089,276,1322,1704,813,1365,0.719762062128222,0.09615776093490978,0.1581795167379266,0.5615825453902954,0.8779415788661487,0.31635903347585326,0.1335965953117709,proportion approximation,CV <= 30% diagnostic reference
36047111600,499698,0,Census Tract 1116; Kings County; New York,36,047,111600,Brooklyn,1120,215,557,156,905,1335,401,713,0.4973214285714286,0.061654585697302165,0.10142179347206207,0.39589963509936654,0.5987432220434906,0.20284358694412408,0.12397331414897383,proportion approximation,CV <= 30% diagnostic reference
36047004400,419483,817305,Census Tract 44; Kings County; New York,36,047,004400,Brooklyn,922,84,229,88,838,1006,141,317,0.24837310195227766,0.05636686345389909,0.092723490381664,0.15564961157061366,0.34109659233394163,0.18544698076332797,0.2269443148667902,proportion approximation,CV <= 30% diagnostic reference
36047030500,322516,0,Census Tract 305; Kings County; New York,36,047,030500,Brooklyn,3332,228,2128,280,3104,3560,1848,2408,0.6386554621848739,0.04363296085115821,0.07177622060015526,0.5668792415847186,0.7104316827850292,0.14355244120031063,0.06832003080641878,proportion approximation,CV <= 30% diagnostic reference
36005002300,104645,0,Census Tract 23; Bronx County; New York,36,005,002300,Bronx,1904,206,1627,222,1698,2110,1405,1849,0.854516806722689,0.04318773001708725,0.07104381587810853,0.7834729908445806,0.9255606226007975,0.14208763175621697,0.050540527321778814,proportion approximation,CV <= 30% diagnostic reference
36005002400,691445,265400,Census Tract 24; Bronx County; New York,36,005,002400,Bronx,0,14,0,14,0,14,0,14,,,,,,,,not calculated,CV unavailable
36005002500,127492,0,Census Tract 25; Bronx County; New York,36,005,002500,Bronx,1872,149,1533,222,1723,2021,1311,1755,0.8189102564102564,0.060225486851615447,0.0990709258709074,0.719839330539349,0.9179811822811638,0.19814185174181476,0.07354345165441886,proportion approximation,CV <= 30% diagnostic reference
36005002702,155461,0,Census Tract 27.02; Bronx County; New York,36,005,002702,Bronx,1528,140,1072,204,1388,1668,868,1276,0.7015706806282722,0.07113351428709778,0.11701463100227587,0.5845560496259964,0.818585311630548,0.23402926200455165,0.10139180021519162,proportion approximation,CV <= 30% diagnostic reference
36005002800,414588,24682,Census Tract 28; Bronx County; New York,36,005,002800,Bronx,2806,351,955,342,2455,3157,613,1297,0.3403421240199572,0.0694252513138978,0.1142045384113619,0.22613758560859532,0.45454666243131914,0.22840907682272382,0.203986654645861,proportion approximation,CV <= 30% diagnostic reference
36005003500,142005,0,Census Tract 35; Bronx County; New York,36,005,003500,Bronx,1428,306,975,217,1122,1734,758,1192,0.6827731092436975,0.02496028161694477,0.041059663259874146,0.6417134459838234,0.7238327725035716,0.08211932651974818,0.03655721246050988,proportion approximation,CV <= 30% diagnostic reference
36005003700,165973,0,Census Tract 37; Bronx County; New York,36,005,003700,Bronx,149,74,107,57,75,223,50,164,0.7181208053691275,0.08411297734802968,0.13836584773750882,0.5797549576316187,0.8564866531066363,0.27673169547501764,0.11712928621361143,proportion approximation,CV <= 30% diagnostic reference
36005003900,216210,0,Census Tract 39; Bronx County; New York,36,005,003900,Bronx,2197,298,1569,320,1899,2495,1249,1889,0.7141556668183887,0.06612318799528309,0.10877264425224069,0.6053830225661481,0.8229283110706294,0.2175452885044813,0.09258932060270042,proportion approximation,CV <= 30% diagnostic reference
36005004300,225395,0,Census Tract 43; Bronx County; New York,36,005,004300,Bronx,2230,177,1829,242,2053,2407,1587,2071,0.8201793721973094,0.05278154623207076,0.0868256435517564,0.733353728645553,0.9070050157490658,0.17365128710351274,0.06435366216376041,proportion approximation,CV <= 30% diagnostic reference
36005004400,265579,0,Census Tract 44; Bronx County; New York,36,005,004400,Bronx,1539,133,1175,191,1406,1672,984,1366,0.7634827810266407,0.06389945358393406,0.10511460114557153,0.6583681798810692,0.8685973821722122,0.21022920229114295,0.0836946885665315,proportion approximation,CV <= 30% diagnostic reference
36005004800,150834,0,Census Tract 48; Bronx County; New York,36,005,004800,Bronx,1498,150,1114,198,1348,1648,916,1312,0.7436582109479306,0.06638538579124639,0.10920395962660032,0.6344542513213303,0.852862170574531,0.2184079192532007,0.08926867855950367,proportion approximation,CV <= 30% diagnostic reference
36005016700,205837,0,Census Tract 167; Bronx County; New York,36,005,016700,Bronx,1154,128,748,116,1026,1282,632,864,0.6481802426343154,0.042706347924641834,0.07025194233603582,0.5779283002982796,0.7184321849703512,0.14050388467207164,0.06588653142384583,proportion approximation,CV <= 30% diagnostic reference
36005016900,92914,0,Census Tract 169; Bronx County; New York,36,005,016900,Bronx,607,157,394,96,450,764,298,490,0.6490939044481054,0.14021245859034406,0.23064949438111598,0.41844441006698946,0.8797433988292214,0.4612989887622319,0.21601259483334734,alternative ratio approximation,CV <= 30% diagnostic reference
36005017300,165273,0,Census Tract 173; Bronx County; New York,36,005,017300,Bronx,2276,247,1611,333,2029,2523,1278,1944,0.7078207381370826,0.07569748416931606,0.12452236145852491,0.5832983766785577,0.8323430995956075,0.24904472291704982,0.10694442828638322,proportion approximation,CV <= 30% diagnostic reference
36005016600,285689,0,Census Tract 166; Bronx County; New York,36,005,016600,Bronx,802,99,48,33,703,901,15,81,0.059850374064837904,0.02460695165665515,0.04047843547519772,0.019371938589640182,0.10032880954003562,0.08095687095039544,0.4111411505966131,proportion approximation,CV > 30% diagnostic reference
36005017500,151593,0,Census Tract 175; Bronx County; New York,36,005,017500,Bronx,2975,431,2295,527,2544,3406,1768,2822,0.7714285714285715,0.0835491835524233,0.13743840694373632,0.6339901644848351,0.9088669783723078,0.27487681388747265,0.10830449719758575,proportion approximation,CV <= 30% diagnostic reference
36005018400,447412,0,Census Tract 184; Bronx County; New York,36,005,018400,Bronx,1340,131,441,139,1209,1471,302,580,0.3291044776119403,0.05994872837593086,0.09861565817840627,0.230488819433534,0.42772013579034657,0.19723131635681257,0.18215713384069696,proportion approximation,CV <= 30% diagnostic reference
36005018900,355570,0,Census Tract 189; Bronx County; New York,36,005,018900,Bronx,3050,189,2346,271,2861,3239,2075,2617,0.7691803278688525,0.045584219134810616,0.07498604047676347,0.694194287392089,0.844166368345616,0.149972080953527,0.05926337099794219,proportion approximation,CV <= 30% diagnostic reference
36005019300,241287,0,Census Tract 193; Bronx County; New York,36,005,019300,Bronx,2519,363,1957,478,2156,2882,1479,2435,0.77689559348948,0.09313866113602211,0.15321309756875637,0.6236824959207237,0.9301086910582363,0.3064261951375127,0.11988568594871726,proportion approximation,CV <= 30% diagnostic reference
36005019400,840142,0,Census Tract 194; Bronx County; New York,36,005,019400,Bronx,696,96,204,77,600,792,127,281,0.29310344827586204,0.06260232999516098,0.10298083284203981,0.19012261543382225,0.39608428111790184,0.2059616656840796,0.21358441998349043,proportion approximation,CV <= 30% diagnostic reference
36085024401,2102132,170084,Census Tract 244.01; Richmond County; New York,36,085,024401,Staten Island,1863,218,46,42,1645,2081,4,88,0.024691358024691357,0.013591715722947949,0.022358372364249375,0.0023329856604419816,0.04704973038894073,0.04471674472849875,0.550464486779392,proportion approximation,CV > 30% diagnostic reference
36005011800,989676,2876319,Census Tract 118; Bronx County; New York,36,005,011800,Bronx,1517,182,134,92,1335,1699,42,226,0.08833223467369809,0.03629963777934515,0.059712904147022766,0.028619330526675327,0.14804513882072085,0.11942580829404552,0.4109444068004969,proportion approximation,CV > 30% diagnostic reference
36005012102,49643,0,Census Tract 121.02; Bronx County; New York,36,005,012102,Bronx,572,135,438,142,437,707,296,580,0.7657342657342657,0.10346455926471929,0.17019919999046323,0.5955350657438025,0.9359334657247289,0.34039839998092636,0.135118100226985,proportion approximation,CV <= 30% diagnostic reference
36005012300,303327,0,Census Tract 123; Bronx County; New York,36,005,012300,Bronx,1772,191,1343,152,1581,1963,1191,1495,0.7579006772009029,0.01590269555633903,0.026159934190177703,0.7317407430107252,0.7840606113910806,0.052319868380355405,0.020982558842764527,proportion approximation,CV <= 30% diagnostic reference
36005012500,169640,0,Census Tract 125; Bronx County; New York,36,005,012500,Bronx,1449,138,598,153,1311,1587,445,751,0.4126984126984127,0.05957573595787212,0.09800208565069964,0.31469632704771305,0.5107004983491124,0.1960041713013993,0.144356590974844,proportion approximation,CV <= 30% diagnostic reference
36005012701,108718,0,Census Tract 127.01; Bronx County; New York,36,005,012701,Bronx,745,112,418,148,633,857,270,566,0.5610738255033557,0.1093381564741194,0.17986126739992642,0.3812125581034293,0.7409350929032821,0.3597225347998528,0.19487303007947118,proportion approximation,CV <= 30% diagnostic reference
36047076800,303359,0,Census Tract 768; Kings County; New York,36,047,076800,Brooklyn,1400,219,568,129,1181,1619,439,697,0.4057142857142857,0.04060890849833244,0.06680165447975686,0.33891263123452886,0.4725159401940425,0.13360330895951367,0.10009238010152362,proportion approximation,CV <= 30% diagnostic reference
36047094600,281769,0,Census Tract 946; Kings County; New York,36,047,094600,Brooklyn,638,115,181,66,523,753,115,247,0.2836990595611285,0.054665821325728385,0.0899252760808232,0.19377378348030533,0.3736243356419517,0.17985055216164636,0.19268946964538514,proportion approximation,CV <= 30% diagnostic reference
36047119800,326903,0,Census Tract 1198; Kings County; New York,36,047,119800,Brooklyn,1048,196,599,184,852,1244,415,783,0.5715648854961832,0.08466890140090223,0.13928034280448418,0.432284542691699,0.7108452283006674,0.2785606856089684,0.14813523984665364,proportion approximation,CV <= 30% diagnostic reference
36005040900,825703,345779,Census Tract 409; Bronx County; New York,36,005,040900,Bronx,1409,167,604,184,1242,1576,420,788,0.42867281760113557,0.0731306244178866,0.12029987716742346,0.3083729404337121,0.548972694768559,0.24059975433484693,0.17059776457748713,proportion approximation,CV <= 30% diagnostic reference
36005041100,121611,0,Census Tract 411; Bronx County; New York,36,005,041100,Bronx,1571,268,1186,298,1303,1839,888,1484,0.75493316359007,0.08466201401842492,0.139269013060309,0.615664150529761,0.894202176650379,0.27853802612061807,0.11214504555054432,proportion approximation,CV <= 30% diagnostic reference
36005041300,173358,0,Census Tract 413; Bronx County; New York,36,005,041300,Bronx,3199,306,2007,366,2893,3505,1641,2373,0.6273835573616755,0.05921466794640293,0.09740812877183282,0.5299754285898427,0.7247916861335083,0.1948162575436656,0.09438351906354907,proportion approximation,CV <= 30% diagnostic reference
36005041400,524367,0,Census Tract 414; Bronx County; New York,36,005,041400,Bronx,1779,303,420,168,1476,2082,252,588,0.23608768971332209,0.0519431283486804,0.08544644613357927,0.15064124357974282,0.3215341358469014,0.17089289226715856,0.22001625079119627,proportion approximation,CV <= 30% diagnostic reference
36005041800,268871,0,Census Tract 418; Bronx County; New York,36,005,041800,Bronx,1289,188,702,151,1101,1477,551,853,0.5446082234290147,0.0523421933684931,0.08610290809117115,0.45850531533784356,0.6307111315201859,0.17220581618234232,0.09610981090026725,proportion approximation,CV <= 30% diagnostic reference
36005040800,124014,0,Census Tract 408; Bronx County; New York,36,005,040800,Bronx,1467,230,882,232,1237,1697,650,1114,0.6012269938650306,0.07719362383466472,0.12698351120802345,0.4742434826570072,0.7282105050730541,0.25396702241604685,0.12839347637806478,proportion approximation,CV <= 30% diagnostic reference
36005041900,325906,0,Census Tract 419; Bronx County; New York,36,005,041900,Bronx,2592,258,1796,261,2334,2850,1535,2057,0.6929012345679012,0.04459952425138455,0.07336621739352758,0.6195350171743736,0.7662674519614288,0.1467324347870551,0.06436635125812291,proportion approximation,CV <= 30% diagnostic reference
36005042100,246182,0,Census Tract 421; Bronx County; New York,36,005,042100,Bronx,2290,166,1677,238,2124,2456,1439,1915,0.7323144104803494,0.054316291871473646,0.08935030012857414,0.6429641103517753,0.8216647106089235,0.1787006002571483,0.07417072652693776,proportion approximation,CV <= 30% diagnostic reference
36005042200,174693,0,Census Tract 422; Bronx County; New York,36,005,042200,Bronx,1292,262,473,203,1030,1554,270,676,0.36609907120743035,0.08417941656377109,0.13847514024740346,0.2276239309600269,0.5045742114548338,0.27695028049480697,0.22993616532852484,proportion approximation,CV <= 30% diagnostic reference
36005042300,180376,0,Census Tract 423; Bronx County; New York,36,005,042300,Bronx,1485,149,1045,159,1336,1634,886,1204,0.7037037037037037,0.048930485122915784,0.08049064802719647,0.6232130556765072,0.7841943517309002,0.16098129605439304,0.069532794648354,proportion approximation,CV <= 30% diagnostic reference
36005042400,175087,0,Census Tract 424; Bronx County; New York,36,005,042400,Bronx,760,114,187,97,646,874,90,284,0.24605263157894736,0.07427274734153745,0.12217866937682911,0.12387396220211824,0.3682313009557765,0.24435733875365825,0.3018571549709544,proportion approximation,CV > 30% diagnostic reference
36005042500,293818,0,Census Tract 425; Bronx County; New York,36,005,042500,Bronx,2369,266,1522,306,2103,2635,1216,1828,0.6424651751794006,0.06513512995105816,0.10714728876949067,0.53531788640991,0.7496124639488912,0.2142945775389813,0.1013831293390649,proportion approximation,CV <= 30% diagnostic reference
36005042600,507577,0,Census Tract 426; Bronx County; New York,36,005,042600,Bronx,2165,356,623,305,1809,2521,318,928,0.2877598152424942,0.08066470097706811,0.13269343310727705,0.15506638213521717,0.42045324834977127,0.2653868662145541,0.28031954673411313,proportion approximation,CV <= 30% diagnostic reference
36005042902,94576,0,Census Tract 429.02; Bronx County; New York,36,005,042902,Bronx,1599,145,1268,155,1454,1744,1113,1423,0.792995622263915,0.039515710650972743,0.06500334402085016,0.7279922782430648,0.8579989662847651,0.13000668804170035,0.04983093164897903,proportion approximation,CV <= 30% diagnostic reference
36005043000,206163,0,Census Tract 430; Bronx County; New York,36,005,043000,Bronx,1327,395,439,286,932,1722,153,725,0.3308214016578749,0.11654215840117038,0.1917118505699253,0.1391095510879496,0.5225332522278001,0.3834237011398505,0.3522811940736973,proportion approximation,CV > 30% diagnostic reference
36005035100,580468,0,Census Tract 351; Bronx County; New York,36,005,035100,Bronx,1258,207,431,110,1051,1465,321,541,0.3426073131955485,0.040632661507754346,0.0668407281802559,0.2757665850152926,0.4094480413758044,0.13368145636051176,0.11859834843794656,proportion approximation,CV <= 30% diagnostic reference
36005035600,404361,0,Census Tract 356; Bronx County; New York,36,005,035600,Bronx,678,76,151,71,602,754,80,222,0.22271386430678466,0.061823974054481874,0.10170043731962268,0.12101342698716198,0.32441430162640733,0.20340087463924533,0.27759373780754115,proportion approximation,CV <= 30% diagnostic reference
36005035800,651471,0,Census Tract 358; Bronx County; New York,36,005,035800,Bronx,2646,518,743,467,2128,3164,276,1210,0.2808012093726379,0.10195351938341315,0.16771353938571465,0.11308766998692327,0.44851474875835257,0.3354270787714293,0.36308077024025737,proportion approximation,CV > 30% diagnostic reference
36005035900,134331,0,Census Tract 359; Bronx County; New York,36,005,035900,Bronx,1693,169,1300,197,1524,1862,1103,1497,0.7678676904902539,0.05322071546323111,0.08754807693701518,0.6803196135532388,0.8554157674272691,0.17509615387403032,0.06930974713788482,proportion approximation,CV <= 30% diagnostic reference
36005036100,164834,0,Census Tract 361; Bronx County; New York,36,005,036100,Bronx,1969,249,1597,276,1720,2218,1321,1873,0.8110716099542915,0.058079814065284736,0.09554129413739339,0.7155303158168981,0.9066129040916849,0.19108258827478686,0.07160873756702921,proportion approximation,CV <= 30% diagnostic reference
36005036300,221466,0,Census Tract 363; Bronx County; New York,36,005,036300,Bronx,2458,308,1899,295,2150,2766,1604,2194,0.7725793327908869,0.0431229243051678,0.07093721048200104,0.7016421223088858,0.8435165432728879,0.14187442096400216,0.05581682356087544,proportion approximation,CV <= 30% diagnostic reference
36005036502,97659,0,Census Tract 365.02; Bronx County; New York,36,005,036502,Bronx,768,94,455,104,674,862,351,559,0.5924479166666666,0.0695232282997197,0.1143657105530389,0.47808220611362773,0.7068136272197055,0.2287314211060778,0.11734909743776864,proportion approximation,CV <= 30% diagnostic reference
36005036700,93063,0,Census Tract 367; Bronx County; New York,36,005,036700,Bronx,777,174,476,153,603,951,323,629,0.6126126126126126,0.08587073634859158,0.14125736129343314,0.47135525131917944,0.7538699739060457,0.2825147225868663,0.14017134903961273,proportion approximation,CV <= 30% diagnostic reference
36005036902,62406,0,Census Tract 369.02; Bronx County; New York,36,005,036902,Bronx,850,63,624,98,787,913,526,722,0.7341176470588235,0.061791657194610744,0.10164727608513467,0.6324703709736889,0.8357649231439582,0.20329455217026937,0.08417132790932554,proportion approximation,CV <= 30% diagnostic reference
36005043600,154769,0,Census Tract 436; Bronx County; New York,36,005,043600,Bronx,753,94,282,93,659,847,189,375,0.3745019920318725,0.06949290670290274,0.11431583152627502,0.2601861605055975,0.4888178235581475,0.22863166305255,0.18556084662158073,proportion approximation,CV <= 30% diagnostic reference
36005044200,241833,0,Census Tract 442; Bronx County; New York,36,005,044200,Bronx,1261,307,422,153,954,1568,269,575,0.3346550356859635,0.05465535530726612,0.08990805948045276,0.24474697620551072,0.42456309516641627,0.17981611896090555,0.16331849062194925,proportion approximation,CV <= 30% diagnostic reference
36005044800,168089,0,Census Tract 448; Bronx County; New York,36,005,044800,Bronx,713,142,258,135,571,855,123,393,0.36185133239831696,0.10643762280451495,0.1750898895134271,0.18676144288488986,0.5369412219117441,0.35017977902685427,0.29414738395201223,proportion approximation,CV <= 30% diagnostic reference
36005045102,205999,0,Census Tract 451.02; Bronx County; New York,36,005,045102,Bronx,966,118,283,96,848,1084,187,379,0.29296066252587993,0.05635988942333409,0.09271201810138459,0.20024864442449536,0.3856726806272645,0.18542403620276915,0.1923803999397199,proportion approximation,CV <= 30% diagnostic reference
36005045800,239682,0,Census Tract 458; Bronx County; New York,36,005,045800,Bronx,2071,249,1516,259,1822,2320,1257,1775,0.7320135200386286,0.054011421135448635,0.088848787767813,0.6431647322708156,0.8208623078064416,0.17769757553562604,0.07378473164347898,proportion approximation,CV <= 30% diagnostic reference
36005037200,186530,0,Census Tract 372; Bronx County; New York,36,005,037200,Bronx,852,101,402,93,751,953,309,495,0.47183098591549294,0.05698191258096267,0.09373524619568359,0.37809573971980937,0.5655662321111765,0.18747049239136715,0.12076763561935372,proportion approximation,CV <= 30% diagnostic reference
36005037000,158885,0,Census Tract 370; Bronx County; New York,36,005,037000,Bronx,735,100,283,101,635,835,182,384,0.38503401360544215,0.07722667697701466,0.12703788362718912,0.25799612997825305,0.5120718972326312,0.2540757672543782,0.20057105151274127,proportion approximation,CV <= 30% diagnostic reference
36005037300,173453,0,Census Tract 373; Bronx County; New York,36,005,037300,Bronx,2382,338,2056,376,2044,2720,1680,2432,0.8631402183039463,0.060534592837667246,0.09957940521796262,0.7635608130859837,0.9627196235219089,0.1991588104359252,0.0701329767214608,proportion approximation,CV <= 30% diagnostic reference
36005037400,167070,0,Census Tract 374; Bronx County; New York,36,005,037400,Bronx,1506,174,1010,131,1332,1680,879,1141,0.6706507304116865,0.024029073917723052,0.03952782659465442,0.6311229038170322,0.7101785570063409,0.07905565318930874,0.0358294904159316,proportion approximation,CV <= 30% diagnostic reference
36005050400,7243541,8954365,Census Tract 504; Bronx County; New York,36,005,050400,Bronx,0,14,0,14,0,14,0,14,,,,,,,,not calculated,CV unavailable
36005004100,184732,0,Census Tract 41; Bronx County; New York,36,005,004100,Bronx,2468,333,1891,319,2135,2801,1572,2210,0.7662074554294975,0.047161856848155936,0.07758125451521651,0.6886262009142811,0.843788709944714,0.15516250903043294,0.06155233352789469,proportion approximation,CV <= 30% diagnostic reference
36005011900,166999,0,Census Tract 119; Bronx County; New York,36,005,011900,Bronx,1875,187,1355,212,1688,2062,1143,1567,0.7226666666666667,0.052958817360359116,0.08711725455779075,0.6355494121088759,0.8097839212244574,0.17423450911558147,0.07328249634736039,proportion approximation,CV <= 30% diagnostic reference
36005024400,175718,0,Census Tract 244; Bronx County; New York,36,005,024400,Bronx,830,153,275,134,677,983,141,409,0.3313253012048193,0.09084944913829987,0.1494473438325033,0.181877957372316,0.4807726450373226,0.2988946876650066,0.2742001555810505,proportion approximation,CV <= 30% diagnostic reference
36005031200,202061,0,Census Tract 312; Bronx County; New York,36,005,031200,Bronx,532,77,121,60,455,609,61,181,0.2274436090225564,0.06557486527786618,0.10787065338208987,0.11957295564046652,0.33531426240464624,0.2157413067641797,0.2883126308084695,proportion approximation,CV <= 30% diagnostic reference
36005031400,211194,0,Census Tract 314; Bronx County; New York,36,005,031400,Bronx,596,127,113,54,469,723,59,167,0.18959731543624161,0.04929962798959944,0.08109788804289109,0.10849942739335053,0.2706952034791327,0.16219577608578215,0.26002281665310856,proportion approximation,CV <= 30% diagnostic reference
36005032800,204675,0,Census Tract 328; Bronx County; New York,36,005,032800,Bronx,1407,192,962,194,1215,1599,768,1156,0.6837242359630419,0.061714260461489936,0.10151995845915095,0.5822042775038909,0.7852441944221928,0.20303991691830192,0.09026191732777167,proportion approximation,CV <= 30% diagnostic reference
36005039800,201856,0,Census Tract 398; Bronx County; New York,36,005,039800,Bronx,1251,268,441,218,983,1519,223,659,0.35251798561151076,0.09546892862865096,0.15704638759413084,0.19547159801737993,0.5095643732056416,0.31409277518826173,0.270820022028214,proportion approximation,CV <= 30% diagnostic reference
36047088400,167059,0,Census Tract 884; Kings County; New York,36,047,088400,Brooklyn,1874,501,1471,530,1373,2375,941,2001,0.7849519743863393,0.115258519973783,0.18960026535687305,0.5953517090294663,0.9745522397432124,0.37920053071374604,0.14683512333845639,proportion approximation,CV <= 30% diagnostic reference
36047088600,179724,0,Census Tract 886; Kings County; New York,36,047,088600,Brooklyn,1868,350,892,239,1518,2218,653,1131,0.47751605995717344,0.055598367466531344,0.09145931448244406,0.3860567454747294,0.5689753744396175,0.18291862896488814,0.11643245563618895,proportion approximation,CV <= 30% diagnostic reference
36047089000,248416,0,Census Tract 890; Kings County; New York,36,047,089000,Brooklyn,2331,399,1386,419,1932,2730,967,1805,0.5945945945945946,0.09006779464211427,0.14816152218627798,0.44643307240831664,0.7427561167808726,0.29632304437255597,0.151477654625374,proportion approximation,CV <= 30% diagnostic reference
36047089200,179663,0,Census Tract 892; Kings County; New York,36,047,089200,Brooklyn,1455,301,1255,331,1154,1756,924,1586,0.8625429553264605,0.08578254544660739,0.14111228725966915,0.7214306680667913,1.0,0.27856933193320865,0.09945307061738147,proportion approximation,CV <= 30% diagnostic reference
36047089400,172215,0,Census Tract 894; Kings County; New York,36,047,089400,Brooklyn,1163,184,705,200,979,1347,505,905,0.6061908856405847,0.08677333713189041,0.14274213958195972,0.46344874605862496,0.7489330252225443,0.2854842791639194,0.14314523558069298,proportion approximation,CV <= 30% diagnostic reference
36047089600,149024,0,Census Tract 896; Kings County; New York,36,047,089600,Brooklyn,1778,373,1208,415,1405,2151,793,1623,0.6794150731158605,0.112361881808425,0.18483529557485914,0.49457977754100135,0.8642503686907196,0.36967059114971823,0.16538031941670503,proportion approximation,CV <= 30% diagnostic reference
36047004500,170539,0,Census Tract 45; Kings County; New York,36,047,004500,Brooklyn,1692,128,834,153,1564,1820,681,987,0.4929078014184397,0.050078576097375094,0.08237925768018203,0.41052854373825765,0.5752870590986218,0.16475851536036412,0.10159826229827178,proportion approximation,CV <= 30% diagnostic reference
36047004700,283961,0,Census Tract 47; Kings County; New York,36,047,004700,Brooklyn,849,96,421,85,753,945,336,506,0.4958775029446408,0.05042156178564087,0.08294346913737922,0.41293403380726157,0.57882097208202,0.16588693827475842,0.10168148683137553,proportion approximation,CV <= 30% diagnostic reference
36047004900,97531,0,Census Tract 49; Kings County; New York,36,047,004900,Brooklyn,1056,143,500,97,913,1199,403,597,0.4734848484848485,0.03998526765730589,0.06577576529626819,0.40770908318858035,0.5392606137811167,0.13155153059253633,0.08444888529223003,proportion approximation,CV <= 30% diagnostic reference
36047005000,223992,535603,Census Tract 50; Kings County; New York,36,047,005000,Brooklyn,1069,132,262,123,937,1201,139,385,0.245088868101029,0.0674829716810331,0.11100948841529944,0.13407937968572958,0.35609835651632843,0.22201897683059885,0.2753408272023831,proportion approximation,CV <= 30% diagnostic reference
36047005201,133678,192294,Census Tract 52.01; Kings County; New York,36,047,005201,Brooklyn,968,111,501,110,857,1079,391,611,0.5175619834710744,0.058910055785654974,0.09690704176740243,0.42065494170367196,0.6144690252384768,0.19381408353480484,0.11382222355392019,proportion approximation,CV <= 30% diagnostic reference
36047005400,161905,125113,Census Tract 54; Kings County; New York,36,047,005400,Brooklyn,1751,206,816,192,1545,1957,624,1008,0.46601941747572817,0.05772710948554355,0.09496109510371914,0.37105832237200903,0.5609805125794474,0.18992219020743834,0.12387275577106219,proportion approximation,CV <= 30% diagnostic reference
36047005602,135056,356364,Census Tract 56.02; Kings County; New York,36,047,005602,Brooklyn,965,123,444,107,842,1088,337,551,0.46010362694300516,0.057205175837158465,0.09410251425212568,0.3660011126908795,0.5542061411951309,0.18820502850425141,0.12433106910553586,proportion approximation,CV <= 30% diagnostic reference
36047005900,355163,0,Census Tract 59; Kings County; New York,36,047,005900,Brooklyn,633,74,266,90,559,707,176,356,0.42022116903633494,0.08110861518185179,0.1334236719741462,0.2867974970621887,0.5536448410104812,0.26684734394829246,0.19301411056433151,proportion approximation,CV <= 30% diagnostic reference
36047006000,152260,0,Census Tract 60; Kings County; New York,36,047,006000,Brooklyn,969,152,305,93,817,1121,212,398,0.31475748194014447,0.05003109945121541,0.08230115859724935,0.23245632334289512,0.3970586405373938,0.1646023171944987,0.158951263502386,proportion approximation,CV <= 30% diagnostic reference
36047006300,103152,0,Census Tract 63; Kings County; New York,36,047,006300,Brooklyn,874,155,410,118,719,1029,292,528,0.4691075514874142,0.06464046190090017,0.10633355982698078,0.3627739916604334,0.5754411113143949,0.2126671196539615,0.13779454561313842,proportion approximation,CV <= 30% diagnostic reference
36047006400,203176,0,Census Tract 64; Kings County; New York,36,047,006400,Brooklyn,1460,136,678,183,1324,1596,495,861,0.4643835616438356,0.0715145565655791,0.11764144555037763,0.34674211609345795,0.5820250071942132,0.2352828911007553,0.15399889761909366,proportion approximation,CV <= 30% diagnostic reference
36047006500,249988,0,Census Tract 65; Kings County; New York,36,047,006500,Brooklyn,2456,365,1019,248,2091,2821,771,1267,0.4149022801302932,0.04861063328378926,0.07996449175183334,0.33493778837845983,0.4948667718821265,0.1599289835036667,0.11716164410695429,proportion approximation,CV <= 30% diagnostic reference
36047006600,153740,0,Census Tract 66; Kings County; New York,36,047,006600,Brooklyn,1714,168,945,201,1546,1882,744,1146,0.5513418903150525,0.06326795500838536,0.10407578598879393,0.44726610432625863,0.6554176763038465,0.20815157197758788,0.11475267183531482,proportion approximation,CV <= 30% diagnostic reference
36047006700,156139,0,Census Tract 67; Kings County; New York,36,047,006700,Brooklyn,1587,273,717,214,1314,1860,503,931,0.45179584120982985,0.06698822727190085,0.11019563386227689,0.341600207347553,0.5619914750721068,0.2203912677245538,0.14827101350140398,proportion approximation,CV <= 30% diagnostic reference
36047006800,185509,0,Census Tract 68; Kings County; New York,36,047,006800,Brooklyn,1637,190,1068,213,1447,1827,855,1281,0.6524129505192425,0.06432353902152069,0.10581222169040154,0.546600728828841,0.758225172209644,0.211624443380803,0.09859328967999004,proportion approximation,CV <= 30% diagnostic reference
36047007000,149197,0,Census Tract 70; Kings County; New York,36,047,007000,Brooklyn,1210,169,665,150,1041,1379,515,815,0.5495867768595041,0.059174994100294455,0.09734286529498438,0.4522439115645197,0.6469296421544884,0.19468573058996874,0.10767179377647564,proportion approximation,CV <= 30% diagnostic reference
36047007100,167530,3828,Census Tract 71; Kings County; New York,36,047,007100,Brooklyn,1631,196,1238,211,1435,1827,1027,1449,0.7590435315757205,0.05576801705334158,0.0917383880527469,0.6673051435229735,0.8507819196284674,0.18347677610549384,0.0734714344216479,proportion approximation,CV <= 30% diagnostic reference
36047007200,62490,0,Census Tract 72; Kings County; New York,36,047,007200,Brooklyn,570,103,389,79,467,673,310,468,0.6824561403508772,0.038451532093756555,0.06325277029422953,0.6192033700566477,0.7457089106451067,0.12650554058845898,0.05634286193686693,proportion approximation,CV <= 30% diagnostic reference
36047007500,282782,0,Census Tract 75; Kings County; New York,36,047,007500,Brooklyn,2101,296,1138,319,1805,2397,819,1457,0.5416468348405521,0.07979489072509216,0.13126259524277661,0.4103842395977755,0.6729094300833287,0.26252519048555323,0.147319038148874,proportion approximation,CV <= 30% diagnostic reference
36047008400,243910,0,Census Tract 84; Kings County; New York,36,047,008400,Brooklyn,1064,232,696,190,832,1296,506,886,0.6541353383458647,0.06531532023767907,0.10744370179098206,0.5466916365548826,0.7615790401368467,0.21488740358196412,0.09984985737484271,proportion approximation,CV <= 30% diagnostic reference
36081038302,4481280,1281692,Census Tract 383.02; Queens County; New York,36,081,038302,Queens,0,14,0,14,0,14,0,14,,,,,,,,not calculated,CV unavailable
36047008500,243576,0,Census Tract 85; Kings County; New York,36,047,008500,Brooklyn,2995,410,2648,428,2585,3405,2220,3076,0.8841402337228714,0.046186650928947644,0.07597704077811887,0.8081631929447526,0.9601172745009903,0.15195408155623769,0.052239055714576356,proportion approximation,CV <= 30% diagnostic reference
36047008600,113543,0,Census Tract 86; Kings County; New York,36,047,008600,Brooklyn,0,14,0,14,0,14,0,14,,,,,,,,not calculated,CV unavailable
36047008800,189369,0,Census Tract 88; Kings County; New York,36,047,008800,Brooklyn,1193,225,894,246,968,1418,648,1140,0.7493713327745181,0.09127656186666729,0.1501499442706677,0.5992213885038504,0.8995212770451857,0.30029988854133527,0.12180418155138038,proportion approximation,CV <= 30% diagnostic reference
36047009600,150752,0,Census Tract 96; Kings County; New York,36,047,009600,Brooklyn,1932,237,1184,225,1695,2169,959,1409,0.6128364389233955,0.05407000885189999,0.08894516456137548,0.52389127436202,0.7017816034847709,0.17789032912275093,0.08822910228198545,proportion approximation,CV <= 30% diagnostic reference
36047009800,151006,0,Census Tract 98; Kings County; New York,36,047,009800,Brooklyn,1835,230,1284,255,1605,2065,1029,1539,0.6997275204359673,0.06552705210227182,0.10779200070823715,0.5919355197277302,0.8075195211442044,0.21558400141647427,0.09364652695301308,proportion approximation,CV <= 30% diagnostic reference
36047010000,150970,0,Census Tract 100; Kings County; New York,36,047,010000,Brooklyn,1840,272,1198,256,1568,2112,942,1454,0.6510869565217391,0.06107432192518594,0.10046725956693088,0.5506196969548082,0.75155421608867,0.20093451913386184,0.09380363300696339,proportion approximation,CV <= 30% diagnostic reference
36047010100,314730,0,Census Tract 101; Kings County; New York,36,047,010100,Brooklyn,1579,323,740,125,1256,1902,615,865,0.46865104496516785,0.07557935374063758,0.12432803690334882,0.34432300806181904,0.5929790818685167,0.24865607380669763,0.16126999940063072,alternative ratio approximation,CV <= 30% diagnostic reference
36047011000,158058,0,Census Tract 110; Kings County; New York,36,047,011000,Brooklyn,650,96,351,104,554,746,247,455,0.54,0.08431969019526118,0.13870589037120465,0.4012941096287954,0.6787058903712047,0.27741178074240924,0.15614757443566885,proportion approximation,CV <= 30% diagnostic reference
36047011200,171313,0,Census Tract 112; Kings County; New York,36,047,011200,Brooklyn,2096,326,1336,335,1770,2422,1001,1671,0.6374045801526718,0.07621040620978285,0.1253661182150928,0.512038461937579,0.7627706983677646,0.2507322364301856,0.11956363129918028,proportion approximation,CV <= 30% diagnostic reference
36047011400,167792,0,Census Tract 114; Kings County; New York,36,047,011400,Brooklyn,864,177,465,181,687,1041,284,646,0.5381944444444444,0.10828551611025475,0.17812967400136906,0.3600647704430754,0.7163241184458135,0.35625934800273806,0.20120147509518302,proportion approximation,CV <= 30% diagnostic reference
36047011600,160266,0,Census Tract 116; Kings County; New York,36,047,011600,Brooklyn,1058,249,508,142,809,1307,366,650,0.48015122873345933,0.04402164388958062,0.07241560419836011,0.4077356245350992,0.5525668329318194,0.1448312083967202,0.09168287251018956,proportion approximation,CV <= 30% diagnostic reference
36047011700,201195,0,Census Tract 117; Kings County; New York,36,047,011700,Brooklyn,1251,184,663,145,1067,1435,518,808,0.5299760191846523,0.05214613820465404,0.08578039734665589,0.44419562183799643,0.6157564165313082,0.17156079469331176,0.09839339199701688,proportion approximation,CV <= 30% diagnostic reference
36047012000,193342,0,Census Tract 120; Kings County; New York,36,047,012000,Brooklyn,341,115,124,49,226,456,75,173,0.36363636363636365,0.04552849803077878,0.0748943792606311,0.28874198437573256,0.43853074289699473,0.14978875852126217,0.12520336958464165,proportion approximation,CV <= 30% diagnostic reference
36047012100,148056,0,Census Tract 121; Kings County; New York,36,047,012100,Brooklyn,950,145,481,99,805,1095,382,580,0.5063157894736842,0.042499617367310984,0.06991187056922657,0.4364039189044576,0.5762276600429107,0.13982374113845308,0.08393895322026079,proportion approximation,CV <= 30% diagnostic reference
36047012700,163391,0,Census Tract 127; Kings County; New York,36,047,012700,Brooklyn,1788,215,1247,196,1573,2003,1051,1443,0.6974272930648769,0.042914185127935295,0.07059383453545356,0.6268334585294234,0.7680211276003305,0.14118766907090707,0.061532127513029916,proportion approximation,CV <= 30% diagnostic reference
36047012901,128568,0,Census Tract 129.01; Kings County; New York,36,047,012901,Brooklyn,1030,124,564,115,906,1154,449,679,0.5475728155339806,0.05477942920673208,0.09011216104507427,0.4574606544889064,0.6376849765790549,0.1802243220901485,0.1000404469555568,proportion approximation,CV <= 30% diagnostic reference
36047012902,135380,0,Census Tract 129.02; Kings County; New York,36,047,012902,Brooklyn,1902,203,1401,251,1699,2105,1150,1652,0.7365930599369085,0.06443361700009463,0.10599329996515566,0.6305997599717528,0.8425863599020642,0.21198659993031144,0.08747518881811563,proportion approximation,CV <= 30% diagnostic reference
36047013100,156395,0,Census Tract 131; Kings County; New York,36,047,013100,Brooklyn,1787,306,1321,288,1481,2093,1033,1609,0.7392277560156687,0.06063988945105712,0.09975261814698896,0.6394751378686797,0.8389803741626577,0.19950523629397798,0.0820314023081295,proportion approximation,CV <= 30% diagnostic reference
36047013200,155778,0,Census Tract 132; Kings County; New York,36,047,013200,Brooklyn,722,114,273,85,608,836,188,358,0.3781163434903047,0.06168223761497616,0.10146728087663578,0.27664906261366895,0.47958362436694046,0.20293456175327151,0.16313031339931425,proportion approximation,CV <= 30% diagnostic reference
36047013400,268233,0,Census Tract 134; Kings County; New York,36,047,013400,Brooklyn,1398,126,711,145,1272,1524,566,856,0.5085836909871244,0.0565598914840076,0.0930410214911925,0.4155426694959319,0.601624712478317,0.18608204298238507,0.11121058831876601,proportion approximation,CV <= 30% diagnostic reference
36047013600,214252,0,Census Tract 136; Kings County; New York,36,047,013600,Brooklyn,1560,258,809,232,1302,1818,577,1041,0.5185897435897436,0.07385728099984264,0.12149522724474114,0.3970945163450025,0.6400849708344848,0.2429904544894823,0.14241947881304637,proportion approximation,CV <= 30% diagnostic reference
36047013700,152453,0,Census Tract 137; Kings County; New York,36,047,013700,Brooklyn,1498,196,1004,184,1302,1694,820,1188,0.6702269692923899,0.05228391632374126,0.08600704235255438,0.5842199269398355,0.7562340116449443,0.17201408470510882,0.07800926957466574,proportion approximation,CV <= 30% diagnostic reference
36047013800,162579,0,Census Tract 138; Kings County; New York,36,047,013800,Brooklyn,1253,147,607,130,1106,1400,477,737,0.48443735035913804,0.052765924154071546,0.0867999452334477,0.39763740512569035,0.5712372955925857,0.1735998904668954,0.10892208066730091,proportion approximation,CV <= 30% diagnostic reference
36081044400,897125,0,Census Tract 444; Queens County; New York,36,081,044400,Queens,1436,176,841,188,1260,1612,653,1029,0.5856545961002786,0.06655788459064747,0.10948772015161509,0.47616687594866347,0.6951423162518937,0.21897544030323024,0.11364699437832315,proportion approximation,CV <= 30% diagnostic reference
36081058200,563649,0,Census Tract 582; Queens County; New York,36,081,058200,Queens,1478,226,163,93,1252,1704,70,256,0.11028416779431664,0.03685169603321023,0.06062103997463083,0.049663127819685814,0.17090520776894746,0.12124207994926164,0.33415218857107193,proportion approximation,CV > 30% diagnostic reference
36081108500,444817,0,Census Tract 1085; Queens County; New York,36,081,108500,Queens,1062,190,126,60,872,1252,66,186,0.11864406779661017,0.03182864766934588,0.05235812541607397,0.0662859423805362,0.17100219321268414,0.10471625083214794,0.26827003035591523,proportion approximation,CV <= 30% diagnostic reference
36081109300,1069850,458982,Census Tract 1093; Queens County; New York,36,081,109300,Queens,997,129,48,43,868,1126,5,91,0.048144433299899696,0.02594356025828546,0.04267715662487958,0.005467276675020116,0.09082158992477928,0.08535431324975916,0.5388693661981376,proportion approximation,CV > 30% diagnostic reference
36081141700,892280,0,Census Tract 1417; Queens County; New York,36,081,141700,Queens,1545,171,229,106,1374,1716,123,335,0.14822006472491908,0.04049742207624327,0.06661825931542018,0.0816018054094989,0.21483832404033926,0.13323651863084035,0.27322496553622644,proportion approximation,CV <= 30% diagnostic reference
36081006202,1152998,42795,Census Tract 62.02; Queens County; New York,36,081,006202,Queens,2395,168,230,156,2227,2563,74,386,0.09603340292275574,0.039383843843209976,0.06478642312208041,0.031246979800675326,0.16081982604483613,0.12957284624416082,0.41010567828038214,proportion approximation,CV > 30% diagnostic reference
36061016900,180002,0,Census Tract 169; New York County; New York,36,061,016900,Manhattan,4585,518,3510,449,4067,5103,3061,3959,0.7655398037077427,0.027921492754614616,0.045930855581341044,0.7196089481264016,0.8114706592890837,0.09186171116268205,0.03647294708829288,proportion approximation,CV <= 30% diagnostic reference
36061016400,177386,0,Census Tract 164; New York County; New York,36,061,016400,Manhattan,3425,470,2757,297,2955,3895,2460,3054,0.804963503649635,0.08536961825210576,0.14043302202471397,0.664530481624921,0.945396525674349,0.28086604404942794,0.10605402339987749,alternative ratio approximation,CV <= 30% diagnostic reference
