timestamp,date,hour,temperature_f,precipitation_in,temperature_source,precipitation_source,temperature_was_interpolated,dst_nonexistent_hour
2025-01-01 00:00:00,2025-01-01,0,44.96,0.0,reported_accepted,reported_accepted,False,False
2025-01-01 01:00:00,2025-01-01,1,44.96,0.0,reported_accepted,reported_accepted,False,False
2025-01-01 02:00:00,2025-01-01,2,44.96,0.0,reported_accepted,reported_accepted,False,False
2025-01-01 03:00:00,2025-01-01,3,46.94,0.0,reported_accepted,reported_accepted,False,False
2025-01-01 04:00:00,2025-01-01,4,48.02,0.0,reported_accepted,reported_accepted,False,False
2025-01-01 05:00:00,2025-01-01,5,46.94,0.0,reported_accepted,reported_accepted,False,False
2025-01-01 06:00:00,2025-01-01,6,46.94,0.0,reported_accepted,reported_accepted,False,False
2025-01-01 07:00:00,2025-01-01,7,46.94,0.0,reported_accepted,reported_accepted,False,False
2025-01-01 08:00:00,2025-01-01,8,48.02,0.0,reported_accepted,reported_accepted,False,False
2025-01-01 09:00:00,2025-01-01,9,48.02,0.0,reported_accepted,reported_accepted,False,False
2025-01-01 10:00:00,2025-01-01,10,50.0,0.0,reported_accepted,reported_accepted,False,False
2025-01-01 11:00:00,2025-01-01,11,50.0,0.0,reported_accepted,reported_accepted,False,False
2025-01-01 12:00:00,2025-01-01,12,48.92,0.0,reported_accepted,reported_accepted,False,False
2025-01-01 13:00:00,2025-01-01,13,46.94,0.0,reported_accepted,reported_accepted,False,False
2025-01-01 14:00:00,2025-01-01,14,46.04,0.0,reported_accepted,reported_accepted,False,False
2025-01-01 15:00:00,2025-01-01,15,44.96,0.0,reported_accepted,reported_accepted,False,False
2025-01-01 16:00:00,2025-01-01,16,44.06,0.0,reported_accepted,reported_accepted,False,False
2025-01-01 17:00:00,2025-01-01,17,42.980000000000004,0.0,reported_accepted,reported_accepted,False,False
2025-01-01 18:00:00,2025-01-01,18,42.980000000000004,0.0,reported_accepted,reported_accepted,False,False
2025-01-01 19:00:00,2025-01-01,19,42.980000000000004,0.0,reported_accepted,reported_accepted,False,False
2025-01-01 20:00:00,2025-01-01,20,42.08,0.0,reported_accepted,reported_accepted,False,False
2025-01-01 21:00:00,2025-01-01,21,41.0,0.0,reported_accepted,reported_accepted,False,False
2025-01-01 22:00:00,2025-01-01,22,41.0,0.0,reported_accepted,reported_accepted,False,False
2025-01-01 23:00:00,2025-01-01,23,39.92,0.0,reported_accepted,reported_accepted,False,False
2025-01-02 00:00:00,2025-01-02,0,39.02,0.0,reported_accepted,reported_accepted,False,False
2025-01-02 01:00:00,2025-01-02,1,37.94,0.0,reported_accepted,reported_accepted,False,False
2025-01-02 02:00:00,2025-01-02,2,39.02,0.0,reported_accepted,reported_accepted,False,False
2025-01-02 03:00:00,2025-01-02,3,39.02,0.0,reported_accepted,reported_accepted,False,False
2025-01-02 04:00:00,2025-01-02,4,39.02,0.0,reported_accepted,reported_accepted,False,False
2025-01-02 05:00:00,2025-01-02,5,37.94,0.0,reported_accepted,reported_accepted,False,False
2025-01-02 06:00:00,2025-01-02,6,37.04,0.0,reported_accepted,reported_accepted,False,False
2025-01-02 07:00:00,2025-01-02,7,37.04,0.0,reported_accepted,reported_accepted,False,False
2025-01-02 08:00:00,2025-01-02,8,37.94,0.0,reported_accepted,reported_accepted,False,False
2025-01-02 09:00:00,2025-01-02,9,39.02,0.0,reported_accepted,reported_accepted,False,False
2025-01-02 10:00:00,2025-01-02,10,41.0,0.0,reported_accepted,reported_accepted,False,False
2025-01-02 11:00:00,2025-01-02,11,41.0,0.0,reported_accepted,reported_accepted,False,False
2025-01-02 12:00:00,2025-01-02,12,42.08,0.0,reported_accepted,reported_accepted,False,False
2025-01-02 13:00:00,2025-01-02,13,42.08,0.0,reported_accepted,reported_accepted,False,False
2025-01-02 14:00:00,2025-01-02,14,41.0,0.0,reported_accepted,reported_accepted,False,False
2025-01-02 15:00:00,2025-01-02,15,39.92,0.0,reported_accepted,reported_accepted,False,False
2025-01-02 16:00:00,2025-01-02,16,37.94,0.0,reported_accepted,reported_accepted,False,False
2025-01-02 17:00:00,2025-01-02,17,37.04,0.0,reported_accepted,reported_accepted,False,False
2025-01-02 18:00:00,2025-01-02,18,37.04,0.0,reported_accepted,reported_accepted,False,False
2025-01-02 19:00:00,2025-01-02,19,35.96,0.0,reported_accepted,reported_accepted,False,False
2025-01-02 20:00:00,2025-01-02,20,35.06,0.0,reported_accepted,reported_accepted,False,False
2025-01-02 21:00:00,2025-01-02,21,33.98,0.0,reported_accepted,reported_accepted,False,False
2025-01-02 22:00:00,2025-01-02,22,33.98,0.0,reported_accepted,reported_accepted,False,False
2025-01-02 23:00:00,2025-01-02,23,33.98,0.0,reported_accepted,reported_accepted,False,False
2025-01-03 00:00:00,2025-01-03,0,33.08,0.0,reported_accepted,reported_accepted,False,False
2025-01-03 01:00:00,2025-01-03,1,33.98,0.0,reported_accepted,reported_accepted,False,False
2025-01-03 02:00:00,2025-01-03,2,33.98,0.0,reported_accepted,reported_accepted,False,False
2025-01-03 03:00:00,2025-01-03,3,33.98,0.0,reported_accepted,reported_accepted,False,False
2025-01-03 04:00:00,2025-01-03,4,33.98,0.0,reported_accepted,reported_accepted,False,False
2025-01-03 05:00:00,2025-01-03,5,33.08,0.0,reported_accepted,reported_accepted,False,False
2025-01-03 06:00:00,2025-01-03,6,33.08,0.0,reported_accepted,reported_accepted,False,False
2025-01-03 07:00:00,2025-01-03,7,33.08,0.0,reported_accepted,reported_accepted,False,False
2025-01-03 08:00:00,2025-01-03,8,33.98,0.0,reported_accepted,reported_accepted,False,False
2025-01-03 09:00:00,2025-01-03,9,35.06,0.0,reported_accepted,reported_accepted,False,False
2025-01-03 10:00:00,2025-01-03,10,35.96,0.0,reported_accepted,reported_accepted,False,False
2025-01-03 11:00:00,2025-01-03,11,37.04,0.0,reported_accepted,reported_accepted,False,False
2025-01-03 12:00:00,2025-01-03,12,37.94,0.0,reported_accepted,reported_accepted,False,False
2025-01-03 13:00:00,2025-01-03,13,37.04,0.0,reported_accepted,reported_accepted,False,False
2025-01-03 14:00:00,2025-01-03,14,37.94,0.0,reported_accepted,reported_accepted,False,False
2025-01-03 15:00:00,2025-01-03,15,37.04,0.0,reported_accepted,reported_accepted,False,False
2025-01-03 16:00:00,2025-01-03,16,35.96,0.0,reported_accepted,reported_accepted,False,False
2025-01-03 17:00:00,2025-01-03,17,35.06,0.0,reported_accepted,reported_accepted,False,False
2025-01-03 18:00:00,2025-01-03,18,35.06,0.0,reported_accepted,reported_accepted,False,False
2025-01-03 19:00:00,2025-01-03,19,33.08,0.0,reported_accepted,reported_accepted,False,False
2025-01-03 20:00:00,2025-01-03,20,32.0,0.0,reported_accepted,reported_accepted,False,False
2025-01-03 21:00:00,2025-01-03,21,32.0,0.0,reported_accepted,reported_accepted,False,False
2025-01-03 22:00:00,2025-01-03,22,30.92,0.0,reported_accepted,reported_accepted,False,False
2025-01-03 23:00:00,2025-01-03,23,30.92,0.0,reported_accepted,reported_accepted,False,False
2025-01-04 00:00:00,2025-01-04,0,30.02,0.0,reported_accepted,reported_accepted,False,False
2025-01-04 01:00:00,2025-01-04,1,30.02,0.0,reported_accepted,reported_accepted,False,False
2025-01-04 02:00:00,2025-01-04,2,30.92,0.0,reported_accepted,reported_accepted,False,False
2025-01-04 03:00:00,2025-01-04,3,30.92,0.0,reported_accepted,reported_accepted,False,False
2025-01-04 04:00:00,2025-01-04,4,30.02,0.0,reported_accepted,reported_accepted,False,False
2025-01-04 05:00:00,2025-01-04,5,30.02,0.0,reported_accepted,reported_accepted,False,False
2025-01-04 06:00:00,2025-01-04,6,30.02,0.0,reported_accepted,reported_accepted,False,False
2025-01-04 07:00:00,2025-01-04,7,30.92,0.0,reported_accepted,reported_accepted,False,False
2025-01-04 08:00:00,2025-01-04,8,30.92,0.0,reported_accepted,reported_accepted,False,False
2025-01-04 09:00:00,2025-01-04,9,32.0,0.0,reported_accepted,reported_accepted,False,False
2025-01-04 10:00:00,2025-01-04,10,32.0,0.0,reported_accepted,reported_accepted,False,False
2025-01-04 11:00:00,2025-01-04,11,32.0,0.0,reported_accepted,reported_accepted,False,False
2025-01-04 12:00:00,2025-01-04,12,32.0,0.0,reported_accepted,reported_accepted,False,False
2025-01-04 13:00:00,2025-01-04,13,32.0,0.0,reported_accepted,reported_accepted,False,False
2025-01-04 14:00:00,2025-01-04,14,30.92,0.0,reported_accepted,reported_accepted,False,False
2025-01-04 15:00:00,2025-01-04,15,30.92,0.0,reported_accepted,reported_accepted,False,False
2025-01-04 16:00:00,2025-01-04,16,30.92,0.0,reported_accepted,reported_accepted,False,False
2025-01-04 17:00:00,2025-01-04,17,30.92,0.0,reported_accepted,reported_accepted,False,False
2025-01-04 18:00:00,2025-01-04,18,30.92,0.0,reported_accepted,reported_accepted,False,False
2025-01-04 19:00:00,2025-01-04,19,30.02,0.0,reported_accepted,reported_accepted,False,False
2025-01-04 20:00:00,2025-01-04,20,30.02,0.0,reported_accepted,reported_accepted,False,False
2025-01-04 21:00:00,2025-01-04,21,28.94,0.0,reported_accepted,reported_accepted,False,False
2025-01-04 22:00:00,2025-01-04,22,28.94,0.0,reported_accepted,reported_accepted,False,False
2025-01-04 23:00:00,2025-01-04,23,28.94,0.0,reported_accepted,reported_accepted,False,False
2025-01-05 00:00:00,2025-01-05,0,28.04,0.0,reported_accepted,reported_accepted,False,False
2025-01-05 01:00:00,2025-01-05,1,28.04,0.0,reported_accepted,reported_accepted,False,False
2025-01-05 02:00:00,2025-01-05,2,28.04,0.0,reported_accepted,reported_accepted,False,False
2025-01-05 03:00:00,2025-01-05,3,28.04,0.0,reported_accepted,reported_accepted,False,False
2025-01-05 04:00:00,2025-01-05,4,28.04,0.0,reported_accepted,reported_accepted,False,False
2025-01-05 05:00:00,2025-01-05,5,28.04,0.0,reported_accepted,reported_accepted,False,False
2025-01-05 06:00:00,2025-01-05,6,28.04,0.0,reported_accepted,reported_accepted,False,False
2025-01-05 07:00:00,2025-01-05,7,28.04,0.0,reported_accepted,reported_accepted,False,False
2025-01-05 08:00:00,2025-01-05,8,28.04,0.0,reported_accepted,reported_accepted,False,False
2025-01-05 09:00:00,2025-01-05,9,28.94,0.0,reported_accepted,reported_accepted,False,False
2025-01-05 10:00:00,2025-01-05,10,30.02,0.0,reported_accepted,reported_accepted,False,False
2025-01-05 11:00:00,2025-01-05,11,30.02,0.0,reported_accepted,reported_accepted,False,False
2025-01-05 12:00:00,2025-01-05,12,30.92,0.0,reported_accepted,reported_accepted,False,False
2025-01-05 13:00:00,2025-01-05,13,33.08,0.0,reported_accepted,reported_accepted,False,False
2025-01-05 14:00:00,2025-01-05,14,32.0,0.0,reported_accepted,reported_accepted,False,False
2025-01-05 15:00:00,2025-01-05,15,32.0,0.0,reported_accepted,reported_accepted,False,False
2025-01-05 16:00:00,2025-01-05,16,30.92,0.0,reported_accepted,reported_accepted,False,False
2025-01-05 17:00:00,2025-01-05,17,30.92,0.0,reported_accepted,reported_accepted,False,False
2025-01-05 18:00:00,2025-01-05,18,30.02,0.0,reported_accepted,reported_accepted,False,False
2025-01-05 19:00:00,2025-01-05,19,30.02,0.0,reported_accepted,reported_accepted,False,False
2025-01-05 20:00:00,2025-01-05,20,30.02,0.0,reported_accepted,reported_accepted,False,False
2025-01-05 21:00:00,2025-01-05,21,30.02,0.0,reported_accepted,reported_accepted,False,False
2025-01-05 22:00:00,2025-01-05,22,30.02,0.0,reported_accepted,reported_accepted,False,False
2025-01-05 23:00:00,2025-01-05,23,28.94,0.0,reported_accepted,reported_accepted,False,False
2025-01-06 00:00:00,2025-01-06,0,28.04,0.0,reported_accepted,reported_accepted,False,False
2025-01-06 01:00:00,2025-01-06,1,28.04,0.0,reported_accepted,reported_accepted,False,False
2025-01-06 02:00:00,2025-01-06,2,28.94,0.0,reported_accepted,reported_accepted,False,False
2025-01-06 03:00:00,2025-01-06,3,28.94,0.0,reported_accepted,reported_accepted,False,False
2025-01-06 04:00:00,2025-01-06,4,28.94,0.0,reported_accepted,reported_accepted,False,False
2025-01-06 05:00:00,2025-01-06,5,30.02,0.0,reported_accepted,reported_accepted,False,False
2025-01-06 06:00:00,2025-01-06,6,30.02,0.0,reported_accepted,reported_accepted,False,False
2025-01-06 07:00:00,2025-01-06,7,30.02,0.0,reported_accepted,reported_accepted,False,False
2025-01-06 08:00:00,2025-01-06,8,30.02,0.0,reported_accepted,reported_accepted,False,False
2025-01-06 09:00:00,2025-01-06,9,30.02,0.0,reported_accepted,reported_accepted,False,False
2025-01-06 10:00:00,2025-01-06,10,28.04,0.011811023622047244,reported_accepted,reported_accepted,False,False
2025-01-06 11:00:00,2025-01-06,11,28.94,0.011811023622047244,reported_accepted,reported_accepted,False,False
2025-01-06 12:00:00,2025-01-06,12,28.04,0.03937007874015748,reported_accepted,reported_accepted,False,False
2025-01-06 13:00:00,2025-01-06,13,28.94,0.01968503937007874,reported_accepted,reported_accepted,False,False
2025-01-06 14:00:00,2025-01-06,14,28.94,0.0,reported_accepted,reported_accepted,False,False
2025-01-06 15:00:00,2025-01-06,15,30.02,0.0,reported_accepted,reported_accepted,False,False
2025-01-06 16:00:00,2025-01-06,16,30.02,0.0,reported_accepted,reported_accepted,False,False
2025-01-06 17:00:00,2025-01-06,17,28.94,0.0,reported_accepted,reported_accepted,False,False
2025-01-06 18:00:00,2025-01-06,18,28.04,0.0,reported_accepted,reported_accepted,False,False
2025-01-06 19:00:00,2025-01-06,19,26.96,0.0,reported_accepted,reported_accepted,False,False
2025-01-06 20:00:00,2025-01-06,20,24.98,0.0,reported_accepted,reported_accepted,False,False
2025-01-06 21:00:00,2025-01-06,21,24.08,0.0,reported_accepted,reported_accepted,False,False
2025-01-06 22:00:00,2025-01-06,22,23.0,0.0,reported_accepted,reported_accepted,False,False
2025-01-06 23:00:00,2025-01-06,23,21.92,0.0,reported_accepted,reported_accepted,False,False
2025-01-07 00:00:00,2025-01-07,0,19.04,0.0,reported_accepted,reported_accepted,False,False
2025-01-07 01:00:00,2025-01-07,1,19.04,0.0,reported_accepted,reported_accepted,False,False
2025-01-07 02:00:00,2025-01-07,2,19.939999999999998,0.0,reported_accepted,reported_accepted,False,False
2025-01-07 03:00:00,2025-01-07,3,21.02,0.0,reported_accepted,reported_accepted,False,False
2025-01-07 04:00:00,2025-01-07,4,21.92,0.0,reported_accepted,reported_accepted,False,False
2025-01-07 05:00:00,2025-01-07,5,21.92,0.0,reported_accepted,reported_accepted,False,False
2025-01-07 06:00:00,2025-01-07,6,21.92,0.0,reported_accepted,reported_accepted,False,False
2025-01-07 07:00:00,2025-01-07,7,23.0,0.0,reported_accepted,reported_accepted,False,False
2025-01-07 08:00:00,2025-01-07,8,24.08,0.0,reported_accepted,reported_accepted,False,False
2025-01-07 09:00:00,2025-01-07,9,24.08,0.0,reported_accepted,reported_accepted,False,False
2025-01-07 10:00:00,2025-01-07,10,26.060000000000002,0.0,reported_accepted,reported_accepted,False,False
2025-01-07 11:00:00,2025-01-07,11,28.94,0.0,reported_accepted,reported_accepted,False,False
2025-01-07 12:00:00,2025-01-07,12,30.02,0.0,reported_accepted,reported_accepted,False,False
2025-01-07 13:00:00,2025-01-07,13,32.0,0.0,reported_accepted,reported_accepted,False,False
2025-01-07 14:00:00,2025-01-07,14,32.0,0.0,reported_accepted,reported_accepted,False,False
2025-01-07 15:00:00,2025-01-07,15,32.0,0.0,reported_accepted,reported_accepted,False,False
2025-01-07 16:00:00,2025-01-07,16,30.02,0.0,reported_accepted,reported_accepted,False,False
2025-01-07 17:00:00,2025-01-07,17,28.94,0.0,reported_accepted,reported_accepted,False,False
2025-01-07 18:00:00,2025-01-07,18,28.04,0.0,reported_accepted,reported_accepted,False,False
2025-01-07 19:00:00,2025-01-07,19,26.96,0.0,reported_accepted,reported_accepted,False,False
2025-01-07 20:00:00,2025-01-07,20,26.96,0.0,reported_accepted,reported_accepted,False,False
2025-01-07 21:00:00,2025-01-07,21,26.96,0.0,reported_accepted,reported_accepted,False,False
2025-01-07 22:00:00,2025-01-07,22,26.96,0.0,reported_accepted,reported_accepted,False,False
2025-01-07 23:00:00,2025-01-07,23,26.96,0.0,reported_accepted,reported_accepted,False,False
2025-01-08 00:00:00,2025-01-08,0,26.96,0.0,reported_accepted,reported_accepted,False,False
2025-01-08 01:00:00,2025-01-08,1,26.060000000000002,0.0,reported_accepted,reported_accepted,False,False
2025-01-08 02:00:00,2025-01-08,2,26.060000000000002,0.0,reported_accepted,reported_accepted,False,False
2025-01-08 03:00:00,2025-01-08,3,26.060000000000002,0.0,reported_accepted,reported_accepted,False,False
2025-01-08 04:00:00,2025-01-08,4,24.98,0.0,reported_accepted,reported_accepted,False,False
2025-01-08 05:00:00,2025-01-08,5,24.98,0.0,reported_accepted,reported_accepted,False,False
2025-01-08 06:00:00,2025-01-08,6,24.08,0.0,reported_accepted,reported_accepted,False,False
2025-01-08 07:00:00,2025-01-08,7,24.08,0.0,reported_accepted,reported_accepted,False,False
2025-01-08 08:00:00,2025-01-08,8,24.08,0.0,reported_accepted,reported_accepted,False,False
2025-01-08 09:00:00,2025-01-08,9,26.060000000000002,0.0,reported_accepted,reported_accepted,False,False
2025-01-08 10:00:00,2025-01-08,10,26.96,0.0,reported_accepted,reported_accepted,False,False
2025-01-08 11:00:00,2025-01-08,11,26.96,0.0,reported_accepted,reported_accepted,False,False
2025-01-08 12:00:00,2025-01-08,12,28.94,0.0,reported_accepted,reported_accepted,False,False
2025-01-08 13:00:00,2025-01-08,13,28.94,0.0,reported_accepted,reported_accepted,False,False
2025-01-08 14:00:00,2025-01-08,14,28.94,0.0,reported_accepted,reported_accepted,False,False
2025-01-08 15:00:00,2025-01-08,15,26.96,0.0,reported_accepted,reported_accepted,False,False
2025-01-08 16:00:00,2025-01-08,16,26.060000000000002,0.0,reported_accepted,reported_accepted,False,False
2025-01-08 17:00:00,2025-01-08,17,24.08,0.0,reported_accepted,reported_accepted,False,False
2025-01-08 18:00:00,2025-01-08,18,23.0,0.0,reported_accepted,reported_accepted,False,False
2025-01-08 19:00:00,2025-01-08,19,23.0,0.0,reported_accepted,reported_accepted,False,False
2025-01-08 20:00:00,2025-01-08,20,23.0,0.0,reported_accepted,reported_accepted,False,False
2025-01-08 21:00:00,2025-01-08,21,23.0,0.0,reported_accepted,reported_accepted,False,False
2025-01-08 22:00:00,2025-01-08,22,23.0,0.0,reported_accepted,reported_accepted,False,False
2025-01-08 23:00:00,2025-01-08,23,23.0,0.0,reported_accepted,reported_accepted,False,False
2025-01-09 00:00:00,2025-01-09,0,21.92,0.0,reported_accepted,reported_accepted,False,False
2025-01-09 01:00:00,2025-01-09,1,23.0,0.0,reported_accepted,reported_accepted,False,False
2025-01-09 02:00:00,2025-01-09,2,24.08,0.0,reported_accepted,reported_accepted,False,False
2025-01-09 03:00:00,2025-01-09,3,24.08,0.0,reported_accepted,reported_accepted,False,False
2025-01-09 04:00:00,2025-01-09,4,23.0,0.0,reported_accepted,reported_accepted,False,False
2025-01-09 05:00:00,2025-01-09,5,23.0,0.0,reported_accepted,reported_accepted,False,False
2025-01-09 06:00:00,2025-01-09,6,23.0,0.0,reported_accepted,reported_accepted,False,False
2025-01-09 07:00:00,2025-01-09,7,23.0,0.0,reported_accepted,reported_accepted,False,False
2025-01-09 08:00:00,2025-01-09,8,24.08,0.0,reported_accepted,reported_accepted,False,False
2025-01-09 09:00:00,2025-01-09,9,26.060000000000002,0.0,reported_accepted,reported_accepted,False,False
2025-01-09 10:00:00,2025-01-09,10,28.04,0.0,reported_accepted,reported_accepted,False,False
2025-01-09 11:00:00,2025-01-09,11,28.94,0.0,reported_accepted,reported_accepted,False,False
2025-01-09 12:00:00,2025-01-09,12,30.92,0.0,reported_accepted,reported_accepted,False,False
2025-01-09 13:00:00,2025-01-09,13,32.0,0.0,reported_accepted,reported_accepted,False,False
2025-01-09 14:00:00,2025-01-09,14,33.08,0.0,reported_accepted,reported_accepted,False,False
2025-01-09 15:00:00,2025-01-09,15,32.0,0.0,reported_accepted,reported_accepted,False,False
2025-01-09 16:00:00,2025-01-09,16,30.02,0.0,reported_accepted,reported_accepted,False,False
2025-01-09 17:00:00,2025-01-09,17,28.94,0.0,reported_accepted,reported_accepted,False,False
2025-01-09 18:00:00,2025-01-09,18,28.94,0.0,reported_accepted,reported_accepted,False,False
2025-01-09 19:00:00,2025-01-09,19,28.94,0.0,reported_accepted,reported_accepted,False,False
2025-01-09 20:00:00,2025-01-09,20,28.04,0.0,reported_accepted,reported_accepted,False,False
2025-01-09 21:00:00,2025-01-09,21,28.04,0.0,reported_accepted,reported_accepted,False,False
2025-01-09 22:00:00,2025-01-09,22,28.04,0.0,reported_accepted,reported_accepted,False,False
2025-01-09 23:00:00,2025-01-09,23,28.04,0.0,reported_accepted,reported_accepted,False,False
2025-01-10 00:00:00,2025-01-10,0,28.04,0.0,reported_accepted,reported_accepted,False,False
2025-01-10 01:00:00,2025-01-10,1,28.04,0.0,reported_accepted,reported_accepted,False,False
2025-01-10 02:00:00,2025-01-10,2,28.04,0.0,reported_accepted,reported_accepted,False,False
2025-01-10 03:00:00,2025-01-10,3,26.96,0.0,reported_accepted,reported_accepted,False,False
2025-01-10 04:00:00,2025-01-10,4,26.96,0.0,reported_accepted,reported_accepted,False,False
2025-01-10 05:00:00,2025-01-10,5,26.96,0.0,reported_accepted,reported_accepted,False,False
2025-01-10 06:00:00,2025-01-10,6,28.04,0.0,reported_accepted,reported_accepted,False,False
2025-01-10 07:00:00,2025-01-10,7,28.04,0.0,reported_accepted,reported_accepted,False,False
2025-01-10 08:00:00,2025-01-10,8,30.02,0.0,reported_accepted,reported_accepted,False,False
2025-01-10 09:00:00,2025-01-10,9,30.92,0.0,reported_accepted,reported_accepted,False,False
2025-01-10 10:00:00,2025-01-10,10,33.08,0.0,reported_accepted,reported_accepted,False,False
2025-01-10 11:00:00,2025-01-10,11,35.06,0.0,reported_accepted,reported_accepted,False,False
2025-01-10 12:00:00,2025-01-10,12,37.04,0.0,reported_accepted,reported_accepted,False,False
2025-01-10 13:00:00,2025-01-10,13,39.02,0.0,reported_accepted,reported_accepted,False,False
2025-01-10 14:00:00,2025-01-10,14,39.02,0.0,reported_accepted,reported_accepted,False,False
2025-01-10 15:00:00,2025-01-10,15,37.94,0.0,reported_accepted,reported_accepted,False,False
2025-01-10 16:00:00,2025-01-10,16,37.04,0.0,reported_accepted,reported_accepted,False,False
2025-01-10 17:00:00,2025-01-10,17,35.96,0.0,reported_accepted,reported_accepted,False,False
2025-01-10 18:00:00,2025-01-10,18,35.96,0.0,reported_accepted,reported_accepted,False,False
2025-01-10 19:00:00,2025-01-10,19,35.96,0.0,reported_accepted,reported_accepted,False,False
2025-01-10 20:00:00,2025-01-10,20,35.06,0.0,reported_accepted,reported_accepted,False,False
2025-01-10 21:00:00,2025-01-10,21,35.06,0.0,reported_accepted,reported_accepted,False,False
2025-01-10 22:00:00,2025-01-10,22,35.06,0.0,reported_accepted,reported_accepted,False,False
2025-01-10 23:00:00,2025-01-10,23,35.06,0.0,reported_accepted,reported_accepted,False,False
2025-01-11 00:00:00,2025-01-11,0,33.98,0.0,reported_accepted,reported_accepted,False,False
2025-01-11 01:00:00,2025-01-11,1,33.98,0.0,reported_accepted,reported_accepted,False,False
2025-01-11 02:00:00,2025-01-11,2,33.98,0.0,reported_accepted,reported_accepted,False,False
2025-01-11 03:00:00,2025-01-11,3,32.0,0.0,reported_accepted,reported_accepted,False,False
2025-01-11 04:00:00,2025-01-11,4,28.04,0.01968503937007874,reported_accepted,reported_accepted,False,False
2025-01-11 05:00:00,2025-01-11,5,28.94,0.0,reported_accepted,reported_accepted,False,False
2025-01-11 06:00:00,2025-01-11,6,28.04,0.0,reported_accepted,reported_accepted,False,False
2025-01-11 07:00:00,2025-01-11,7,28.94,0.0,reported_accepted,reported_accepted,False,False
2025-01-11 08:00:00,2025-01-11,8,28.94,0.0,reported_accepted,reported_accepted,False,False
2025-01-11 09:00:00,2025-01-11,9,30.02,0.0,reported_accepted,reported_accepted,False,False
2025-01-11 10:00:00,2025-01-11,10,30.92,0.0,reported_accepted,reported_accepted,False,False
2025-01-11 11:00:00,2025-01-11,11,32.0,0.0,reported_accepted,reported_accepted,False,False
2025-01-11 12:00:00,2025-01-11,12,33.08,0.0,reported_accepted,reported_accepted,False,False
2025-01-11 13:00:00,2025-01-11,13,33.98,0.0,reported_accepted,reported_accepted,False,False
2025-01-11 14:00:00,2025-01-11,14,35.06,0.0,reported_accepted,reported_accepted,False,False
2025-01-11 15:00:00,2025-01-11,15,35.96,0.0,reported_accepted,reported_accepted,False,False
2025-01-11 16:00:00,2025-01-11,16,35.06,0.0,reported_accepted,reported_accepted,False,False
2025-01-11 17:00:00,2025-01-11,17,33.08,0.0,reported_accepted,reported_accepted,False,False
2025-01-11 18:00:00,2025-01-11,18,32.0,0.0,reported_accepted,reported_accepted,False,False
2025-01-11 19:00:00,2025-01-11,19,32.0,0.0,reported_accepted,reported_accepted,False,False
2025-01-11 20:00:00,2025-01-11,20,30.92,0.0,reported_accepted,reported_accepted,False,False
2025-01-11 21:00:00,2025-01-11,21,30.92,0.0,reported_accepted,reported_accepted,False,False
2025-01-11 22:00:00,2025-01-11,22,30.92,0.0,reported_accepted,reported_accepted,False,False
2025-01-11 23:00:00,2025-01-11,23,30.92,0.0,reported_accepted,reported_accepted,False,False
2025-01-12 00:00:00,2025-01-12,0,30.92,0.0,reported_accepted,reported_accepted,False,False
2025-01-12 01:00:00,2025-01-12,1,30.92,0.0,reported_accepted,reported_accepted,False,False
2025-01-12 02:00:00,2025-01-12,2,30.92,0.0,reported_accepted,reported_accepted,False,False
2025-01-12 03:00:00,2025-01-12,3,32.0,0.0,reported_accepted,reported_accepted,False,False
2025-01-12 04:00:00,2025-01-12,4,33.08,0.0,reported_accepted,reported_accepted,False,False
2025-01-12 05:00:00,2025-01-12,5,33.08,0.0,reported_accepted,reported_accepted,False,False
2025-01-12 06:00:00,2025-01-12,6,32.0,0.0,reported_accepted,reported_accepted,False,False
2025-01-12 07:00:00,2025-01-12,7,32.0,0.0,reported_accepted,reported_accepted,False,False
2025-01-12 08:00:00,2025-01-12,8,33.08,0.0,reported_accepted,reported_accepted,False,False
2025-01-12 09:00:00,2025-01-12,9,35.06,0.0,reported_accepted,reported_accepted,False,False
2025-01-12 10:00:00,2025-01-12,10,37.04,0.0,reported_accepted,reported_accepted,False,False
2025-01-12 11:00:00,2025-01-12,11,39.92,0.0,reported_accepted,reported_accepted,False,False
2025-01-12 12:00:00,2025-01-12,12,41.0,0.0,reported_accepted,reported_accepted,False,False
2025-01-12 13:00:00,2025-01-12,13,41.0,0.0,reported_accepted,reported_accepted,False,False
2025-01-12 14:00:00,2025-01-12,14,41.0,0.0,reported_accepted,reported_accepted,False,False
2025-01-12 15:00:00,2025-01-12,15,39.92,0.0,reported_accepted,reported_accepted,False,False
2025-01-12 16:00:00,2025-01-12,16,39.02,0.0,reported_accepted,reported_accepted,False,False
2025-01-12 17:00:00,2025-01-12,17,39.02,0.0,reported_accepted,reported_accepted,False,False
2025-01-12 18:00:00,2025-01-12,18,39.02,0.0,reported_accepted,reported_accepted,False,False
2025-01-12 19:00:00,2025-01-12,19,39.02,0.0,reported_accepted,reported_accepted,False,False
2025-01-12 20:00:00,2025-01-12,20,37.04,0.0,reported_accepted,reported_accepted,False,False
2025-01-12 21:00:00,2025-01-12,21,39.02,0.0,reported_accepted,reported_accepted,False,False
2025-01-12 22:00:00,2025-01-12,22,37.94,0.0,reported_accepted,reported_accepted,False,False
2025-01-12 23:00:00,2025-01-12,23,37.94,0.0,reported_accepted,reported_accepted,False,False
2025-01-13 00:00:00,2025-01-13,0,37.04,0.0,reported_accepted,reported_accepted,False,False
2025-01-13 01:00:00,2025-01-13,1,37.04,0.0,reported_accepted,reported_accepted,False,False
2025-01-13 02:00:00,2025-01-13,2,35.96,0.0,reported_accepted,reported_accepted,False,False
2025-01-13 03:00:00,2025-01-13,3,35.96,0.0,reported_accepted,reported_accepted,False,False
2025-01-13 04:00:00,2025-01-13,4,35.96,0.0,reported_accepted,reported_accepted,False,False
2025-01-13 05:00:00,2025-01-13,5,35.06,0.0,reported_accepted,reported_accepted,False,False
2025-01-13 06:00:00,2025-01-13,6,35.06,0.0,reported_accepted,reported_accepted,False,False
2025-01-13 07:00:00,2025-01-13,7,33.98,0.0,reported_accepted,reported_accepted,False,False
2025-01-13 08:00:00,2025-01-13,8,35.06,0.0,reported_accepted,reported_accepted,False,False
2025-01-13 09:00:00,2025-01-13,9,35.96,0.0,reported_accepted,reported_accepted,False,False
2025-01-13 10:00:00,2025-01-13,10,37.04,0.0,reported_accepted,reported_accepted,False,False
2025-01-13 11:00:00,2025-01-13,11,37.94,0.0,reported_accepted,reported_accepted,False,False
2025-01-13 12:00:00,2025-01-13,12,39.92,0.0,reported_accepted,reported_accepted,False,False
2025-01-13 13:00:00,2025-01-13,13,39.92,0.0,reported_accepted,reported_accepted,False,False
2025-01-13 14:00:00,2025-01-13,14,41.0,0.0,reported_accepted,reported_accepted,False,False
2025-01-13 15:00:00,2025-01-13,15,42.08,0.0,reported_accepted,reported_accepted,False,False
2025-01-13 16:00:00,2025-01-13,16,41.0,0.0,reported_accepted,reported_accepted,False,False
2025-01-13 17:00:00,2025-01-13,17,39.92,0.0,reported_accepted,reported_accepted,False,False
2025-01-13 18:00:00,2025-01-13,18,39.02,0.0,reported_accepted,reported_accepted,False,False
2025-01-13 19:00:00,2025-01-13,19,39.02,0.0,reported_accepted,reported_accepted,False,False
2025-01-13 20:00:00,2025-01-13,20,37.94,0.0,reported_accepted,reported_accepted,False,False
2025-01-13 21:00:00,2025-01-13,21,37.94,0.0,reported_accepted,reported_accepted,False,False
2025-01-13 22:00:00,2025-01-13,22,37.04,0.0,reported_accepted,reported_accepted,False,False
2025-01-13 23:00:00,2025-01-13,23,35.06,0.0,reported_accepted,reported_accepted,False,False
2025-01-14 00:00:00,2025-01-14,0,33.08,0.0,reported_accepted,reported_accepted,False,False
2025-01-14 01:00:00,2025-01-14,1,32.0,0.0,reported_accepted,reported_accepted,False,False
2025-01-14 02:00:00,2025-01-14,2,30.92,0.0,reported_accepted,reported_accepted,False,False
2025-01-14 03:00:00,2025-01-14,3,30.02,0.0,reported_accepted,reported_accepted,False,False
2025-01-14 04:00:00,2025-01-14,4,30.02,0.0,reported_accepted,reported_accepted,False,False
2025-01-14 05:00:00,2025-01-14,5,30.02,0.0,reported_accepted,reported_accepted,False,False
2025-01-14 06:00:00,2025-01-14,6,28.94,0.0,reported_accepted,reported_accepted,False,False
2025-01-14 07:00:00,2025-01-14,7,28.04,0.0,reported_accepted,reported_accepted,False,False
2025-01-14 08:00:00,2025-01-14,8,28.04,0.0,reported_accepted,reported_accepted,False,False
2025-01-14 09:00:00,2025-01-14,9,28.94,0.0,reported_accepted,reported_accepted,False,False
2025-01-14 10:00:00,2025-01-14,10,30.02,0.0,reported_accepted,reported_accepted,False,False
2025-01-14 11:00:00,2025-01-14,11,30.92,0.0,reported_accepted,reported_accepted,False,False
2025-01-14 12:00:00,2025-01-14,12,32.0,0.0,reported_accepted,reported_accepted,False,False
2025-01-14 13:00:00,2025-01-14,13,32.0,0.0,reported_accepted,reported_accepted,False,False
2025-01-14 14:00:00,2025-01-14,14,32.0,0.0,reported_accepted,reported_accepted,False,False
2025-01-14 15:00:00,2025-01-14,15,32.0,0.0,reported_accepted,reported_accepted,False,False
2025-01-14 16:00:00,2025-01-14,16,30.92,0.0,reported_accepted,reported_accepted,False,False
2025-01-14 17:00:00,2025-01-14,17,30.02,0.0,reported_accepted,reported_accepted,False,False
2025-01-14 18:00:00,2025-01-14,18,30.02,0.0,reported_accepted,reported_accepted,False,False
2025-01-14 19:00:00,2025-01-14,19,28.94,0.0,reported_accepted,reported_accepted,False,False
2025-01-14 20:00:00,2025-01-14,20,28.04,0.0,reported_accepted,reported_accepted,False,False
2025-01-14 21:00:00,2025-01-14,21,28.04,0.0,reported_accepted,reported_accepted,False,False
2025-01-14 22:00:00,2025-01-14,22,26.060000000000002,0.0,reported_accepted,reported_accepted,False,False
2025-01-14 23:00:00,2025-01-14,23,24.98,0.0,reported_accepted,reported_accepted,False,False
2025-01-15 00:00:00,2025-01-15,0,24.08,0.0,reported_accepted,reported_accepted,False,False
2025-01-15 01:00:00,2025-01-15,1,24.08,0.0,reported_accepted,reported_accepted,False,False
2025-01-15 02:00:00,2025-01-15,2,23.0,0.0,reported_accepted,reported_accepted,False,False
2025-01-15 03:00:00,2025-01-15,3,23.0,0.0,reported_accepted,reported_accepted,False,False
2025-01-15 04:00:00,2025-01-15,4,23.0,0.0,reported_accepted,reported_accepted,False,False
2025-01-15 05:00:00,2025-01-15,5,23.0,0.0,reported_accepted,reported_accepted,False,False
2025-01-15 06:00:00,2025-01-15,6,23.0,0.0,reported_accepted,reported_accepted,False,False
2025-01-15 07:00:00,2025-01-15,7,24.08,0.0,reported_accepted,reported_accepted,False,False
2025-01-15 08:00:00,2025-01-15,8,24.98,0.0,reported_accepted,reported_accepted,False,False
2025-01-15 09:00:00,2025-01-15,9,26.96,0.0,reported_accepted,reported_accepted,False,False
2025-01-15 10:00:00,2025-01-15,10,28.04,0.0,reported_accepted,reported_accepted,False,False
2025-01-15 11:00:00,2025-01-15,11,30.02,0.0,reported_accepted,reported_accepted,False,False
2025-01-15 12:00:00,2025-01-15,12,30.02,0.0,reported_accepted,reported_accepted,False,False
2025-01-15 13:00:00,2025-01-15,13,30.92,0.0,reported_accepted,reported_accepted,False,False
2025-01-15 14:00:00,2025-01-15,14,30.92,0.0,reported_accepted,reported_accepted,False,False
2025-01-15 15:00:00,2025-01-15,15,30.92,0.0,reported_accepted,reported_accepted,False,False
2025-01-15 16:00:00,2025-01-15,16,30.02,0.0,reported_accepted,reported_accepted,False,False
2025-01-15 17:00:00,2025-01-15,17,28.94,0.0,reported_accepted,reported_accepted,False,False
2025-01-15 18:00:00,2025-01-15,18,28.04,0.0,reported_accepted,reported_accepted,False,False
2025-01-15 19:00:00,2025-01-15,19,28.04,0.0,reported_accepted,reported_accepted,False,False
2025-01-15 20:00:00,2025-01-15,20,26.96,0.0,reported_accepted,reported_accepted,False,False
2025-01-15 21:00:00,2025-01-15,21,26.96,0.0,reported_accepted,reported_accepted,False,False
2025-01-15 22:00:00,2025-01-15,22,26.060000000000002,0.0,reported_accepted,reported_accepted,False,False
2025-01-15 23:00:00,2025-01-15,23,26.96,0.0,reported_accepted,reported_accepted,False,False
2025-01-16 00:00:00,2025-01-16,0,26.96,0.0,reported_accepted,reported_accepted,False,False
2025-01-16 01:00:00,2025-01-16,1,26.96,0.0,reported_accepted,reported_accepted,False,False
2025-01-16 02:00:00,2025-01-16,2,26.060000000000002,0.0,reported_accepted,reported_accepted,False,False
2025-01-16 03:00:00,2025-01-16,3,24.98,0.0,reported_accepted,reported_accepted,False,False
2025-01-16 04:00:00,2025-01-16,4,24.98,0.0,reported_accepted,reported_accepted,False,False
2025-01-16 05:00:00,2025-01-16,5,24.08,0.0,reported_accepted,reported_accepted,False,False
2025-01-16 06:00:00,2025-01-16,6,23.0,0.0,reported_accepted,reported_accepted,False,False
2025-01-16 07:00:00,2025-01-16,7,23.0,0.0,reported_accepted,reported_accepted,False,False
2025-01-16 08:00:00,2025-01-16,8,24.08,0.0,reported_accepted,reported_accepted,False,False
2025-01-16 09:00:00,2025-01-16,9,26.060000000000002,0.0,reported_accepted,reported_accepted,False,False
2025-01-16 10:00:00,2025-01-16,10,28.04,0.0,reported_accepted,reported_accepted,False,False
2025-01-16 11:00:00,2025-01-16,11,26.96,0.0,reported_accepted,reported_accepted,False,False
2025-01-16 12:00:00,2025-01-16,12,28.94,0.0,reported_accepted,reported_accepted,False,False
2025-01-16 13:00:00,2025-01-16,13,28.94,0.0,reported_accepted,reported_accepted,False,False
2025-01-16 14:00:00,2025-01-16,14,28.94,0.0,reported_accepted,reported_accepted,False,False
2025-01-16 15:00:00,2025-01-16,15,28.94,0.0,reported_accepted,reported_accepted,False,False
2025-01-16 16:00:00,2025-01-16,16,28.94,0.0,reported_accepted,reported_accepted,False,False
2025-01-16 17:00:00,2025-01-16,17,28.94,0.0,reported_accepted,reported_accepted,False,False
2025-01-16 18:00:00,2025-01-16,18,28.04,0.0,reported_accepted,reported_accepted,False,False
2025-01-16 19:00:00,2025-01-16,19,28.04,0.0,reported_accepted,reported_accepted,False,False
2025-01-16 20:00:00,2025-01-16,20,28.04,0.0,reported_accepted,reported_accepted,False,False
2025-01-16 21:00:00,2025-01-16,21,26.96,0.0,reported_accepted,reported_accepted,False,False
2025-01-16 22:00:00,2025-01-16,22,26.96,0.0,reported_accepted,reported_accepted,False,False
2025-01-16 23:00:00,2025-01-16,23,26.060000000000002,0.0,reported_accepted,reported_accepted,False,False
2025-01-17 00:00:00,2025-01-17,0,26.96,0.0,reported_accepted,reported_accepted,False,False
2025-01-17 01:00:00,2025-01-17,1,26.060000000000002,0.0,reported_accepted,reported_accepted,False,False
2025-01-17 02:00:00,2025-01-17,2,26.060000000000002,0.0,reported_accepted,reported_accepted,False,False
2025-01-17 03:00:00,2025-01-17,3,26.060000000000002,0.0,reported_accepted,reported_accepted,False,False
2025-01-17 04:00:00,2025-01-17,4,26.060000000000002,0.0,reported_accepted,reported_accepted,False,False
2025-01-17 05:00:00,2025-01-17,5,26.96,0.0,reported_accepted,reported_accepted,False,False
2025-01-17 06:00:00,2025-01-17,6,26.96,0.0,reported_accepted,reported_accepted,False,False
2025-01-17 07:00:00,2025-01-17,7,26.96,0.0,reported_accepted,reported_accepted,False,False
2025-01-17 08:00:00,2025-01-17,8,28.94,0.0,reported_accepted,reported_accepted,False,False
2025-01-17 09:00:00,2025-01-17,9,30.92,0.0,reported_accepted,reported_accepted,False,False
2025-01-17 10:00:00,2025-01-17,10,33.08,0.0,reported_accepted,reported_accepted,False,False
2025-01-17 11:00:00,2025-01-17,11,37.94,0.0,reported_accepted,reported_accepted,False,False
2025-01-17 12:00:00,2025-01-17,12,39.02,0.0,reported_accepted,reported_accepted,False,False
2025-01-17 13:00:00,2025-01-17,13,41.0,0.0,reported_accepted,reported_accepted,False,False
2025-01-17 14:00:00,2025-01-17,14,42.08,0.0,reported_accepted,reported_accepted,False,False
2025-01-17 15:00:00,2025-01-17,15,41.0,0.0,reported_accepted,reported_accepted,False,False
2025-01-17 16:00:00,2025-01-17,16,39.92,0.0,reported_accepted,reported_accepted,False,False
2025-01-17 17:00:00,2025-01-17,17,39.92,0.0,reported_accepted,reported_accepted,False,False
2025-01-17 18:00:00,2025-01-17,18,39.02,0.0,reported_accepted,reported_accepted,False,False
2025-01-17 19:00:00,2025-01-17,19,39.02,0.0,reported_accepted,reported_accepted,False,False
2025-01-17 20:00:00,2025-01-17,20,37.94,0.0,reported_accepted,reported_accepted,False,False
2025-01-17 21:00:00,2025-01-17,21,39.02,0.0,reported_accepted,reported_accepted,False,False
2025-01-17 22:00:00,2025-01-17,22,37.04,0.0,reported_accepted,reported_accepted,False,False
2025-01-17 23:00:00,2025-01-17,23,37.04,0.0,reported_accepted,reported_accepted,False,False
2025-01-18 00:00:00,2025-01-18,0,37.04,0.0,reported_accepted,reported_accepted,False,False
2025-01-18 01:00:00,2025-01-18,1,35.96,0.0,reported_accepted,reported_accepted,False,False
2025-01-18 02:00:00,2025-01-18,2,35.96,0.0,reported_accepted,reported_accepted,False,False
2025-01-18 03:00:00,2025-01-18,3,37.04,0.0,reported_accepted,reported_accepted,False,False
2025-01-18 04:00:00,2025-01-18,4,37.94,0.0,reported_accepted,reported_accepted,False,False
2025-01-18 05:00:00,2025-01-18,5,37.94,0.0,reported_accepted,reported_accepted,False,False
2025-01-18 06:00:00,2025-01-18,6,39.02,0.0,reported_accepted,reported_accepted,False,False
2025-01-18 07:00:00,2025-01-18,7,41.0,0.0,reported_accepted,reported_accepted,False,False
2025-01-18 08:00:00,2025-01-18,8,42.980000000000004,0.0,reported_accepted,reported_accepted,False,False
2025-01-18 09:00:00,2025-01-18,9,42.980000000000004,0.0,reported_accepted,reported_accepted,False,False
2025-01-18 10:00:00,2025-01-18,10,44.96,0.0,reported_accepted,reported_accepted,False,False
2025-01-18 11:00:00,2025-01-18,11,44.96,0.0,reported_accepted,reported_accepted,False,False
2025-01-18 12:00:00,2025-01-18,12,46.04,0.0,reported_accepted,reported_accepted,False,False
2025-01-18 13:00:00,2025-01-18,13,44.96,0.0,reported_accepted,reported_accepted,False,False
2025-01-18 14:00:00,2025-01-18,14,44.96,0.03149606299212599,reported_accepted,reported_accepted,False,False
2025-01-18 15:00:00,2025-01-18,15,44.06,0.03937007874015748,reported_accepted,reported_accepted,False,False
2025-01-18 16:00:00,2025-01-18,16,42.980000000000004,0.01968503937007874,reported_accepted,reported_accepted,False,False
2025-01-18 17:00:00,2025-01-18,17,44.06,0.0,reported_accepted,reported_accepted,False,False
2025-01-18 18:00:00,2025-01-18,18,42.980000000000004,0.0,reported_accepted,reported_accepted,False,False
2025-01-18 19:00:00,2025-01-18,19,44.06,0.0,reported_accepted,reported_accepted,False,False
2025-01-18 20:00:00,2025-01-18,20,44.06,0.0,reported_accepted,reported_accepted,False,False
2025-01-18 21:00:00,2025-01-18,21,42.980000000000004,0.0,reported_accepted,reported_accepted,False,False
2025-01-18 22:00:00,2025-01-18,22,41.0,0.0,reported_accepted,reported_accepted,False,False
2025-01-18 23:00:00,2025-01-18,23,41.0,0.0,reported_accepted,reported_accepted,False,False
2025-01-19 00:00:00,2025-01-19,0,39.92,0.0,reported_accepted,reported_accepted,False,False
2025-01-19 01:00:00,2025-01-19,1,39.92,0.0,reported_accepted,reported_accepted,False,False
2025-01-19 02:00:00,2025-01-19,2,39.02,0.0,reported_accepted,reported_accepted,False,False
2025-01-19 03:00:00,2025-01-19,3,37.94,0.0,reported_accepted,reported_accepted,False,False
2025-01-19 04:00:00,2025-01-19,4,37.94,0.0,reported_accepted,reported_accepted,False,False
2025-01-19 05:00:00,2025-01-19,5,37.94,0.0,reported_accepted,reported_accepted,False,False
2025-01-19 06:00:00,2025-01-19,6,37.94,0.0,reported_accepted,reported_accepted,False,False
2025-01-19 07:00:00,2025-01-19,7,37.04,0.0,reported_accepted,reported_accepted,False,False
2025-01-19 08:00:00,2025-01-19,8,39.02,0.0,reported_accepted,reported_accepted,False,False
2025-01-19 09:00:00,2025-01-19,9,39.02,0.0,reported_accepted,reported_accepted,False,False
2025-01-19 10:00:00,2025-01-19,10,39.02,0.0,reported_accepted,reported_accepted,False,False
2025-01-19 11:00:00,2025-01-19,11,39.02,0.0,reported_accepted,reported_accepted,False,False
2025-01-19 12:00:00,2025-01-19,12,39.02,0.0,reported_accepted,reported_accepted,False,False
2025-01-19 13:00:00,2025-01-19,13,35.96,0.011811023622047244,reported_accepted,reported_accepted,False,False
2025-01-19 14:00:00,2025-01-19,14,33.98,0.01968503937007874,reported_accepted,reported_accepted,False,False
2025-01-19 15:00:00,2025-01-19,15,33.98,0.011811023622047244,reported_accepted,reported_accepted,False,False
2025-01-19 16:00:00,2025-01-19,16,33.08,0.03149606299212599,reported_accepted,reported_accepted,False,False
2025-01-19 17:00:00,2025-01-19,17,32.0,0.05905511811023623,reported_accepted,reported_accepted,False,False
2025-01-19 18:00:00,2025-01-19,18,30.92,0.03149606299212599,reported_accepted,reported_accepted,False,False
2025-01-19 19:00:00,2025-01-19,19,28.94,0.07086614173228346,reported_accepted,reported_accepted,False,False
2025-01-19 20:00:00,2025-01-19,20,28.94,0.03149606299212599,reported_accepted,reported_accepted,False,False
2025-01-19 21:00:00,2025-01-19,21,28.04,0.0,reported_accepted,reported_accepted,False,False
2025-01-19 22:00:00,2025-01-19,22,26.96,0.0,reported_accepted,reported_accepted,False,False
2025-01-19 23:00:00,2025-01-19,23,24.98,0.0,reported_accepted,reported_accepted,False,False
2025-01-20 00:00:00,2025-01-20,0,23.0,0.0,reported_accepted,reported_accepted,False,False
2025-01-20 01:00:00,2025-01-20,1,21.92,0.0,reported_accepted,reported_accepted,False,False
2025-01-20 02:00:00,2025-01-20,2,21.02,0.0,reported_accepted,reported_accepted,False,False
2025-01-20 03:00:00,2025-01-20,3,19.939999999999998,0.0,reported_accepted,reported_accepted,False,False
2025-01-20 04:00:00,2025-01-20,4,19.939999999999998,0.0,reported_accepted,reported_accepted,False,False
2025-01-20 05:00:00,2025-01-20,5,19.04,0.0,reported_accepted,reported_accepted,False,False
2025-01-20 06:00:00,2025-01-20,6,17.96,0.0,reported_accepted,reported_accepted,False,False
2025-01-20 07:00:00,2025-01-20,7,17.96,0.0,reported_accepted,reported_accepted,False,False
2025-01-20 08:00:00,2025-01-20,8,19.04,0.0,reported_accepted,reported_accepted,False,False
2025-01-20 09:00:00,2025-01-20,9,19.939999999999998,0.0,reported_accepted,reported_accepted,False,False
2025-01-20 10:00:00,2025-01-20,10,21.02,0.0,reported_accepted,reported_accepted,False,False
2025-01-20 11:00:00,2025-01-20,11,23.0,0.0,reported_accepted,reported_accepted,False,False
2025-01-20 12:00:00,2025-01-20,12,26.060000000000002,0.0,reported_accepted,reported_accepted,False,False
2025-01-20 13:00:00,2025-01-20,13,24.98,0.0,reported_accepted,reported_accepted,False,False
2025-01-20 14:00:00,2025-01-20,14,24.98,0.0,reported_accepted,reported_accepted,False,False
2025-01-20 15:00:00,2025-01-20,15,24.08,0.0,reported_accepted,reported_accepted,False,False
2025-01-20 16:00:00,2025-01-20,16,23.0,0.0,reported_accepted,reported_accepted,False,False
2025-01-20 17:00:00,2025-01-20,17,23.0,0.0,reported_accepted,reported_accepted,False,False
2025-01-20 18:00:00,2025-01-20,18,21.02,0.0,reported_accepted,reported_accepted,False,False
2025-01-20 19:00:00,2025-01-20,19,19.939999999999998,0.0,reported_accepted,reported_accepted,False,False
2025-01-20 20:00:00,2025-01-20,20,19.04,0.0,reported_accepted,reported_accepted,False,False
2025-01-20 21:00:00,2025-01-20,21,19.04,0.0,reported_accepted,reported_accepted,False,False
2025-01-20 22:00:00,2025-01-20,22,17.96,0.0,reported_accepted,reported_accepted,False,False
2025-01-20 23:00:00,2025-01-20,23,17.06,0.0,reported_accepted,reported_accepted,False,False
2025-01-21 00:00:00,2025-01-21,0,15.979999999999997,0.0,reported_accepted,reported_accepted,False,False
2025-01-21 01:00:00,2025-01-21,1,15.079999999999998,0.0,reported_accepted,reported_accepted,False,False
2025-01-21 02:00:00,2025-01-21,2,14.0,0.0,reported_accepted,reported_accepted,False,False
2025-01-21 03:00:00,2025-01-21,3,12.920000000000002,0.0,reported_accepted,reported_accepted,False,False
2025-01-21 04:00:00,2025-01-21,4,12.920000000000002,0.0,reported_accepted,reported_accepted,False,False
2025-01-21 05:00:00,2025-01-21,5,12.020000000000003,0.0,reported_accepted,reported_accepted,False,False
2025-01-21 06:00:00,2025-01-21,6,12.020000000000003,0.0,reported_accepted,reported_accepted,False,False
2025-01-21 07:00:00,2025-01-21,7,10.940000000000001,0.0,reported_accepted,reported_accepted,False,False
2025-01-21 08:00:00,2025-01-21,8,12.020000000000003,0.0,reported_accepted,reported_accepted,False,False
2025-01-21 09:00:00,2025-01-21,9,12.920000000000002,0.0,reported_accepted,reported_accepted,False,False
2025-01-21 10:00:00,2025-01-21,10,14.0,0.0,reported_accepted,reported_accepted,False,False
2025-01-21 11:00:00,2025-01-21,11,15.979999999999997,0.0,reported_accepted,reported_accepted,False,False
2025-01-21 12:00:00,2025-01-21,12,17.06,0.0,reported_accepted,reported_accepted,False,False
2025-01-21 13:00:00,2025-01-21,13,17.96,0.0,reported_accepted,reported_accepted,False,False
2025-01-21 14:00:00,2025-01-21,14,19.04,0.0,reported_accepted,reported_accepted,False,False
2025-01-21 15:00:00,2025-01-21,15,19.04,0.0,reported_accepted,reported_accepted,False,False
2025-01-21 16:00:00,2025-01-21,16,19.04,0.0,reported_accepted,reported_accepted,False,False
2025-01-21 17:00:00,2025-01-21,17,17.96,0.0,reported_accepted,reported_accepted,False,False
2025-01-21 18:00:00,2025-01-21,18,17.96,0.0,reported_accepted,reported_accepted,False,False
2025-01-21 19:00:00,2025-01-21,19,17.06,0.0,reported_accepted,reported_accepted,False,False
2025-01-21 20:00:00,2025-01-21,20,17.06,0.0,reported_accepted,reported_accepted,False,False
2025-01-21 21:00:00,2025-01-21,21,17.06,0.0,reported_accepted,reported_accepted,False,False
2025-01-21 22:00:00,2025-01-21,22,15.979999999999997,0.0,reported_accepted,reported_accepted,False,False
2025-01-21 23:00:00,2025-01-21,23,15.079999999999998,0.0,reported_accepted,reported_accepted,False,False
2025-01-22 00:00:00,2025-01-22,0,15.079999999999998,0.0,reported_accepted,reported_accepted,False,False
2025-01-22 01:00:00,2025-01-22,1,14.0,0.0,reported_accepted,reported_accepted,False,False
2025-01-22 02:00:00,2025-01-22,2,12.920000000000002,0.0,reported_accepted,reported_accepted,False,False
2025-01-22 03:00:00,2025-01-22,3,12.020000000000003,0.0,reported_accepted,reported_accepted,False,False
2025-01-22 04:00:00,2025-01-22,4,12.020000000000003,0.0,reported_accepted,reported_accepted,False,False
2025-01-22 05:00:00,2025-01-22,5,12.020000000000003,0.0,reported_accepted,reported_accepted,False,False
2025-01-22 06:00:00,2025-01-22,6,10.940000000000001,0.0,reported_accepted,reported_accepted,False,False
2025-01-22 07:00:00,2025-01-22,7,10.940000000000001,0.0,reported_accepted,reported_accepted,False,False
2025-01-22 08:00:00,2025-01-22,8,10.940000000000001,0.0,reported_accepted,reported_accepted,False,False
2025-01-22 09:00:00,2025-01-22,9,12.920000000000002,0.0,reported_accepted,reported_accepted,False,False
2025-01-22 10:00:00,2025-01-22,10,15.079999999999998,0.0,reported_accepted,reported_accepted,False,False
2025-01-22 11:00:00,2025-01-22,11,17.96,0.0,reported_accepted,reported_accepted,False,False
2025-01-22 12:00:00,2025-01-22,12,19.04,0.0,reported_accepted,reported_accepted,False,False
2025-01-22 13:00:00,2025-01-22,13,19.04,0.0,reported_accepted,reported_accepted,False,False
2025-01-22 14:00:00,2025-01-22,14,19.04,0.0,reported_accepted,reported_accepted,False,False
2025-01-22 15:00:00,2025-01-22,15,19.04,0.0,reported_accepted,reported_accepted,False,False
2025-01-22 16:00:00,2025-01-22,16,19.04,0.0,reported_accepted,reported_accepted,False,False
2025-01-22 17:00:00,2025-01-22,17,19.04,0.0,reported_accepted,reported_accepted,False,False
2025-01-22 18:00:00,2025-01-22,18,19.04,0.0,reported_accepted,reported_accepted,False,False
2025-01-22 19:00:00,2025-01-22,19,19.04,0.0,reported_accepted,reported_accepted,False,False
2025-01-22 20:00:00,2025-01-22,20,19.04,0.0,reported_accepted,reported_accepted,False,False
2025-01-22 21:00:00,2025-01-22,21,19.04,0.0,reported_accepted,reported_accepted,False,False
2025-01-22 22:00:00,2025-01-22,22,17.96,0.0,reported_accepted,reported_accepted,False,False
2025-01-22 23:00:00,2025-01-22,23,17.96,0.0,reported_accepted,reported_accepted,False,False
2025-01-23 00:00:00,2025-01-23,0,17.06,0.0,reported_accepted,reported_accepted,False,False
2025-01-23 01:00:00,2025-01-23,1,17.96,0.0,reported_accepted,reported_accepted,False,False
2025-01-23 02:00:00,2025-01-23,2,17.96,0.0,reported_accepted,reported_accepted,False,False
2025-01-23 03:00:00,2025-01-23,3,17.96,0.0,reported_accepted,reported_accepted,False,False
2025-01-23 04:00:00,2025-01-23,4,19.04,0.0,reported_accepted,reported_accepted,False,False
2025-01-23 05:00:00,2025-01-23,5,17.96,0.0,reported_accepted,reported_accepted,False,False
2025-01-23 06:00:00,2025-01-23,6,17.96,0.0,reported_accepted,reported_accepted,False,False
2025-01-23 07:00:00,2025-01-23,7,19.939999999999998,0.0,reported_accepted,reported_accepted,False,False
2025-01-23 08:00:00,2025-01-23,8,21.02,0.0,reported_accepted,reported_accepted,False,False
2025-01-23 09:00:00,2025-01-23,9,21.02,0.0,reported_accepted,reported_accepted,False,False
2025-01-23 10:00:00,2025-01-23,10,21.92,0.0,reported_accepted,reported_accepted,False,False
2025-01-23 11:00:00,2025-01-23,11,24.98,0.0,reported_accepted,reported_accepted,False,False
2025-01-23 12:00:00,2025-01-23,12,26.96,0.0,reported_accepted,reported_accepted,False,False
2025-01-23 13:00:00,2025-01-23,13,26.96,0.0,reported_accepted,reported_accepted,False,False
2025-01-23 14:00:00,2025-01-23,14,26.96,0.0,reported_accepted,reported_accepted,False,False
2025-01-23 15:00:00,2025-01-23,15,26.96,0.0,reported_accepted,reported_accepted,False,False
2025-01-23 16:00:00,2025-01-23,16,26.96,0.0,reported_accepted,reported_accepted,False,False
2025-01-23 17:00:00,2025-01-23,17,26.060000000000002,0.0,reported_accepted,reported_accepted,False,False
2025-01-23 18:00:00,2025-01-23,18,26.060000000000002,0.0,reported_accepted,reported_accepted,False,False
2025-01-23 19:00:00,2025-01-23,19,26.060000000000002,0.0,reported_accepted,reported_accepted,False,False
2025-01-23 20:00:00,2025-01-23,20,26.060000000000002,0.0,reported_accepted,reported_accepted,False,False
2025-01-23 21:00:00,2025-01-23,21,24.98,0.0,reported_accepted,reported_accepted,False,False
2025-01-23 22:00:00,2025-01-23,22,24.08,0.0,reported_accepted,reported_accepted,False,False
2025-01-23 23:00:00,2025-01-23,23,24.98,0.0,reported_accepted,reported_accepted,False,False
2025-01-24 00:00:00,2025-01-24,0,24.08,0.0,reported_accepted,reported_accepted,False,False
2025-01-24 01:00:00,2025-01-24,1,24.08,0.0,reported_accepted,reported_accepted,False,False
2025-01-24 02:00:00,2025-01-24,2,24.08,0.0,reported_accepted,reported_accepted,False,False
2025-01-24 03:00:00,2025-01-24,3,23.0,0.0,reported_accepted,reported_accepted,False,False
2025-01-24 04:00:00,2025-01-24,4,23.0,0.0,reported_accepted,reported_accepted,False,False
2025-01-24 05:00:00,2025-01-24,5,24.08,0.0,reported_accepted,reported_accepted,False,False
2025-01-24 06:00:00,2025-01-24,6,24.08,0.0,reported_accepted,reported_accepted,False,False
2025-01-24 07:00:00,2025-01-24,7,23.0,0.0,reported_accepted,reported_accepted,False,False
2025-01-24 08:00:00,2025-01-24,8,24.98,0.0,reported_accepted,reported_accepted,False,False
2025-01-24 09:00:00,2025-01-24,9,26.96,0.0,reported_accepted,reported_accepted,False,False
2025-01-24 10:00:00,2025-01-24,10,28.94,0.0,reported_accepted,reported_accepted,False,False
2025-01-24 11:00:00,2025-01-24,11,30.02,0.0,reported_accepted,reported_accepted,False,False
2025-01-24 12:00:00,2025-01-24,12,30.92,0.0,reported_accepted,reported_accepted,False,False
2025-01-24 13:00:00,2025-01-24,13,32.0,0.0,reported_accepted,reported_accepted,False,False
2025-01-24 14:00:00,2025-01-24,14,32.0,0.0,reported_accepted,reported_accepted,False,False
2025-01-24 15:00:00,2025-01-24,15,32.0,0.0,reported_accepted,reported_accepted,False,False
2025-01-24 16:00:00,2025-01-24,16,32.0,0.0,reported_accepted,reported_accepted,False,False
2025-01-24 17:00:00,2025-01-24,17,30.92,0.0,reported_accepted,reported_accepted,False,False
2025-01-24 18:00:00,2025-01-24,18,30.02,0.0,reported_accepted,reported_accepted,False,False
2025-01-24 19:00:00,2025-01-24,19,28.94,0.0,reported_accepted,reported_accepted,False,False
2025-01-24 20:00:00,2025-01-24,20,28.04,0.0,reported_accepted,reported_accepted,False,False
2025-01-24 21:00:00,2025-01-24,21,28.04,0.0,reported_accepted,reported_accepted,False,False
2025-01-24 22:00:00,2025-01-24,22,26.96,0.0,reported_accepted,reported_accepted,False,False
2025-01-24 23:00:00,2025-01-24,23,26.96,0.0,reported_accepted,reported_accepted,False,False
2025-01-25 00:00:00,2025-01-25,0,26.060000000000002,0.0,reported_accepted,reported_accepted,False,False
2025-01-25 01:00:00,2025-01-25,1,26.060000000000002,0.0,reported_accepted,reported_accepted,False,False
2025-01-25 02:00:00,2025-01-25,2,24.98,0.0,reported_accepted,reported_accepted,False,False
2025-01-25 03:00:00,2025-01-25,3,24.98,0.0,reported_accepted,reported_accepted,False,False
2025-01-25 04:00:00,2025-01-25,4,24.08,0.0,reported_accepted,reported_accepted,False,False
2025-01-25 05:00:00,2025-01-25,5,23.0,0.0,reported_accepted,reported_accepted,False,False
2025-01-25 06:00:00,2025-01-25,6,21.02,0.0,reported_accepted,reported_accepted,False,False
2025-01-25 07:00:00,2025-01-25,7,21.02,0.0,reported_accepted,reported_accepted,False,False
2025-01-25 08:00:00,2025-01-25,8,21.92,0.0,reported_accepted,reported_accepted,False,False
2025-01-25 09:00:00,2025-01-25,9,23.0,0.0,reported_accepted,reported_accepted,False,False
2025-01-25 10:00:00,2025-01-25,10,24.98,0.0,reported_accepted,reported_accepted,False,False
2025-01-25 11:00:00,2025-01-25,11,26.96,0.0,reported_accepted,reported_accepted,False,False
2025-01-25 12:00:00,2025-01-25,12,28.94,0.0,reported_accepted,reported_accepted,False,False
2025-01-25 13:00:00,2025-01-25,13,30.02,0.0,reported_accepted,reported_accepted,False,False
2025-01-25 14:00:00,2025-01-25,14,30.02,0.0,reported_accepted,reported_accepted,False,False
2025-01-25 15:00:00,2025-01-25,15,30.92,0.0,reported_accepted,reported_accepted,False,False
2025-01-25 16:00:00,2025-01-25,16,30.92,0.0,reported_accepted,reported_accepted,False,False
2025-01-25 17:00:00,2025-01-25,17,30.92,0.0,reported_accepted,reported_accepted,False,False
2025-01-25 18:00:00,2025-01-25,18,30.92,0.0,reported_accepted,reported_accepted,False,False
2025-01-25 19:00:00,2025-01-25,19,30.92,0.0,reported_accepted,reported_accepted,False,False
2025-01-25 20:00:00,2025-01-25,20,32.0,0.0,reported_accepted,reported_accepted,False,False
2025-01-25 21:00:00,2025-01-25,21,32.0,0.0,reported_accepted,reported_accepted,False,False
2025-01-25 22:00:00,2025-01-25,22,32.0,0.0,reported_accepted,reported_accepted,False,False
2025-01-25 23:00:00,2025-01-25,23,32.0,0.0,reported_accepted,reported_accepted,False,False
2025-01-26 00:00:00,2025-01-26,0,30.92,0.0,reported_accepted,reported_accepted,False,False
2025-01-26 01:00:00,2025-01-26,1,32.0,0.0,reported_accepted,reported_accepted,False,False
2025-01-26 02:00:00,2025-01-26,2,32.0,0.0,reported_accepted,reported_accepted,False,False
2025-01-26 03:00:00,2025-01-26,3,32.0,0.0,reported_accepted,reported_accepted,False,False
2025-01-26 04:00:00,2025-01-26,4,32.0,0.0,reported_accepted,reported_accepted,False,False
2025-01-26 05:00:00,2025-01-26,5,32.0,0.0,reported_accepted,reported_accepted,False,False
2025-01-26 06:00:00,2025-01-26,6,30.92,0.0,reported_accepted,reported_accepted,False,False
2025-01-26 07:00:00,2025-01-26,7,33.08,0.0,reported_accepted,reported_accepted,False,False
2025-01-26 08:00:00,2025-01-26,8,33.98,0.0,reported_accepted,reported_accepted,False,False
2025-01-26 09:00:00,2025-01-26,9,37.94,0.0,reported_accepted,reported_accepted,False,False
2025-01-26 10:00:00,2025-01-26,10,39.02,0.0,reported_accepted,reported_accepted,False,False
2025-01-26 11:00:00,2025-01-26,11,39.92,0.0,reported_accepted,reported_accepted,False,False
2025-01-26 12:00:00,2025-01-26,12,41.0,0.0,reported_accepted,reported_accepted,False,False
2025-01-26 13:00:00,2025-01-26,13,42.08,0.0,reported_accepted,reported_accepted,False,False
2025-01-26 14:00:00,2025-01-26,14,42.08,0.0,reported_accepted,reported_accepted,False,False
2025-01-26 15:00:00,2025-01-26,15,42.08,0.0,reported_accepted,reported_accepted,False,False
2025-01-26 16:00:00,2025-01-26,16,41.0,0.0,reported_accepted,reported_accepted,False,False
2025-01-26 17:00:00,2025-01-26,17,39.92,0.0,reported_accepted,reported_accepted,False,False
2025-01-26 18:00:00,2025-01-26,18,37.94,0.0,reported_accepted,reported_accepted,False,False
2025-01-26 19:00:00,2025-01-26,19,37.04,0.0,reported_accepted,reported_accepted,False,False
2025-01-26 20:00:00,2025-01-26,20,37.04,0.0,reported_accepted,reported_accepted,False,False
2025-01-26 21:00:00,2025-01-26,21,35.06,0.0,reported_accepted,reported_accepted,False,False
2025-01-26 22:00:00,2025-01-26,22,35.06,0.0,reported_accepted,reported_accepted,False,False
2025-01-26 23:00:00,2025-01-26,23,35.96,0.0,reported_accepted,reported_accepted,False,False
2025-01-27 00:00:00,2025-01-27,0,35.06,0.0,reported_accepted,reported_accepted,False,False
2025-01-27 01:00:00,2025-01-27,1,33.98,0.0,reported_accepted,reported_accepted,False,False
2025-01-27 02:00:00,2025-01-27,2,35.06,0.0,reported_accepted,reported_accepted,False,False
2025-01-27 03:00:00,2025-01-27,3,35.06,0.0,reported_accepted,reported_accepted,False,False
2025-01-27 04:00:00,2025-01-27,4,33.98,0.0,reported_accepted,reported_accepted,False,False
2025-01-27 05:00:00,2025-01-27,5,33.08,0.0,reported_accepted,reported_accepted,False,False
2025-01-27 06:00:00,2025-01-27,6,32.0,0.0,reported_accepted,reported_accepted,False,False
2025-01-27 07:00:00,2025-01-27,7,30.92,0.0,reported_accepted,reported_accepted,False,False
2025-01-27 08:00:00,2025-01-27,8,32.0,0.0,reported_accepted,reported_accepted,False,False
2025-01-27 09:00:00,2025-01-27,9,33.08,0.0,reported_accepted,reported_accepted,False,False
2025-01-27 10:00:00,2025-01-27,10,35.06,0.0,reported_accepted,reported_accepted,False,False
2025-01-27 11:00:00,2025-01-27,11,37.04,0.0,reported_accepted,reported_accepted,False,False
2025-01-27 12:00:00,2025-01-27,12,37.04,0.0,reported_accepted,reported_accepted,False,False
2025-01-27 13:00:00,2025-01-27,13,39.02,0.0,reported_accepted,reported_accepted,False,False
2025-01-27 14:00:00,2025-01-27,14,39.92,0.0,reported_accepted,reported_accepted,False,False
2025-01-27 15:00:00,2025-01-27,15,39.92,0.0,reported_accepted,reported_accepted,False,False
2025-01-27 16:00:00,2025-01-27,16,39.02,0.0,reported_accepted,reported_accepted,False,False
2025-01-27 17:00:00,2025-01-27,17,39.02,0.0,reported_accepted,reported_accepted,False,False
2025-01-27 18:00:00,2025-01-27,18,37.94,0.0,reported_accepted,reported_accepted,False,False
2025-01-27 19:00:00,2025-01-27,19,39.02,0.0,reported_accepted,reported_accepted,False,False
2025-01-27 20:00:00,2025-01-27,20,39.02,0.0,reported_accepted,reported_accepted,False,False
2025-01-27 21:00:00,2025-01-27,21,37.04,0.0,reported_accepted,reported_accepted,False,False
2025-01-27 22:00:00,2025-01-27,22,37.04,0.0,reported_accepted,reported_accepted,False,False
2025-01-27 23:00:00,2025-01-27,23,37.94,0.0,reported_accepted,reported_accepted,False,False
2025-01-28 00:00:00,2025-01-28,0,37.04,0.0,reported_accepted,reported_accepted,False,False
2025-01-28 01:00:00,2025-01-28,1,37.94,0.0,reported_accepted,reported_accepted,False,False
2025-01-28 02:00:00,2025-01-28,2,37.94,0.0,reported_accepted,reported_accepted,False,False
2025-01-28 03:00:00,2025-01-28,3,37.94,0.0,reported_accepted,reported_accepted,False,False
2025-01-28 04:00:00,2025-01-28,4,37.04,0.0,reported_accepted,reported_accepted,False,False
2025-01-28 05:00:00,2025-01-28,5,37.94,0.0,reported_accepted,reported_accepted,False,False
2025-01-28 06:00:00,2025-01-28,6,37.94,0.0,reported_accepted,reported_accepted,False,False
2025-01-28 07:00:00,2025-01-28,7,37.04,0.0,reported_accepted,reported_accepted,False,False
2025-01-28 08:00:00,2025-01-28,8,37.94,0.0,reported_accepted,reported_accepted,False,False
2025-01-28 09:00:00,2025-01-28,9,39.92,0.0,reported_accepted,reported_accepted,False,False
2025-01-28 10:00:00,2025-01-28,10,39.92,0.0,reported_accepted,reported_accepted,False,False
2025-01-28 11:00:00,2025-01-28,11,42.08,0.0,reported_accepted,reported_accepted,False,False
2025-01-28 12:00:00,2025-01-28,12,39.92,0.0,reported_accepted,reported_accepted,False,False
2025-01-28 13:00:00,2025-01-28,13,39.02,0.0,reported_accepted,reported_accepted,False,False
2025-01-28 14:00:00,2025-01-28,14,37.94,0.0,reported_accepted,reported_accepted,False,False
2025-01-28 15:00:00,2025-01-28,15,37.04,0.0,reported_accepted,reported_accepted,False,False
2025-01-28 16:00:00,2025-01-28,16,35.96,0.0,reported_accepted,reported_accepted,False,False
2025-01-28 17:00:00,2025-01-28,17,35.06,0.0,reported_accepted,reported_accepted,False,False
2025-01-28 18:00:00,2025-01-28,18,33.08,0.0,reported_accepted,reported_accepted,False,False
2025-01-28 19:00:00,2025-01-28,19,33.08,0.0,reported_accepted,reported_accepted,False,False
2025-01-28 20:00:00,2025-01-28,20,35.96,0.0,reported_accepted,reported_accepted,False,False
2025-01-28 21:00:00,2025-01-28,21,35.06,0.0,reported_accepted,reported_accepted,False,False
2025-01-28 22:00:00,2025-01-28,22,35.96,0.0,reported_accepted,reported_accepted,False,False
2025-01-28 23:00:00,2025-01-28,23,37.04,0.0,reported_accepted,reported_accepted,False,False
2025-01-29 00:00:00,2025-01-29,0,39.92,0.0,reported_accepted,reported_accepted,False,False
2025-01-29 01:00:00,2025-01-29,1,39.92,0.0,reported_accepted,reported_accepted,False,False
2025-01-29 02:00:00,2025-01-29,2,37.94,0.0,reported_accepted,reported_accepted,False,False
2025-01-29 03:00:00,2025-01-29,3,39.02,0.0,reported_accepted,reported_accepted,False,False
2025-01-29 04:00:00,2025-01-29,4,39.02,0.0,reported_accepted,reported_accepted,False,False
2025-01-29 05:00:00,2025-01-29,5,41.0,0.0,reported_accepted,reported_accepted,False,False
2025-01-29 06:00:00,2025-01-29,6,41.0,0.0,reported_accepted,reported_accepted,False,False
2025-01-29 07:00:00,2025-01-29,7,41.0,0.0,reported_accepted,reported_accepted,False,False
2025-01-29 08:00:00,2025-01-29,8,42.08,0.0,reported_accepted,reported_accepted,False,False
2025-01-29 09:00:00,2025-01-29,9,44.96,0.0,reported_accepted,reported_accepted,False,False
2025-01-29 10:00:00,2025-01-29,10,46.94,0.0,reported_accepted,reported_accepted,False,False
2025-01-29 11:00:00,2025-01-29,11,50.0,0.0,reported_accepted,reported_accepted,False,False
2025-01-29 12:00:00,2025-01-29,12,50.0,0.0,reported_accepted,reported_accepted,False,False
2025-01-29 13:00:00,2025-01-29,13,51.08,0.0,reported_accepted,reported_accepted,False,False
2025-01-29 14:00:00,2025-01-29,14,50.0,0.0,reported_accepted,reported_accepted,False,False
2025-01-29 15:00:00,2025-01-29,15,48.02,0.0,reported_accepted,reported_accepted,False,False
2025-01-29 16:00:00,2025-01-29,16,46.94,0.0,reported_accepted,reported_accepted,False,False
2025-01-29 17:00:00,2025-01-29,17,44.06,0.0,reported_accepted,reported_accepted,False,False
2025-01-29 18:00:00,2025-01-29,18,44.06,0.0,reported_accepted,reported_accepted,False,False
2025-01-29 19:00:00,2025-01-29,19,39.92,0.0,reported_accepted,reported_accepted,False,False
2025-01-29 20:00:00,2025-01-29,20,37.94,0.0,reported_accepted,reported_accepted,False,False
2025-01-29 21:00:00,2025-01-29,21,37.04,0.0,reported_accepted,reported_accepted,False,False
2025-01-29 22:00:00,2025-01-29,22,33.98,0.0,reported_accepted,reported_accepted,False,False
2025-01-29 23:00:00,2025-01-29,23,32.0,0.0,reported_accepted,reported_accepted,False,False
2025-01-30 00:00:00,2025-01-30,0,30.02,0.0,reported_accepted,reported_accepted,False,False
2025-01-30 01:00:00,2025-01-30,1,30.02,0.0,reported_accepted,reported_accepted,False,False
2025-01-30 02:00:00,2025-01-30,2,28.94,0.0,reported_accepted,reported_accepted,False,False
2025-01-30 03:00:00,2025-01-30,3,26.96,0.0,reported_accepted,reported_accepted,False,False
2025-01-30 04:00:00,2025-01-30,4,26.96,0.0,reported_accepted,reported_accepted,False,False
2025-01-30 05:00:00,2025-01-30,5,26.060000000000002,0.0,reported_accepted,reported_accepted,False,False
2025-01-30 06:00:00,2025-01-30,6,24.98,0.0,reported_accepted,reported_accepted,False,False
2025-01-30 07:00:00,2025-01-30,7,24.98,0.0,reported_accepted,reported_accepted,False,False
2025-01-30 08:00:00,2025-01-30,8,26.060000000000002,0.0,reported_accepted,reported_accepted,False,False
2025-01-30 09:00:00,2025-01-30,9,26.96,0.0,reported_accepted,reported_accepted,False,False
2025-01-30 10:00:00,2025-01-30,10,28.94,0.0,reported_accepted,reported_accepted,False,False
2025-01-30 11:00:00,2025-01-30,11,30.92,0.0,reported_accepted,reported_accepted,False,False
2025-01-30 12:00:00,2025-01-30,12,33.08,0.0,reported_accepted,reported_accepted,False,False
2025-01-30 13:00:00,2025-01-30,13,33.98,0.0,reported_accepted,reported_accepted,False,False
2025-01-30 14:00:00,2025-01-30,14,35.06,0.0,reported_accepted,reported_accepted,False,False
2025-01-30 15:00:00,2025-01-30,15,35.96,0.0,reported_accepted,reported_accepted,False,False
2025-01-30 16:00:00,2025-01-30,16,35.06,0.0,reported_accepted,reported_accepted,False,False
2025-01-30 17:00:00,2025-01-30,17,35.06,0.0,reported_accepted,reported_accepted,False,False
2025-01-30 18:00:00,2025-01-30,18,35.96,0.0,reported_accepted,reported_accepted,False,False
2025-01-30 19:00:00,2025-01-30,19,35.96,0.0,reported_accepted,reported_accepted,False,False
2025-01-30 20:00:00,2025-01-30,20,37.04,0.0,reported_accepted,reported_accepted,False,False
2025-01-30 21:00:00,2025-01-30,21,35.96,0.0,reported_accepted,reported_accepted,False,False
2025-01-30 22:00:00,2025-01-30,22,37.04,0.0,reported_accepted,reported_accepted,False,False
2025-01-30 23:00:00,2025-01-30,23,37.94,0.0,reported_accepted,reported_accepted,False,False
2025-01-31 00:00:00,2025-01-31,0,39.02,0.0,reported_accepted,reported_accepted,False,False
2025-01-31 01:00:00,2025-01-31,1,39.92,0.0,reported_accepted,reported_accepted,False,False
2025-01-31 02:00:00,2025-01-31,2,39.92,0.0,reported_accepted,reported_accepted,False,False
2025-01-31 03:00:00,2025-01-31,3,37.94,0.0,reported_accepted,reported_accepted,False,False
2025-01-31 04:00:00,2025-01-31,4,37.94,0.011811023622047244,reported_accepted,reported_accepted,False,False
2025-01-31 05:00:00,2025-01-31,5,39.02,0.01968503937007874,reported_accepted,reported_accepted,False,False
2025-01-31 06:00:00,2025-01-31,6,39.02,0.0,reported_accepted,reported_accepted,False,False
2025-01-31 07:00:00,2025-01-31,7,39.02,0.0,reported_accepted,reported_accepted,False,False
2025-01-31 08:00:00,2025-01-31,8,42.08,0.011811023622047244,reported_accepted,reported_accepted,False,False
2025-01-31 09:00:00,2025-01-31,9,42.980000000000004,0.0,reported_accepted,reported_accepted,False,False
2025-01-31 10:00:00,2025-01-31,10,44.06,0.0,reported_accepted,reported_accepted,False,False
2025-01-31 11:00:00,2025-01-31,11,44.96,0.0,reported_accepted,reported_accepted,False,False
2025-01-31 12:00:00,2025-01-31,12,42.980000000000004,0.0,reported_accepted,reported_accepted,False,False
2025-01-31 13:00:00,2025-01-31,13,44.06,0.0,reported_accepted,reported_accepted,False,False
2025-01-31 14:00:00,2025-01-31,14,44.96,0.0,reported_accepted,reported_accepted,False,False
2025-01-31 15:00:00,2025-01-31,15,44.96,0.0,reported_accepted,reported_accepted,False,False
2025-01-31 16:00:00,2025-01-31,16,44.96,0.011811023622047244,reported_accepted,reported_accepted,False,False
2025-01-31 17:00:00,2025-01-31,17,46.04,0.05118110236220473,reported_accepted,reported_accepted,False,False
2025-01-31 18:00:00,2025-01-31,18,46.04,0.011811023622047244,reported_accepted,reported_accepted,False,False
2025-01-31 19:00:00,2025-01-31,19,46.04,0.011811023622047244,reported_accepted,reported_accepted,False,False
2025-01-31 20:00:00,2025-01-31,20,46.04,0.0,reported_accepted,reported_accepted,False,False
2025-01-31 21:00:00,2025-01-31,21,46.94,0.011811023622047244,reported_accepted,reported_accepted,False,False
2025-01-31 22:00:00,2025-01-31,22,46.94,0.03149606299212599,reported_accepted,reported_accepted,False,False
2025-01-31 23:00:00,2025-01-31,23,48.02,0.0,reported_accepted,reported_accepted,False,False
2025-02-01 00:00:00,2025-02-01,0,46.94,0.0,reported_accepted,reported_accepted,False,False
2025-02-01 01:00:00,2025-02-01,1,42.08,0.0,reported_accepted,reported_accepted,False,False
2025-02-01 02:00:00,2025-02-01,2,42.980000000000004,0.0,reported_accepted,reported_accepted,False,False
2025-02-01 03:00:00,2025-02-01,3,42.980000000000004,0.0,reported_accepted,reported_accepted,False,False
2025-02-01 04:00:00,2025-02-01,4,39.02,0.0,reported_accepted,reported_accepted,False,False
2025-02-01 05:00:00,2025-02-01,5,37.94,0.0,reported_accepted,reported_accepted,False,False
2025-02-01 06:00:00,2025-02-01,6,37.04,0.0,reported_accepted,reported_accepted,False,False
2025-02-01 07:00:00,2025-02-01,7,37.04,0.0,reported_accepted,reported_accepted,False,False
2025-02-01 08:00:00,2025-02-01,8,35.06,0.0,reported_accepted,reported_accepted,False,False
2025-02-01 09:00:00,2025-02-01,9,35.06,0.0,reported_accepted,reported_accepted,False,False
2025-02-01 10:00:00,2025-02-01,10,33.98,0.0,reported_accepted,reported_accepted,False,False
2025-02-01 11:00:00,2025-02-01,11,35.06,0.0,reported_accepted,reported_accepted,False,False
2025-02-01 12:00:00,2025-02-01,12,37.04,0.0,reported_accepted,reported_accepted,False,False
2025-02-01 13:00:00,2025-02-01,13,35.06,0.0,reported_accepted,reported_accepted,False,False
2025-02-01 14:00:00,2025-02-01,14,35.06,0.0,reported_accepted,reported_accepted,False,False
2025-02-01 15:00:00,2025-02-01,15,33.98,0.0,reported_accepted,reported_accepted,False,False
2025-02-01 16:00:00,2025-02-01,16,32.0,0.0,reported_accepted,reported_accepted,False,False
2025-02-01 17:00:00,2025-02-01,17,30.92,0.0,reported_accepted,reported_accepted,False,False
2025-02-01 18:00:00,2025-02-01,18,30.02,0.0,reported_accepted,reported_accepted,False,False
2025-02-01 19:00:00,2025-02-01,19,28.04,0.0,reported_accepted,reported_accepted,False,False
2025-02-01 20:00:00,2025-02-01,20,26.060000000000002,0.0,reported_accepted,reported_accepted,False,False
2025-02-01 21:00:00,2025-02-01,21,24.08,0.0,reported_accepted,reported_accepted,False,False
2025-02-01 22:00:00,2025-02-01,22,23.0,0.0,reported_accepted,reported_accepted,False,False
2025-02-01 23:00:00,2025-02-01,23,21.92,0.0,reported_accepted,reported_accepted,False,False
2025-02-02 00:00:00,2025-02-02,0,19.939999999999998,0.0,reported_accepted,reported_accepted,False,False
2025-02-02 01:00:00,2025-02-02,1,19.04,0.0,reported_accepted,reported_accepted,False,False
2025-02-02 02:00:00,2025-02-02,2,17.96,0.0,reported_accepted,reported_accepted,False,False
2025-02-02 03:00:00,2025-02-02,3,17.06,0.0,reported_accepted,reported_accepted,False,False
2025-02-02 04:00:00,2025-02-02,4,17.96,0.0,reported_accepted,reported_accepted,False,False
2025-02-02 05:00:00,2025-02-02,5,17.96,0.0,reported_accepted,reported_accepted,False,False
2025-02-02 06:00:00,2025-02-02,6,17.96,0.0,reported_accepted,reported_accepted,False,False
2025-02-02 07:00:00,2025-02-02,7,17.96,0.0,reported_accepted,reported_accepted,False,False
2025-02-02 08:00:00,2025-02-02,8,19.04,0.0,reported_accepted,reported_accepted,False,False
2025-02-02 09:00:00,2025-02-02,9,21.92,0.0,reported_accepted,reported_accepted,False,False
2025-02-02 10:00:00,2025-02-02,10,24.08,0.0,reported_accepted,reported_accepted,False,False
2025-02-02 11:00:00,2025-02-02,11,24.08,0.0,reported_accepted,reported_accepted,False,False
2025-02-02 12:00:00,2025-02-02,12,26.96,0.0,reported_accepted,reported_accepted,False,False
2025-02-02 13:00:00,2025-02-02,13,28.04,0.0,reported_accepted,reported_accepted,False,False
2025-02-02 14:00:00,2025-02-02,14,28.94,0.0,reported_accepted,reported_accepted,False,False
2025-02-02 15:00:00,2025-02-02,15,28.04,0.0,reported_accepted,reported_accepted,False,False
2025-02-02 16:00:00,2025-02-02,16,28.94,0.0,reported_accepted,reported_accepted,False,False
2025-02-02 17:00:00,2025-02-02,17,28.94,0.0,reported_accepted,reported_accepted,False,False
2025-02-02 18:00:00,2025-02-02,18,28.94,0.011811023622047244,reported_accepted,reported_accepted,False,False
2025-02-02 19:00:00,2025-02-02,19,28.94,0.011811023622047244,reported_accepted,reported_accepted,False,False
2025-02-02 20:00:00,2025-02-02,20,28.94,0.03149606299212599,reported_accepted,reported_accepted,False,False
2025-02-02 21:00:00,2025-02-02,21,30.02,0.01968503937007874,reported_accepted,reported_accepted,False,False
2025-02-02 22:00:00,2025-02-02,22,30.92,0.01968503937007874,reported_accepted,reported_accepted,False,False
2025-02-02 23:00:00,2025-02-02,23,30.92,0.01968503937007874,reported_accepted,reported_accepted,False,False
2025-02-03 00:00:00,2025-02-03,0,32.0,0.0,reported_accepted,reported_accepted,False,False
2025-02-03 01:00:00,2025-02-03,1,33.98,0.0,reported_accepted,reported_accepted,False,False
2025-02-03 02:00:00,2025-02-03,2,35.96,0.0,reported_accepted,reported_accepted,False,False
2025-02-03 03:00:00,2025-02-03,3,33.08,0.0,reported_accepted,reported_accepted,False,False
2025-02-03 04:00:00,2025-02-03,4,33.08,0.0,reported_accepted,reported_accepted,False,False
2025-02-03 05:00:00,2025-02-03,5,33.08,0.0,reported_accepted,reported_accepted,False,False
2025-02-03 06:00:00,2025-02-03,6,33.08,0.0,reported_accepted,reported_accepted,False,False
2025-02-03 07:00:00,2025-02-03,7,33.98,0.0,reported_accepted,reported_accepted,False,False
2025-02-03 08:00:00,2025-02-03,8,35.96,0.0,reported_accepted,reported_accepted,False,False
2025-02-03 09:00:00,2025-02-03,9,37.04,0.0,reported_accepted,reported_accepted,False,False
2025-02-03 10:00:00,2025-02-03,10,39.02,0.0,reported_accepted,reported_accepted,False,False
2025-02-03 11:00:00,2025-02-03,11,41.0,0.0,reported_accepted,reported_accepted,False,False
2025-02-03 12:00:00,2025-02-03,12,42.980000000000004,0.0,reported_accepted,reported_accepted,False,False
2025-02-03 13:00:00,2025-02-03,13,46.04,0.0,reported_accepted,reported_accepted,False,False
2025-02-03 14:00:00,2025-02-03,14,46.94,0.0,reported_accepted,reported_accepted,False,False
2025-02-03 15:00:00,2025-02-03,15,48.02,0.0,reported_accepted,reported_accepted,False,False
2025-02-03 16:00:00,2025-02-03,16,44.06,0.0,reported_accepted,reported_accepted,False,False
2025-02-03 17:00:00,2025-02-03,17,42.980000000000004,0.0,reported_accepted,reported_accepted,False,False
2025-02-03 18:00:00,2025-02-03,18,44.06,0.0,reported_accepted,reported_accepted,False,False
2025-02-03 19:00:00,2025-02-03,19,44.96,0.0,reported_accepted,reported_accepted,False,False
2025-02-03 20:00:00,2025-02-03,20,48.02,0.0,reported_accepted,reported_accepted,False,False
2025-02-03 21:00:00,2025-02-03,21,46.94,0.0,reported_accepted,reported_accepted,False,False
2025-02-03 22:00:00,2025-02-03,22,46.94,0.0,reported_accepted,reported_accepted,False,False
2025-02-03 23:00:00,2025-02-03,23,48.02,0.0,reported_accepted,reported_accepted,False,False
2025-02-04 00:00:00,2025-02-04,0,46.94,0.0,reported_accepted,reported_accepted,False,False
2025-02-04 01:00:00,2025-02-04,1,46.94,0.0,reported_accepted,reported_accepted,False,False
2025-02-04 02:00:00,2025-02-04,2,46.04,0.0,reported_accepted,reported_accepted,False,False
2025-02-04 03:00:00,2025-02-04,3,46.04,0.0,reported_accepted,reported_accepted,False,False
2025-02-04 04:00:00,2025-02-04,4,46.94,0.0,reported_accepted,reported_accepted,False,False
2025-02-04 05:00:00,2025-02-04,5,46.04,0.0,reported_accepted,reported_accepted,False,False
2025-02-04 06:00:00,2025-02-04,6,44.96,0.0,reported_accepted,reported_accepted,False,False
2025-02-04 07:00:00,2025-02-04,7,42.980000000000004,0.0,reported_accepted,reported_accepted,False,False
2025-02-04 08:00:00,2025-02-04,8,42.08,0.0,reported_accepted,reported_accepted,False,False
2025-02-04 09:00:00,2025-02-04,9,42.08,0.0,reported_accepted,reported_accepted,False,False
2025-02-04 10:00:00,2025-02-04,10,44.06,0.0,reported_accepted,reported_accepted,False,False
2025-02-04 11:00:00,2025-02-04,11,44.96,0.0,reported_accepted,reported_accepted,False,False
2025-02-04 12:00:00,2025-02-04,12,42.980000000000004,0.0,reported_accepted,reported_accepted,False,False
2025-02-04 13:00:00,2025-02-04,13,42.980000000000004,0.0,reported_accepted,reported_accepted,False,False
2025-02-04 14:00:00,2025-02-04,14,41.0,0.0,reported_accepted,reported_accepted,False,False
2025-02-04 15:00:00,2025-02-04,15,41.0,0.0,reported_accepted,reported_accepted,False,False
2025-02-04 16:00:00,2025-02-04,16,37.94,0.0,reported_accepted,reported_accepted,False,False
2025-02-04 17:00:00,2025-02-04,17,35.96,0.0,reported_accepted,reported_accepted,False,False
2025-02-04 18:00:00,2025-02-04,18,35.06,0.0,reported_accepted,reported_accepted,False,False
2025-02-04 19:00:00,2025-02-04,19,35.06,0.0,reported_accepted,reported_accepted,False,False
2025-02-04 20:00:00,2025-02-04,20,33.98,0.0,reported_accepted,reported_accepted,False,False
2025-02-04 21:00:00,2025-02-04,21,33.08,0.0,reported_accepted,reported_accepted,False,False
2025-02-04 22:00:00,2025-02-04,22,32.0,0.0,reported_accepted,reported_accepted,False,False
2025-02-04 23:00:00,2025-02-04,23,30.92,0.0,reported_accepted,reported_accepted,False,False
2025-02-05 00:00:00,2025-02-05,0,30.02,0.0,reported_accepted,reported_accepted,False,False
2025-02-05 01:00:00,2025-02-05,1,28.94,0.0,reported_accepted,reported_accepted,False,False
2025-02-05 02:00:00,2025-02-05,2,28.04,0.0,reported_accepted,reported_accepted,False,False
2025-02-05 03:00:00,2025-02-05,3,26.96,0.0,reported_accepted,reported_accepted,False,False
2025-02-05 04:00:00,2025-02-05,4,26.96,0.0,reported_accepted,reported_accepted,False,False
2025-02-05 05:00:00,2025-02-05,5,26.96,0.0,reported_accepted,reported_accepted,False,False
2025-02-05 06:00:00,2025-02-05,6,26.96,0.0,reported_accepted,reported_accepted,False,False
2025-02-05 07:00:00,2025-02-05,7,26.96,0.0,reported_accepted,reported_accepted,False,False
2025-02-05 08:00:00,2025-02-05,8,26.96,0.0,reported_accepted,reported_accepted,False,False
2025-02-05 09:00:00,2025-02-05,9,28.04,0.0,reported_accepted,reported_accepted,False,False
2025-02-05 10:00:00,2025-02-05,10,28.94,0.0,reported_accepted,reported_accepted,False,False
2025-02-05 11:00:00,2025-02-05,11,30.92,0.0,reported_accepted,reported_accepted,False,False
2025-02-05 12:00:00,2025-02-05,12,33.08,0.0,reported_accepted,reported_accepted,False,False
2025-02-05 13:00:00,2025-02-05,13,35.06,0.0,reported_accepted,reported_accepted,False,False
2025-02-05 14:00:00,2025-02-05,14,35.96,0.0,reported_accepted,reported_accepted,False,False
2025-02-05 15:00:00,2025-02-05,15,35.06,0.0,reported_accepted,reported_accepted,False,False
2025-02-05 16:00:00,2025-02-05,16,33.98,0.0,reported_accepted,reported_accepted,False,False
2025-02-05 17:00:00,2025-02-05,17,33.08,0.0,reported_accepted,reported_accepted,False,False
2025-02-05 18:00:00,2025-02-05,18,33.08,0.0,reported_accepted,reported_accepted,False,False
2025-02-05 19:00:00,2025-02-05,19,32.0,0.0,reported_accepted,reported_accepted,False,False
2025-02-05 20:00:00,2025-02-05,20,32.0,0.0,reported_accepted,reported_accepted,False,False
2025-02-05 21:00:00,2025-02-05,21,32.0,0.0,reported_accepted,reported_accepted,False,False
2025-02-05 22:00:00,2025-02-05,22,32.0,0.0,reported_accepted,reported_accepted,False,False
2025-02-05 23:00:00,2025-02-05,23,32.0,0.0,reported_accepted,reported_accepted,False,False
2025-02-06 00:00:00,2025-02-06,0,32.0,0.0,reported_accepted,reported_accepted,False,False
2025-02-06 01:00:00,2025-02-06,1,32.0,0.0,reported_accepted,reported_accepted,False,False
2025-02-06 02:00:00,2025-02-06,2,32.0,0.0,reported_accepted,reported_accepted,False,False
2025-02-06 03:00:00,2025-02-06,3,30.92,0.0,reported_accepted,reported_accepted,False,False
2025-02-06 04:00:00,2025-02-06,4,30.02,0.03937007874015748,reported_accepted,reported_accepted,False,False
2025-02-06 05:00:00,2025-02-06,5,30.92,0.03149606299212599,reported_accepted,reported_accepted,False,False
2025-02-06 06:00:00,2025-02-06,6,30.92,0.0905511811023622,reported_accepted,reported_accepted,False,False
2025-02-06 07:00:00,2025-02-06,7,33.08,0.05118110236220473,reported_accepted,reported_accepted,False,False
2025-02-06 08:00:00,2025-02-06,8,33.08,0.01968503937007874,reported_accepted,reported_accepted,False,False
2025-02-06 09:00:00,2025-02-06,9,35.06,0.01968503937007874,reported_accepted,reported_accepted,False,False
2025-02-06 10:00:00,2025-02-06,10,35.96,0.01968503937007874,reported_accepted,reported_accepted,False,False
2025-02-06 11:00:00,2025-02-06,11,37.04,0.0,reported_accepted,reported_accepted,False,False
2025-02-06 12:00:00,2025-02-06,12,37.04,0.07086614173228346,reported_accepted,reported_accepted,False,False
2025-02-06 13:00:00,2025-02-06,13,37.94,0.0,reported_accepted,reported_accepted,False,False
2025-02-06 14:00:00,2025-02-06,14,37.94,0.0,reported_accepted,reported_accepted,False,False
2025-02-06 15:00:00,2025-02-06,15,37.04,0.0,reported_accepted,reported_accepted,False,False
2025-02-06 16:00:00,2025-02-06,16,37.94,0.0,reported_accepted,reported_accepted,False,False
2025-02-06 17:00:00,2025-02-06,17,37.04,0.0,reported_accepted,reported_accepted,False,False
2025-02-06 18:00:00,2025-02-06,18,37.04,0.0,reported_accepted,reported_accepted,False,False
2025-02-06 19:00:00,2025-02-06,19,37.94,0.0,reported_accepted,reported_accepted,False,False
2025-02-06 20:00:00,2025-02-06,20,37.94,0.0,reported_accepted,reported_accepted,False,False
2025-02-06 21:00:00,2025-02-06,21,37.94,0.0,reported_accepted,reported_accepted,False,False
2025-02-06 22:00:00,2025-02-06,22,37.94,0.0,reported_accepted,reported_accepted,False,False
2025-02-06 23:00:00,2025-02-06,23,37.94,0.0,reported_accepted,reported_accepted,False,False
2025-02-07 00:00:00,2025-02-07,0,37.04,0.0,reported_accepted,reported_accepted,False,False
2025-02-07 01:00:00,2025-02-07,1,37.94,0.0,reported_accepted,reported_accepted,False,False
2025-02-07 02:00:00,2025-02-07,2,37.94,0.0,reported_accepted,reported_accepted,False,False
2025-02-07 03:00:00,2025-02-07,3,39.02,0.0,reported_accepted,reported_accepted,False,False
2025-02-07 04:00:00,2025-02-07,4,39.02,0.0,reported_accepted,reported_accepted,False,False
2025-02-07 05:00:00,2025-02-07,5,39.92,0.0,reported_accepted,reported_accepted,False,False
2025-02-07 06:00:00,2025-02-07,6,42.08,0.0,reported_accepted,reported_accepted,False,False
2025-02-07 07:00:00,2025-02-07,7,41.0,0.0,reported_accepted,reported_accepted,False,False
2025-02-07 08:00:00,2025-02-07,8,41.0,0.0,reported_accepted,reported_accepted,False,False
2025-02-07 09:00:00,2025-02-07,9,42.08,0.0,reported_accepted,reported_accepted,False,False
2025-02-07 10:00:00,2025-02-07,10,41.0,0.0,reported_accepted,reported_accepted,False,False
2025-02-07 11:00:00,2025-02-07,11,39.02,0.0,reported_accepted,reported_accepted,False,False
2025-02-07 12:00:00,2025-02-07,12,39.02,0.0,reported_accepted,reported_accepted,False,False
2025-02-07 13:00:00,2025-02-07,13,37.94,0.0,reported_accepted,reported_accepted,False,False
2025-02-07 14:00:00,2025-02-07,14,37.04,0.0,reported_accepted,reported_accepted,False,False
2025-02-07 15:00:00,2025-02-07,15,37.04,0.0,reported_accepted,reported_accepted,False,False
2025-02-07 16:00:00,2025-02-07,16,35.06,0.0,reported_accepted,reported_accepted,False,False
2025-02-07 17:00:00,2025-02-07,17,33.98,0.0,reported_accepted,reported_accepted,False,False
2025-02-07 18:00:00,2025-02-07,18,33.08,0.0,reported_accepted,reported_accepted,False,False
2025-02-07 19:00:00,2025-02-07,19,32.0,0.0,reported_accepted,reported_accepted,False,False
2025-02-07 20:00:00,2025-02-07,20,32.0,0.0,reported_accepted,reported_accepted,False,False
2025-02-07 21:00:00,2025-02-07,21,30.92,0.0,reported_accepted,reported_accepted,False,False
2025-02-07 22:00:00,2025-02-07,22,30.02,0.0,reported_accepted,reported_accepted,False,False
2025-02-07 23:00:00,2025-02-07,23,30.02,0.0,reported_accepted,reported_accepted,False,False
2025-02-08 00:00:00,2025-02-08,0,28.94,0.0,reported_accepted,reported_accepted,False,False
2025-02-08 01:00:00,2025-02-08,1,28.04,0.0,reported_accepted,reported_accepted,False,False
2025-02-08 02:00:00,2025-02-08,2,26.96,0.0,reported_accepted,reported_accepted,False,False
2025-02-08 03:00:00,2025-02-08,3,26.060000000000002,0.0,reported_accepted,reported_accepted,False,False
2025-02-08 04:00:00,2025-02-08,4,26.060000000000002,0.0,reported_accepted,reported_accepted,False,False
2025-02-08 05:00:00,2025-02-08,5,26.060000000000002,0.0,reported_accepted,reported_accepted,False,False
2025-02-08 06:00:00,2025-02-08,6,26.060000000000002,0.0,reported_accepted,reported_accepted,False,False
2025-02-08 07:00:00,2025-02-08,7,26.060000000000002,0.0,reported_accepted,reported_accepted,False,False
2025-02-08 08:00:00,2025-02-08,8,26.96,0.0,reported_accepted,reported_accepted,False,False
2025-02-08 09:00:00,2025-02-08,9,28.94,0.0,reported_accepted,reported_accepted,False,False
2025-02-08 10:00:00,2025-02-08,10,30.02,0.0,reported_accepted,reported_accepted,False,False
2025-02-08 11:00:00,2025-02-08,11,33.08,0.0,reported_accepted,reported_accepted,False,False
2025-02-08 12:00:00,2025-02-08,12,33.98,0.0,reported_accepted,reported_accepted,False,False
2025-02-08 13:00:00,2025-02-08,13,35.06,0.0,reported_accepted,reported_accepted,False,False
2025-02-08 14:00:00,2025-02-08,14,35.06,0.0,reported_accepted,reported_accepted,False,False
2025-02-08 15:00:00,2025-02-08,15,33.08,0.0,reported_accepted,reported_accepted,False,False
2025-02-08 16:00:00,2025-02-08,16,33.08,0.0,reported_accepted,reported_accepted,False,False
2025-02-08 17:00:00,2025-02-08,17,32.0,0.0,reported_accepted,reported_accepted,False,False
2025-02-08 18:00:00,2025-02-08,18,33.08,0.0,reported_accepted,reported_accepted,False,False
2025-02-08 19:00:00,2025-02-08,19,33.98,0.011811023622047244,reported_accepted,reported_accepted,False,False
2025-02-08 20:00:00,2025-02-08,20,30.02,0.14173228346456693,reported_accepted,reported_accepted,False,False
2025-02-08 21:00:00,2025-02-08,21,30.02,0.16929133858267717,reported_accepted,reported_accepted,False,False
2025-02-08 22:00:00,2025-02-08,22,30.02,0.16141732283464566,reported_accepted,reported_accepted,False,False
2025-02-08 23:00:00,2025-02-08,23,30.02,0.12992125984251968,reported_accepted,reported_accepted,False,False
2025-02-09 00:00:00,2025-02-09,0,30.92,0.01968503937007874,reported_accepted,reported_accepted,False,False
2025-02-09 01:00:00,2025-02-09,1,32.0,0.011811023622047244,reported_accepted,reported_accepted,False,False
2025-02-09 02:00:00,2025-02-09,2,32.0,0.011811023622047244,reported_accepted,reported_accepted,False,False
2025-02-09 03:00:00,2025-02-09,3,33.08,0.011811023622047244,reported_accepted,reported_accepted,False,False
2025-02-09 04:00:00,2025-02-09,4,32.0,0.011811023622047244,reported_accepted,reported_accepted,False,False
2025-02-09 05:00:00,2025-02-09,5,32.0,0.0,reported_accepted,reported_accepted,False,False
2025-02-09 06:00:00,2025-02-09,6,30.92,0.0,reported_accepted,reported_accepted,False,False
2025-02-09 07:00:00,2025-02-09,7,30.92,0.0,reported_accepted,reported_accepted,False,False
2025-02-09 08:00:00,2025-02-09,8,30.92,0.0,reported_accepted,reported_accepted,False,False
2025-02-09 09:00:00,2025-02-09,9,32.0,0.0,reported_accepted,reported_accepted,False,False
2025-02-09 10:00:00,2025-02-09,10,33.08,0.0,reported_accepted,reported_accepted,False,False
2025-02-09 11:00:00,2025-02-09,11,33.08,0.0,reported_accepted,reported_accepted,False,False
2025-02-09 12:00:00,2025-02-09,12,33.08,0.0,reported_accepted,reported_accepted,False,False
2025-02-09 13:00:00,2025-02-09,13,33.08,0.0,reported_accepted,reported_accepted,False,False
2025-02-09 14:00:00,2025-02-09,14,33.98,0.0,reported_accepted,reported_accepted,False,False
2025-02-09 15:00:00,2025-02-09,15,33.98,0.0,reported_accepted,reported_accepted,False,False
2025-02-09 16:00:00,2025-02-09,16,33.98,0.0,reported_accepted,reported_accepted,False,False
2025-02-09 17:00:00,2025-02-09,17,33.98,0.0,reported_accepted,reported_accepted,False,False
2025-02-09 18:00:00,2025-02-09,18,33.98,0.0,reported_accepted,reported_accepted,False,False
2025-02-09 19:00:00,2025-02-09,19,35.06,0.0,reported_accepted,reported_accepted,False,False
2025-02-09 20:00:00,2025-02-09,20,35.06,0.0,reported_accepted,reported_accepted,False,False
2025-02-09 21:00:00,2025-02-09,21,35.06,0.0,reported_accepted,reported_accepted,False,False
2025-02-09 22:00:00,2025-02-09,22,35.06,0.0,reported_accepted,reported_accepted,False,False
2025-02-09 23:00:00,2025-02-09,23,33.98,0.0,reported_accepted,reported_accepted,False,False
2025-02-10 00:00:00,2025-02-10,0,35.06,0.0,reported_accepted,reported_accepted,False,False
2025-02-10 01:00:00,2025-02-10,1,33.98,0.0,reported_accepted,reported_accepted,False,False
2025-02-10 02:00:00,2025-02-10,2,33.98,0.0,reported_accepted,reported_accepted,False,False
2025-02-10 03:00:00,2025-02-10,3,33.08,0.0,reported_accepted,reported_accepted,False,False
2025-02-10 04:00:00,2025-02-10,4,32.0,0.0,reported_accepted,reported_accepted,False,False
2025-02-10 05:00:00,2025-02-10,5,30.92,0.0,reported_accepted,reported_accepted,False,False
2025-02-10 06:00:00,2025-02-10,6,30.92,0.0,reported_accepted,reported_accepted,False,False
2025-02-10 07:00:00,2025-02-10,7,30.92,0.0,reported_accepted,reported_accepted,False,False
2025-02-10 08:00:00,2025-02-10,8,32.0,0.0,reported_accepted,reported_accepted,False,False
2025-02-10 09:00:00,2025-02-10,9,33.08,0.0,reported_accepted,reported_accepted,False,False
2025-02-10 10:00:00,2025-02-10,10,33.08,0.0,reported_accepted,reported_accepted,False,False
2025-02-10 11:00:00,2025-02-10,11,35.06,0.0,reported_accepted,reported_accepted,False,False
2025-02-10 12:00:00,2025-02-10,12,35.06,0.0,reported_accepted,reported_accepted,False,False
2025-02-10 13:00:00,2025-02-10,13,35.96,0.0,reported_accepted,reported_accepted,False,False
2025-02-10 14:00:00,2025-02-10,14,37.04,0.0,reported_accepted,reported_accepted,False,False
2025-02-10 15:00:00,2025-02-10,15,35.96,0.0,reported_accepted,reported_accepted,False,False
2025-02-10 16:00:00,2025-02-10,16,35.06,0.0,reported_accepted,reported_accepted,False,False
2025-02-10 17:00:00,2025-02-10,17,35.06,0.0,reported_accepted,reported_accepted,False,False
2025-02-10 18:00:00,2025-02-10,18,33.98,0.0,reported_accepted,reported_accepted,False,False
2025-02-10 19:00:00,2025-02-10,19,33.08,0.0,reported_accepted,reported_accepted,False,False
2025-02-10 20:00:00,2025-02-10,20,32.0,0.0,reported_accepted,reported_accepted,False,False
2025-02-10 21:00:00,2025-02-10,21,30.92,0.0,reported_accepted,reported_accepted,False,False
2025-02-10 22:00:00,2025-02-10,22,30.02,0.0,reported_accepted,reported_accepted,False,False
2025-02-10 23:00:00,2025-02-10,23,30.02,0.0,reported_accepted,reported_accepted,False,False
2025-02-11 00:00:00,2025-02-11,0,28.94,0.0,reported_accepted,reported_accepted,False,False
2025-02-11 01:00:00,2025-02-11,1,28.94,0.0,reported_accepted,reported_accepted,False,False
2025-02-11 02:00:00,2025-02-11,2,28.94,0.0,reported_accepted,reported_accepted,False,False
2025-02-11 03:00:00,2025-02-11,3,28.04,0.0,reported_accepted,reported_accepted,False,False
2025-02-11 04:00:00,2025-02-11,4,28.04,0.0,reported_accepted,reported_accepted,False,False
2025-02-11 05:00:00,2025-02-11,5,28.94,0.0,reported_accepted,reported_accepted,False,False
2025-02-11 06:00:00,2025-02-11,6,28.94,0.0,reported_accepted,reported_accepted,False,False
2025-02-11 07:00:00,2025-02-11,7,30.02,0.0,reported_accepted,reported_accepted,False,False
2025-02-11 08:00:00,2025-02-11,8,30.02,0.0,reported_accepted,reported_accepted,False,False
2025-02-11 09:00:00,2025-02-11,9,30.92,0.0,reported_accepted,reported_accepted,False,False
2025-02-11 10:00:00,2025-02-11,10,32.0,0.0,reported_accepted,reported_accepted,False,False
2025-02-11 11:00:00,2025-02-11,11,33.98,0.0,reported_accepted,reported_accepted,False,False
2025-02-11 12:00:00,2025-02-11,12,33.98,0.0,reported_accepted,reported_accepted,False,False
2025-02-11 13:00:00,2025-02-11,13,35.06,0.0,reported_accepted,reported_accepted,False,False
2025-02-11 14:00:00,2025-02-11,14,33.98,0.0,reported_accepted,reported_accepted,False,False
2025-02-11 15:00:00,2025-02-11,15,33.98,0.0,reported_accepted,reported_accepted,False,False
2025-02-11 16:00:00,2025-02-11,16,35.06,0.0,reported_accepted,reported_accepted,False,False
2025-02-11 17:00:00,2025-02-11,17,35.06,0.0,reported_accepted,reported_accepted,False,False
2025-02-11 18:00:00,2025-02-11,18,35.06,0.0,reported_accepted,reported_accepted,False,False
2025-02-11 19:00:00,2025-02-11,19,33.08,0.0,reported_accepted,reported_accepted,False,False
2025-02-11 20:00:00,2025-02-11,20,30.92,0.01968503937007874,reported_accepted,reported_accepted,False,False
2025-02-11 21:00:00,2025-02-11,21,30.92,0.03149606299212599,reported_accepted,reported_accepted,False,False
2025-02-11 22:00:00,2025-02-11,22,30.92,0.03937007874015748,reported_accepted,reported_accepted,False,False
2025-02-11 23:00:00,2025-02-11,23,30.92,0.03149606299212599,reported_accepted,reported_accepted,False,False
2025-02-12 00:00:00,2025-02-12,0,30.92,0.03149606299212599,reported_accepted,reported_accepted,False,False
2025-02-12 01:00:00,2025-02-12,1,30.92,0.03149606299212599,reported_accepted,reported_accepted,False,False
2025-02-12 02:00:00,2025-02-12,2,30.92,0.0,reported_accepted,reported_accepted,False,False
2025-02-12 03:00:00,2025-02-12,3,30.92,0.0,reported_accepted,reported_accepted,False,False
2025-02-12 04:00:00,2025-02-12,4,30.92,0.0,reported_accepted,reported_accepted,False,False
2025-02-12 05:00:00,2025-02-12,5,32.0,0.0,reported_accepted,reported_accepted,False,False
2025-02-12 06:00:00,2025-02-12,6,32.0,0.0,reported_accepted,reported_accepted,False,False
2025-02-12 07:00:00,2025-02-12,7,32.0,0.0,reported_accepted,reported_accepted,False,False
2025-02-12 08:00:00,2025-02-12,8,33.08,0.0,reported_accepted,reported_accepted,False,False
2025-02-12 09:00:00,2025-02-12,9,33.08,0.0,reported_accepted,reported_accepted,False,False
2025-02-12 10:00:00,2025-02-12,10,33.08,0.0,reported_accepted,reported_accepted,False,False
2025-02-12 11:00:00,2025-02-12,11,33.98,0.0,reported_accepted,reported_accepted,False,False
2025-02-12 12:00:00,2025-02-12,12,33.08,0.0,reported_accepted,reported_accepted,False,False
2025-02-12 13:00:00,2025-02-12,13,33.98,0.0,reported_accepted,reported_accepted,False,False
2025-02-12 14:00:00,2025-02-12,14,33.98,0.0,reported_accepted,reported_accepted,False,False
2025-02-12 15:00:00,2025-02-12,15,33.98,0.0,reported_accepted,reported_accepted,False,False
2025-02-12 16:00:00,2025-02-12,16,33.98,0.0,reported_accepted,reported_accepted,False,False
2025-02-12 17:00:00,2025-02-12,17,33.98,0.0,reported_accepted,reported_accepted,False,False
2025-02-12 18:00:00,2025-02-12,18,35.06,0.0,reported_accepted,reported_accepted,False,False
2025-02-12 19:00:00,2025-02-12,19,35.96,0.0,reported_accepted,reported_accepted,False,False
2025-02-12 20:00:00,2025-02-12,20,35.06,0.011811023622047244,reported_accepted,reported_accepted,False,False
2025-02-12 21:00:00,2025-02-12,21,33.98,0.011811023622047244,reported_accepted,reported_accepted,False,False
2025-02-12 22:00:00,2025-02-12,22,33.98,0.011811023622047244,reported_accepted,reported_accepted,False,False
2025-02-12 23:00:00,2025-02-12,23,33.98,0.01968503937007874,reported_accepted,reported_accepted,False,False
2025-02-13 00:00:00,2025-02-13,0,35.06,0.01968503937007874,reported_accepted,reported_accepted,False,False
2025-02-13 01:00:00,2025-02-13,1,35.06,0.01968503937007874,reported_accepted,reported_accepted,False,False
2025-02-13 02:00:00,2025-02-13,2,35.96,0.01968503937007874,reported_accepted,reported_accepted,False,False
2025-02-13 03:00:00,2025-02-13,3,35.96,0.03149606299212599,reported_accepted,reported_accepted,False,False
2025-02-13 04:00:00,2025-02-13,4,35.96,0.03149606299212599,reported_accepted,reported_accepted,False,False
2025-02-13 05:00:00,2025-02-13,5,35.96,0.01968503937007874,reported_accepted,reported_accepted,False,False
2025-02-13 06:00:00,2025-02-13,6,35.96,0.0,reported_accepted,reported_accepted,False,False
2025-02-13 07:00:00,2025-02-13,7,37.04,0.011811023622047244,reported_accepted,reported_accepted,False,False
2025-02-13 08:00:00,2025-02-13,8,37.04,0.0,reported_accepted,reported_accepted,False,False
2025-02-13 09:00:00,2025-02-13,9,37.94,0.0,reported_accepted,reported_accepted,False,False
2025-02-13 10:00:00,2025-02-13,10,37.94,0.0,reported_accepted,reported_accepted,False,False
2025-02-13 11:00:00,2025-02-13,11,39.02,0.0,reported_accepted,reported_accepted,False,False
2025-02-13 12:00:00,2025-02-13,12,39.02,0.0,reported_accepted,reported_accepted,False,False
2025-02-13 13:00:00,2025-02-13,13,41.0,0.0,reported_accepted,reported_accepted,False,False
2025-02-13 14:00:00,2025-02-13,14,42.980000000000004,0.0,reported_accepted,reported_accepted,False,False
2025-02-13 15:00:00,2025-02-13,15,44.06,0.0,reported_accepted,reported_accepted,False,False
2025-02-13 16:00:00,2025-02-13,16,46.04,0.0,reported_accepted,reported_accepted,False,False
2025-02-13 17:00:00,2025-02-13,17,44.96,0.0,reported_accepted,reported_accepted,False,False
2025-02-13 18:00:00,2025-02-13,18,44.06,0.0,reported_accepted,reported_accepted,False,False
2025-02-13 19:00:00,2025-02-13,19,42.08,0.0,reported_accepted,reported_accepted,False,False
2025-02-13 20:00:00,2025-02-13,20,41.0,0.0,reported_accepted,reported_accepted,False,False
2025-02-13 21:00:00,2025-02-13,21,37.94,0.0,reported_accepted,reported_accepted,False,False
2025-02-13 22:00:00,2025-02-13,22,37.04,0.0,reported_accepted,reported_accepted,False,False
2025-02-13 23:00:00,2025-02-13,23,35.96,0.0,reported_accepted,reported_accepted,False,False
2025-02-14 00:00:00,2025-02-14,0,33.98,0.0,reported_accepted,daily_total_supported_zero,False,False
2025-02-14 01:00:00,2025-02-14,1,33.98,0.0,reported_accepted,daily_total_supported_zero,False,False
2025-02-14 02:00:00,2025-02-14,2,33.08,0.0,reported_accepted,daily_total_supported_zero,False,False
2025-02-14 03:00:00,2025-02-14,3,32.0,0.0,reported_accepted,daily_total_supported_zero,False,False
2025-02-14 04:00:00,2025-02-14,4,30.92,0.0,reported_accepted,daily_total_supported_zero,False,False
2025-02-14 05:00:00,2025-02-14,5,30.02,0.0,reported_accepted,daily_total_supported_zero,False,False
2025-02-14 06:00:00,2025-02-14,6,30.02,0.0,reported_accepted,daily_total_supported_zero,False,False
2025-02-14 07:00:00,2025-02-14,7,30.02,0.0,reported_accepted,daily_total_supported_zero,False,False
2025-02-14 08:00:00,2025-02-14,8,30.92,0.0,reported_accepted,daily_total_supported_zero,False,False
2025-02-14 09:00:00,2025-02-14,9,30.92,0.0,reported_accepted,daily_total_supported_zero,False,False
2025-02-14 10:00:00,2025-02-14,10,33.08,0.0,reported_accepted,daily_total_supported_zero,False,False
2025-02-14 11:00:00,2025-02-14,11,33.8,0.0,reported_flagged_fallback,daily_total_supported_zero,False,False
2025-02-14 12:00:00,2025-02-14,12,33.98,0.0,reported_accepted,reported_accepted,False,False
2025-02-14 13:00:00,2025-02-14,13,35.06,0.0,reported_accepted,reported_accepted,False,False
2025-02-14 14:00:00,2025-02-14,14,35.06,0.0,reported_accepted,reported_accepted,False,False
2025-02-14 15:00:00,2025-02-14,15,35.06,0.0,reported_accepted,reported_accepted,False,False
2025-02-14 16:00:00,2025-02-14,16,33.98,0.0,reported_accepted,reported_accepted,False,False
2025-02-14 17:00:00,2025-02-14,17,33.08,0.0,reported_accepted,reported_accepted,False,False
2025-02-14 18:00:00,2025-02-14,18,32.0,0.0,reported_accepted,reported_accepted,False,False
2025-02-14 19:00:00,2025-02-14,19,30.92,0.0,reported_accepted,reported_accepted,False,False
2025-02-14 20:00:00,2025-02-14,20,30.02,0.0,reported_accepted,reported_accepted,False,False
2025-02-14 21:00:00,2025-02-14,21,30.02,0.0,reported_accepted,reported_accepted,False,False
2025-02-14 22:00:00,2025-02-14,22,30.02,0.0,reported_accepted,reported_accepted,False,False
2025-02-14 23:00:00,2025-02-14,23,30.02,0.0,reported_accepted,reported_accepted,False,False
2025-02-15 00:00:00,2025-02-15,0,28.94,0.0,reported_accepted,reported_accepted,False,False
2025-02-15 01:00:00,2025-02-15,1,28.94,0.0,reported_accepted,reported_accepted,False,False
2025-02-15 02:00:00,2025-02-15,2,28.94,0.0,reported_accepted,reported_accepted,False,False
2025-02-15 03:00:00,2025-02-15,3,28.94,0.0,reported_accepted,reported_accepted,False,False
2025-02-15 04:00:00,2025-02-15,4,28.94,0.0,reported_accepted,reported_accepted,False,False
2025-02-15 05:00:00,2025-02-15,5,28.94,0.0,reported_accepted,reported_accepted,False,False
2025-02-15 06:00:00,2025-02-15,6,28.04,0.0,reported_accepted,reported_accepted,False,False
2025-02-15 07:00:00,2025-02-15,7,28.94,0.0,reported_accepted,reported_accepted,False,False
2025-02-15 08:00:00,2025-02-15,8,30.02,0.0,reported_accepted,reported_accepted,False,False
2025-02-15 09:00:00,2025-02-15,9,32.0,0.0,reported_accepted,reported_accepted,False,False
2025-02-15 10:00:00,2025-02-15,10,33.08,0.0,reported_accepted,reported_accepted,False,False
2025-02-15 11:00:00,2025-02-15,11,33.98,0.0,reported_accepted,reported_accepted,False,False
2025-02-15 12:00:00,2025-02-15,12,35.06,0.0,reported_accepted,reported_accepted,False,False
2025-02-15 13:00:00,2025-02-15,13,35.06,0.0,reported_accepted,reported_accepted,False,False
2025-02-15 14:00:00,2025-02-15,14,33.08,0.011811023622047244,reported_accepted,reported_accepted,False,False
2025-02-15 15:00:00,2025-02-15,15,32.0,0.03149606299212599,reported_accepted,reported_accepted,False,False
2025-02-15 16:00:00,2025-02-15,16,32.0,0.03149606299212599,reported_accepted,reported_accepted,False,False
2025-02-15 17:00:00,2025-02-15,17,33.08,0.03149606299212599,reported_accepted,reported_accepted,False,False
2025-02-15 18:00:00,2025-02-15,18,33.08,0.01968503937007874,reported_accepted,reported_accepted,False,False
2025-02-15 19:00:00,2025-02-15,19,33.98,0.01968503937007874,reported_accepted,reported_accepted,False,False
2025-02-15 20:00:00,2025-02-15,20,33.98,0.05905511811023623,reported_accepted,reported_accepted,False,False
2025-02-15 21:00:00,2025-02-15,21,33.98,0.03937007874015748,reported_accepted,reported_accepted,False,False
2025-02-15 22:00:00,2025-02-15,22,33.98,0.03937007874015748,reported_accepted,reported_accepted,False,False
2025-02-15 23:00:00,2025-02-15,23,33.98,0.03149606299212599,reported_accepted,reported_accepted,False,False
2025-02-16 00:00:00,2025-02-16,0,33.98,0.03937007874015748,reported_accepted,reported_accepted,False,False
2025-02-16 01:00:00,2025-02-16,1,35.06,0.011811023622047244,reported_accepted,reported_accepted,False,False
2025-02-16 02:00:00,2025-02-16,2,35.06,0.03937007874015748,reported_accepted,reported_accepted,False,False
2025-02-16 03:00:00,2025-02-16,3,35.96,0.01968503937007874,reported_accepted,reported_accepted,False,False
2025-02-16 04:00:00,2025-02-16,4,35.96,0.03937007874015748,reported_accepted,reported_accepted,False,False
2025-02-16 05:00:00,2025-02-16,5,35.06,0.05118110236220473,reported_accepted,reported_accepted,False,False
2025-02-16 06:00:00,2025-02-16,6,33.98,0.03937007874015748,reported_accepted,reported_accepted,False,False
2025-02-16 07:00:00,2025-02-16,7,33.08,0.03149606299212599,reported_accepted,reported_accepted,False,False
2025-02-16 08:00:00,2025-02-16,8,33.98,0.011811023622047244,reported_accepted,reported_accepted,False,False
2025-02-16 09:00:00,2025-02-16,9,33.98,0.0,reported_accepted,reported_accepted,False,False
2025-02-16 10:00:00,2025-02-16,10,35.06,0.0984251968503937,reported_accepted,reported_accepted,False,False
2025-02-16 11:00:00,2025-02-16,11,35.96,0.01968503937007874,reported_accepted,reported_accepted,False,False
2025-02-16 12:00:00,2025-02-16,12,35.96,0.14960629921259844,reported_accepted,reported_accepted,False,False
2025-02-16 13:00:00,2025-02-16,13,37.04,0.12992125984251968,reported_accepted,reported_accepted,False,False
2025-02-16 14:00:00,2025-02-16,14,37.94,0.0,reported_accepted,reported_accepted,False,False
2025-02-16 15:00:00,2025-02-16,15,39.02,0.0,reported_accepted,reported_accepted,False,False
2025-02-16 16:00:00,2025-02-16,16,41.0,0.0,reported_accepted,reported_accepted,False,False
2025-02-16 17:00:00,2025-02-16,17,44.96,0.0905511811023622,reported_accepted,reported_accepted,False,False
2025-02-16 18:00:00,2025-02-16,18,44.96,0.0,reported_accepted,reported_accepted,False,False
2025-02-16 19:00:00,2025-02-16,19,42.980000000000004,0.0,reported_accepted,reported_accepted,False,False
2025-02-16 20:00:00,2025-02-16,20,42.08,0.0,reported_accepted,reported_accepted,False,False
2025-02-16 21:00:00,2025-02-16,21,39.92,0.0,reported_accepted,reported_accepted,False,False
2025-02-16 22:00:00,2025-02-16,22,39.02,0.0,reported_accepted,reported_accepted,False,False
2025-02-16 23:00:00,2025-02-16,23,37.04,0.0,reported_accepted,reported_accepted,False,False
2025-02-17 00:00:00,2025-02-17,0,35.06,0.0,reported_accepted,reported_accepted,False,False
2025-02-17 01:00:00,2025-02-17,1,33.98,0.0,reported_accepted,reported_accepted,False,False
2025-02-17 02:00:00,2025-02-17,2,33.08,0.0,reported_accepted,reported_accepted,False,False
2025-02-17 03:00:00,2025-02-17,3,32.0,0.0,reported_accepted,reported_accepted,False,False
2025-02-17 04:00:00,2025-02-17,4,30.92,0.0,reported_accepted,reported_accepted,False,False
2025-02-17 05:00:00,2025-02-17,5,30.02,0.0,reported_accepted,reported_accepted,False,False
2025-02-17 06:00:00,2025-02-17,6,30.02,0.0,reported_accepted,reported_accepted,False,False
2025-02-17 07:00:00,2025-02-17,7,30.02,0.0,reported_accepted,reported_accepted,False,False
2025-02-17 08:00:00,2025-02-17,8,30.02,0.0,reported_accepted,reported_accepted,False,False
2025-02-17 09:00:00,2025-02-17,9,30.02,0.0,reported_accepted,reported_accepted,False,False
2025-02-17 10:00:00,2025-02-17,10,30.92,0.0,reported_accepted,reported_accepted,False,False
2025-02-17 11:00:00,2025-02-17,11,30.92,0.0,reported_accepted,reported_accepted,False,False
2025-02-17 12:00:00,2025-02-17,12,33.08,0.0,reported_accepted,reported_accepted,False,False
2025-02-17 13:00:00,2025-02-17,13,33.08,0.0,reported_accepted,reported_accepted,False,False
2025-02-17 14:00:00,2025-02-17,14,33.98,0.0,reported_accepted,reported_accepted,False,False
2025-02-17 15:00:00,2025-02-17,15,33.98,0.0,reported_accepted,reported_accepted,False,False
2025-02-17 16:00:00,2025-02-17,16,33.08,0.0,reported_accepted,reported_accepted,False,False
2025-02-17 17:00:00,2025-02-17,17,32.0,0.0,reported_accepted,reported_accepted,False,False
2025-02-17 18:00:00,2025-02-17,18,32.0,0.0,reported_accepted,reported_accepted,False,False
2025-02-17 19:00:00,2025-02-17,19,30.92,0.0,reported_accepted,reported_accepted,False,False
2025-02-17 20:00:00,2025-02-17,20,30.02,0.0,reported_accepted,reported_accepted,False,False
2025-02-17 21:00:00,2025-02-17,21,28.04,0.0,reported_accepted,reported_accepted,False,False
2025-02-17 22:00:00,2025-02-17,22,26.96,0.0,reported_accepted,reported_accepted,False,False
2025-02-17 23:00:00,2025-02-17,23,26.060000000000002,0.0,reported_accepted,reported_accepted,False,False
2025-02-18 00:00:00,2025-02-18,0,24.98,0.0,reported_accepted,reported_accepted,False,False
2025-02-18 01:00:00,2025-02-18,1,24.08,0.0,reported_accepted,reported_accepted,False,False
2025-02-18 02:00:00,2025-02-18,2,23.0,0.0,reported_accepted,reported_accepted,False,False
2025-02-18 03:00:00,2025-02-18,3,21.92,0.0,reported_accepted,reported_accepted,False,False
2025-02-18 04:00:00,2025-02-18,4,21.02,0.0,reported_accepted,reported_accepted,False,False
2025-02-18 05:00:00,2025-02-18,5,19.939999999999998,0.0,reported_accepted,reported_accepted,False,False
2025-02-18 06:00:00,2025-02-18,6,19.04,0.0,reported_accepted,reported_accepted,False,False
2025-02-18 07:00:00,2025-02-18,7,19.04,0.0,reported_accepted,reported_accepted,False,False
2025-02-18 08:00:00,2025-02-18,8,19.939999999999998,0.0,reported_accepted,reported_accepted,False,False
2025-02-18 09:00:00,2025-02-18,9,19.939999999999998,0.0,reported_accepted,reported_accepted,False,False
2025-02-18 10:00:00,2025-02-18,10,21.92,0.0,reported_accepted,reported_accepted,False,False
2025-02-18 11:00:00,2025-02-18,11,24.08,0.0,reported_accepted,reported_accepted,False,False
2025-02-18 12:00:00,2025-02-18,12,24.98,0.0,reported_accepted,reported_accepted,False,False
2025-02-18 13:00:00,2025-02-18,13,26.96,0.0,reported_accepted,reported_accepted,False,False
2025-02-18 14:00:00,2025-02-18,14,26.96,0.0,reported_accepted,reported_accepted,False,False
2025-02-18 15:00:00,2025-02-18,15,26.96,0.0,reported_accepted,reported_accepted,False,False
2025-02-18 16:00:00,2025-02-18,16,26.060000000000002,0.0,reported_accepted,reported_accepted,False,False
2025-02-18 17:00:00,2025-02-18,17,24.98,0.0,reported_accepted,reported_accepted,False,False
2025-02-18 18:00:00,2025-02-18,18,24.08,0.0,reported_accepted,reported_accepted,False,False
2025-02-18 19:00:00,2025-02-18,19,23.0,0.0,reported_accepted,reported_accepted,False,False
2025-02-18 20:00:00,2025-02-18,20,23.0,0.0,reported_accepted,reported_accepted,False,False
2025-02-18 21:00:00,2025-02-18,21,21.92,0.0,reported_accepted,reported_accepted,False,False
2025-02-18 22:00:00,2025-02-18,22,21.02,0.0,reported_accepted,reported_accepted,False,False
2025-02-18 23:00:00,2025-02-18,23,21.02,0.0,reported_accepted,reported_accepted,False,False
2025-02-19 00:00:00,2025-02-19,0,19.939999999999998,0.0,reported_accepted,reported_accepted,False,False
2025-02-19 01:00:00,2025-02-19,1,19.04,0.0,reported_accepted,reported_accepted,False,False
2025-02-19 02:00:00,2025-02-19,2,19.04,0.0,reported_accepted,reported_accepted,False,False
2025-02-19 03:00:00,2025-02-19,3,17.96,0.0,reported_accepted,reported_accepted,False,False
2025-02-19 04:00:00,2025-02-19,4,17.96,0.0,reported_accepted,reported_accepted,False,False
2025-02-19 05:00:00,2025-02-19,5,17.06,0.0,reported_accepted,reported_accepted,False,False
2025-02-19 06:00:00,2025-02-19,6,17.06,0.0,reported_accepted,reported_accepted,False,False
2025-02-19 07:00:00,2025-02-19,7,17.96,0.0,reported_accepted,reported_accepted,False,False
2025-02-19 08:00:00,2025-02-19,8,19.04,0.0,reported_accepted,reported_accepted,False,False
2025-02-19 09:00:00,2025-02-19,9,21.02,0.0,reported_accepted,reported_accepted,False,False
2025-02-19 10:00:00,2025-02-19,10,24.08,0.0,reported_accepted,reported_accepted,False,False
2025-02-19 11:00:00,2025-02-19,11,24.98,0.0,reported_accepted,reported_accepted,False,False
2025-02-19 12:00:00,2025-02-19,12,28.94,0.0,reported_accepted,reported_accepted,False,False
2025-02-19 13:00:00,2025-02-19,13,28.94,0.0,reported_accepted,reported_accepted,False,False
2025-02-19 14:00:00,2025-02-19,14,28.94,0.0,reported_accepted,reported_accepted,False,False
2025-02-19 15:00:00,2025-02-19,15,30.02,0.0,reported_accepted,reported_accepted,False,False
2025-02-19 16:00:00,2025-02-19,16,28.94,0.0,reported_accepted,reported_accepted,False,False
2025-02-19 17:00:00,2025-02-19,17,28.04,0.0,reported_accepted,reported_accepted,False,False
2025-02-19 18:00:00,2025-02-19,18,26.96,0.0,reported_accepted,reported_accepted,False,False
2025-02-19 19:00:00,2025-02-19,19,24.98,0.0,reported_accepted,reported_accepted,False,False
2025-02-19 20:00:00,2025-02-19,20,24.98,0.0,reported_accepted,reported_accepted,False,False
2025-02-19 21:00:00,2025-02-19,21,24.08,0.0,reported_accepted,reported_accepted,False,False
2025-02-19 22:00:00,2025-02-19,22,23.0,0.0,reported_accepted,reported_accepted,False,False
2025-02-19 23:00:00,2025-02-19,23,23.0,0.0,reported_accepted,reported_accepted,False,False
2025-02-20 00:00:00,2025-02-20,0,21.92,0.0,reported_accepted,daily_total_supported_zero,False,False
2025-02-20 01:00:00,2025-02-20,1,21.02,0.0,reported_accepted,daily_total_supported_zero,False,False
2025-02-20 02:00:00,2025-02-20,2,19.939999999999998,0.0,reported_accepted,daily_total_supported_zero,False,False
2025-02-20 03:00:00,2025-02-20,3,19.939999999999998,0.0,reported_accepted,daily_total_supported_zero,False,False
2025-02-20 04:00:00,2025-02-20,4,19.04,0.0,reported_accepted,daily_total_supported_zero,False,False
2025-02-20 05:00:00,2025-02-20,5,19.04,0.0,reported_accepted,daily_total_supported_zero,False,False
2025-02-20 06:00:00,2025-02-20,6,17.96,0.0,reported_accepted,daily_total_supported_zero,False,False
2025-02-20 07:00:00,2025-02-20,7,18.68,0.0,time_interpolation,daily_total_supported_zero,True,False
2025-02-20 08:00:00,2025-02-20,8,19.4,0.0,reported_flagged_fallback,daily_total_supported_zero,False,False
2025-02-20 09:00:00,2025-02-20,9,23.0,0.0,reported_accepted,daily_total_supported_zero,False,False
2025-02-20 10:00:00,2025-02-20,10,24.08,0.0,reported_accepted,reported_accepted,False,False
2025-02-20 11:00:00,2025-02-20,11,26.96,0.0,reported_accepted,reported_accepted,False,False
2025-02-20 12:00:00,2025-02-20,12,26.96,0.0,reported_accepted,reported_accepted,False,False
2025-02-20 13:00:00,2025-02-20,13,28.04,0.0,reported_accepted,reported_accepted,False,False
2025-02-20 14:00:00,2025-02-20,14,28.04,0.0,reported_accepted,reported_accepted,False,False
2025-02-20 15:00:00,2025-02-20,15,26.96,0.0,reported_accepted,reported_accepted,False,False
2025-02-20 16:00:00,2025-02-20,16,24.98,0.0,reported_accepted,reported_accepted,False,False
2025-02-20 17:00:00,2025-02-20,17,24.08,0.0,reported_accepted,reported_accepted,False,False
2025-02-20 18:00:00,2025-02-20,18,23.0,0.0,reported_accepted,reported_accepted,False,False
2025-02-20 19:00:00,2025-02-20,19,23.0,0.011811023622047244,reported_accepted,reported_accepted,False,False
2025-02-20 20:00:00,2025-02-20,20,23.0,0.0,reported_accepted,reported_accepted,False,False
2025-02-20 21:00:00,2025-02-20,21,23.0,0.0,reported_accepted,reported_accepted,False,False
2025-02-20 22:00:00,2025-02-20,22,23.0,0.0,reported_accepted,reported_accepted,False,False
2025-02-20 23:00:00,2025-02-20,23,23.0,0.0,reported_accepted,reported_accepted,False,False
2025-02-21 00:00:00,2025-02-21,0,23.0,0.0,reported_flagged_fallback,daily_total_supported_zero,False,False
2025-02-21 01:00:00,2025-02-21,1,24.8,0.0,reported_flagged_fallback,daily_total_supported_zero,False,False
2025-02-21 02:00:00,2025-02-21,2,23.0,0.0,reported_flagged_fallback,daily_total_supported_zero,False,False
2025-02-21 03:00:00,2025-02-21,3,23.0,0.0,reported_flagged_fallback,daily_total_supported_zero,False,False
2025-02-21 04:00:00,2025-02-21,4,24.8,0.0,reported_flagged_fallback,daily_total_supported_zero,False,False
2025-02-21 05:00:00,2025-02-21,5,21.2,0.0,reported_flagged_fallback,daily_total_supported_zero,False,False
2025-02-21 06:00:00,2025-02-21,6,21.2,0.0,reported_flagged_fallback,daily_total_supported_zero,False,False
2025-02-21 07:00:00,2025-02-21,7,23.0,0.0,reported_flagged_fallback,daily_total_supported_zero,False,False
2025-02-21 08:00:00,2025-02-21,8,24.8,0.0,reported_flagged_fallback,daily_total_supported_zero,False,False
2025-02-21 09:00:00,2025-02-21,9,24.8,0.0,reported_flagged_fallback,daily_total_supported_zero,False,False
2025-02-21 10:00:00,2025-02-21,10,28.4,0.0,reported_flagged_fallback,daily_total_supported_zero,False,False
2025-02-21 11:00:00,2025-02-21,11,30.2,0.0,reported_flagged_fallback,daily_total_supported_zero,False,False
2025-02-21 12:00:00,2025-02-21,12,32.0,0.0,reported_flagged_fallback,daily_total_supported_zero,False,False
2025-02-21 13:00:00,2025-02-21,13,32.0,0.0,time_interpolation,daily_total_supported_zero,True,False
2025-02-21 14:00:00,2025-02-21,14,32.0,0.0,time_interpolation,daily_total_supported_zero,True,False
2025-02-21 15:00:00,2025-02-21,15,32.0,0.0,time_interpolation,daily_total_supported_zero,True,False
2025-02-21 16:00:00,2025-02-21,16,32.0,0.0,time_interpolation,daily_total_supported_zero,True,False
2025-02-21 17:00:00,2025-02-21,17,32.0,0.0,reported_flagged_fallback,daily_total_supported_zero,False,False
2025-02-21 18:00:00,2025-02-21,18,30.2,0.0,time_interpolation,daily_total_supported_zero,True,False
2025-02-21 19:00:00,2025-02-21,19,28.4,0.0,reported_flagged_fallback,daily_total_supported_zero,False,False
2025-02-21 20:00:00,2025-02-21,20,26.6,0.0,reported_flagged_fallback,daily_total_supported_zero,False,False
2025-02-21 21:00:00,2025-02-21,21,26.6,0.0,reported_accepted,daily_total_supported_zero,False,False
2025-02-21 22:00:00,2025-02-21,22,23.0,0.0,reported_flagged_fallback,daily_total_supported_zero,False,False
2025-02-21 23:00:00,2025-02-21,23,21.2,0.0,reported_flagged_fallback,daily_total_supported_zero,False,False
2025-02-22 00:00:00,2025-02-22,0,21.2,0.0,reported_flagged_fallback,daily_total_supported_zero,False,False
2025-02-22 01:00:00,2025-02-22,1,21.2,0.0,reported_flagged_fallback,daily_total_supported_zero,False,False
2025-02-22 02:00:00,2025-02-22,2,21.2,0.0,reported_flagged_fallback,daily_total_supported_zero,False,False
2025-02-22 03:00:00,2025-02-22,3,21.2,0.0,reported_flagged_fallback,daily_total_supported_zero,False,False
2025-02-22 04:00:00,2025-02-22,4,21.2,0.0,reported_flagged_fallback,daily_total_supported_zero,False,False
2025-02-22 05:00:00,2025-02-22,5,23.0,0.0,reported_flagged_fallback,daily_total_supported_zero,False,False
2025-02-22 06:00:00,2025-02-22,6,23.0,0.0,reported_flagged_fallback,daily_total_supported_zero,False,False
2025-02-22 07:00:00,2025-02-22,7,24.8,0.0,reported_flagged_fallback,daily_total_supported_zero,False,False
2025-02-22 08:00:00,2025-02-22,8,26.6,0.0,reported_flagged_fallback,daily_total_supported_zero,False,False
2025-02-22 09:00:00,2025-02-22,9,28.4,0.0,reported_flagged_fallback,daily_total_supported_zero,False,False
2025-02-22 10:00:00,2025-02-22,10,32.0,0.0,reported_flagged_fallback,daily_total_supported_zero,False,False
2025-02-22 11:00:00,2025-02-22,11,35.6,0.0,reported_flagged_fallback,daily_total_supported_zero,False,False
2025-02-22 12:00:00,2025-02-22,12,37.4,0.0,reported_flagged_fallback,daily_total_supported_zero,False,False
2025-02-22 13:00:00,2025-02-22,13,38.0,0.0,time_interpolation,daily_total_supported_zero,True,False
2025-02-22 14:00:00,2025-02-22,14,38.6,0.0,time_interpolation,daily_total_supported_zero,True,False
2025-02-22 15:00:00,2025-02-22,15,39.2,0.0,reported_accepted,daily_total_supported_zero,False,False
2025-02-22 16:00:00,2025-02-22,16,38.3,0.0,time_interpolation,daily_total_supported_zero,True,False
2025-02-22 17:00:00,2025-02-22,17,37.4,0.0,reported_flagged_fallback,daily_total_supported_zero,False,False
2025-02-22 18:00:00,2025-02-22,18,37.4,0.0,time_interpolation,daily_total_supported_zero,True,False
2025-02-22 19:00:00,2025-02-22,19,37.4,0.0,reported_flagged_fallback,daily_total_supported_zero,False,False
2025-02-22 20:00:00,2025-02-22,20,37.4,0.0,reported_accepted,daily_total_supported_zero,False,False
2025-02-22 21:00:00,2025-02-22,21,35.6,0.0,reported_flagged_fallback,daily_total_supported_zero,False,False
2025-02-22 22:00:00,2025-02-22,22,35.6,0.0,time_interpolation,daily_total_supported_zero,True,False
2025-02-22 23:00:00,2025-02-22,23,35.6,0.0,reported_accepted,daily_total_supported_zero,False,False
2025-02-23 00:00:00,2025-02-23,0,33.8,0.0,reported_accepted,daily_total_supported_zero,False,False
2025-02-23 01:00:00,2025-02-23,1,33.8,0.0,reported_flagged_fallback,daily_total_supported_zero,False,False
2025-02-23 02:00:00,2025-02-23,2,33.8,0.0,reported_flagged_fallback,daily_total_supported_zero,False,False
2025-02-23 03:00:00,2025-02-23,3,33.8,0.0,reported_flagged_fallback,daily_total_supported_zero,False,False
2025-02-23 04:00:00,2025-02-23,4,33.8,0.0,reported_flagged_fallback,daily_total_supported_zero,False,False
2025-02-23 05:00:00,2025-02-23,5,33.8,0.0,reported_flagged_fallback,daily_total_supported_zero,False,False
2025-02-23 06:00:00,2025-02-23,6,33.8,0.0,reported_flagged_fallback,daily_total_supported_zero,False,False
2025-02-23 07:00:00,2025-02-23,7,35.6,0.0,reported_flagged_fallback,daily_total_supported_zero,False,False
2025-02-23 08:00:00,2025-02-23,8,35.6,0.0,time_interpolation,daily_total_supported_zero,True,False
2025-02-23 09:00:00,2025-02-23,9,35.6,0.0,reported_accepted,daily_total_supported_zero,False,False
2025-02-23 10:00:00,2025-02-23,10,38.3,0.0,time_interpolation,daily_total_supported_zero,True,False
2025-02-23 11:00:00,2025-02-23,11,41.0,0.0,reported_accepted,daily_total_supported_zero,False,False
2025-02-23 12:00:00,2025-02-23,12,44.6,0.0,reported_accepted,daily_total_supported_zero,False,False
2025-02-23 13:00:00,2025-02-23,13,46.4,0.0,reported_flagged_fallback,daily_total_supported_zero,False,False
2025-02-23 14:00:00,2025-02-23,14,46.4,0.0,reported_flagged_fallback,daily_total_supported_zero,False,False
2025-02-23 15:00:00,2025-02-23,15,46.4,0.0,reported_flagged_fallback,daily_total_supported_zero,False,False
2025-02-23 16:00:00,2025-02-23,16,46.4,0.0,reported_flagged_fallback,daily_total_supported_zero,False,False
2025-02-23 17:00:00,2025-02-23,17,44.6,0.0,reported_flagged_fallback,daily_total_supported_zero,False,False
2025-02-23 18:00:00,2025-02-23,18,44.6,0.0,time_interpolation,daily_total_supported_zero,True,False
2025-02-23 19:00:00,2025-02-23,19,44.6,0.0,reported_flagged_fallback,daily_total_supported_zero,False,False
2025-02-23 20:00:00,2025-02-23,20,42.8,0.0,reported_accepted,daily_total_supported_zero,False,False
2025-02-23 21:00:00,2025-02-23,21,42.8,0.0,reported_flagged_fallback,daily_total_supported_zero,False,False
2025-02-23 22:00:00,2025-02-23,22,41.9,0.0,time_interpolation,daily_total_supported_zero,True,False
2025-02-23 23:00:00,2025-02-23,23,41.0,0.0,reported_accepted,daily_total_supported_zero,False,False
2025-02-24 00:00:00,2025-02-24,0,39.2,0.0,reported_flagged_fallback,daily_total_supported_zero,False,False
2025-02-24 01:00:00,2025-02-24,1,39.2,0.0,reported_flagged_fallback,daily_total_supported_zero,False,False
2025-02-24 02:00:00,2025-02-24,2,38.3,0.0,time_interpolation,daily_total_supported_zero,True,False
2025-02-24 03:00:00,2025-02-24,3,37.4,0.0,reported_flagged_fallback,daily_total_supported_zero,False,False
2025-02-24 04:00:00,2025-02-24,4,37.4,0.0,reported_flagged_fallback,daily_total_supported_zero,False,False
2025-02-24 05:00:00,2025-02-24,5,35.6,0.0,reported_flagged_fallback,daily_total_supported_zero,False,False
2025-02-24 06:00:00,2025-02-24,6,35.6,0.0,reported_flagged_fallback,daily_total_supported_zero,False,False
2025-02-24 07:00:00,2025-02-24,7,35.6,0.0,reported_flagged_fallback,daily_total_supported_zero,False,False
2025-02-24 08:00:00,2025-02-24,8,37.4,0.0,reported_flagged_fallback,daily_total_supported_zero,False,False
2025-02-24 09:00:00,2025-02-24,9,41.0,0.0,reported_flagged_fallback,daily_total_supported_zero,False,False
2025-02-24 10:00:00,2025-02-24,10,42.8,0.0,reported_flagged_fallback,daily_total_supported_zero,False,False
2025-02-24 11:00:00,2025-02-24,11,44.6,0.0,reported_flagged_fallback,daily_total_supported_zero,False,False
2025-02-24 12:00:00,2025-02-24,12,46.4,0.0,reported_accepted,daily_total_supported_zero,False,False
2025-02-24 13:00:00,2025-02-24,13,47.3,0.0,time_interpolation,daily_total_supported_zero,True,False
2025-02-24 14:00:00,2025-02-24,14,48.2,0.0,reported_accepted,daily_total_supported_zero,False,False
2025-02-24 15:00:00,2025-02-24,15,48.2,0.0,reported_flagged_fallback,daily_total_supported_zero,False,False
2025-02-24 16:00:00,2025-02-24,16,47.3,0.0,time_interpolation,daily_total_supported_zero,True,False
2025-02-24 17:00:00,2025-02-24,17,46.4,0.0,reported_accepted,daily_total_supported_zero,False,False
2025-02-24 18:00:00,2025-02-24,18,46.4,0.0,reported_flagged_fallback,daily_total_supported_zero,False,False
2025-02-24 19:00:00,2025-02-24,19,46.4,0.0,time_interpolation,daily_total_supported_zero,True,False
2025-02-24 20:00:00,2025-02-24,20,46.4,0.0,reported_accepted,daily_total_supported_zero,False,False
2025-02-24 21:00:00,2025-02-24,21,45.5,0.0,time_interpolation,daily_total_supported_zero,True,False
2025-02-24 22:00:00,2025-02-24,22,44.6,0.0,reported_flagged_fallback,daily_total_supported_zero,False,False
2025-02-24 23:00:00,2025-02-24,23,44.6,0.0,reported_accepted,daily_total_supported_zero,False,False
2025-02-25 00:00:00,2025-02-25,0,44.6,0.0,reported_flagged_fallback,daily_total_supported_zero,False,False
2025-02-25 01:00:00,2025-02-25,1,43.7,0.0,time_interpolation,daily_total_supported_zero,True,False
2025-02-25 02:00:00,2025-02-25,2,42.8,0.0,reported_flagged_fallback,daily_total_supported_zero,False,False
2025-02-25 03:00:00,2025-02-25,3,42.8,0.0,reported_flagged_fallback,daily_total_supported_zero,False,False
2025-02-25 04:00:00,2025-02-25,4,42.8,0.0,reported_flagged_fallback,daily_total_supported_zero,False,False
2025-02-25 05:00:00,2025-02-25,5,44.6,0.0,reported_accepted,daily_total_supported_zero,False,False
2025-02-25 06:00:00,2025-02-25,6,44.6,0.0,reported_flagged_fallback,daily_total_supported_zero,False,False
2025-02-25 07:00:00,2025-02-25,7,46.4,0.0,reported_flagged_fallback,daily_total_supported_zero,False,False
2025-02-25 08:00:00,2025-02-25,8,46.4,0.0,reported_flagged_fallback,daily_total_supported_zero,False,False
2025-02-25 09:00:00,2025-02-25,9,48.2,0.0,reported_flagged_fallback,daily_total_supported_zero,False,False
2025-02-25 10:00:00,2025-02-25,10,50.900000000000006,0.0,time_interpolation,daily_total_supported_zero,True,False
2025-02-25 11:00:00,2025-02-25,11,53.6,0.0,reported_flagged_fallback,daily_total_supported_zero,False,False
2025-02-25 12:00:00,2025-02-25,12,53.6,0.0,reported_flagged_fallback,daily_total_supported_zero,False,False
2025-02-25 13:00:00,2025-02-25,13,57.2,0.0,reported_accepted,daily_total_supported_zero,False,False
2025-02-25 14:00:00,2025-02-25,14,53.6,0.0,reported_flagged_fallback,daily_total_supported_zero,False,False
2025-02-25 15:00:00,2025-02-25,15,55.4,0.0,reported_flagged_fallback,daily_total_supported_zero,False,False
2025-02-25 16:00:00,2025-02-25,16,55.4,0.0,reported_flagged_fallback,daily_total_supported_zero,False,False
2025-02-25 17:00:00,2025-02-25,17,55.4,0.0,reported_flagged_fallback,daily_total_supported_zero,False,False
2025-02-25 18:00:00,2025-02-25,18,53.6,0.0,reported_flagged_fallback,daily_total_supported_zero,False,False
2025-02-25 19:00:00,2025-02-25,19,50.0,0.0,reported_flagged_fallback,daily_total_supported_zero,False,False
2025-02-25 20:00:00,2025-02-25,20,50.0,0.0,reported_flagged_fallback,daily_total_supported_zero,False,False
2025-02-25 21:00:00,2025-02-25,21,48.2,0.0,reported_flagged_fallback,daily_total_supported_zero,False,False
2025-02-25 22:00:00,2025-02-25,22,48.2,0.0,reported_flagged_fallback,daily_total_supported_zero,False,False
2025-02-25 23:00:00,2025-02-25,23,48.2,0.0,reported_flagged_fallback,daily_total_supported_zero,False,False
2025-02-26 00:00:00,2025-02-26,0,46.4,0.0,reported_flagged_fallback,daily_total_supported_zero,False,False
2025-02-26 01:00:00,2025-02-26,1,46.4,0.0,time_interpolation,daily_total_supported_zero,True,False
2025-02-26 02:00:00,2025-02-26,2,46.4,0.0,reported_accepted,daily_total_supported_zero,False,False
2025-02-26 03:00:00,2025-02-26,3,44.6,0.0,reported_flagged_fallback,daily_total_supported_zero,False,False
2025-02-26 04:00:00,2025-02-26,4,43.7,0.0,time_interpolation,daily_total_supported_zero,True,False
2025-02-26 05:00:00,2025-02-26,5,42.8,0.0,reported_accepted,daily_total_supported_zero,False,False
2025-02-26 06:00:00,2025-02-26,6,42.8,0.0,reported_flagged_fallback,daily_total_supported_zero,False,False
2025-02-26 07:00:00,2025-02-26,7,43.7,0.0,time_interpolation,daily_total_supported_zero,True,False
2025-02-26 08:00:00,2025-02-26,8,44.6,0.0,reported_flagged_fallback,daily_total_supported_zero,False,False
2025-02-26 09:00:00,2025-02-26,9,46.4,0.0,reported_flagged_fallback,daily_total_supported_zero,False,False
2025-02-26 10:00:00,2025-02-26,10,49.099999999999994,0.0,time_interpolation,daily_total_supported_zero,True,False
2025-02-26 11:00:00,2025-02-26,11,51.8,0.0,reported_flagged_fallback,daily_total_supported_zero,False,False
2025-02-26 12:00:00,2025-02-26,12,53.6,0.0,reported_flagged_fallback,daily_total_supported_zero,False,False
2025-02-26 13:00:00,2025-02-26,13,55.4,0.0,reported_flagged_fallback,daily_total_supported_zero,False,False
2025-02-26 14:00:00,2025-02-26,14,55.4,0.0,reported_accepted,daily_total_supported_zero,False,False
2025-02-26 15:00:00,2025-02-26,15,55.4,0.0,reported_flagged_fallback,daily_total_supported_zero,False,False
2025-02-26 16:00:00,2025-02-26,16,55.4,0.0,reported_flagged_fallback,daily_total_supported_zero,False,False
2025-02-26 17:00:00,2025-02-26,17,53.6,0.0,reported_flagged_fallback,daily_total_supported_zero,False,False
2025-02-26 18:00:00,2025-02-26,18,51.8,0.0,reported_flagged_fallback,daily_total_supported_zero,False,False
2025-02-26 19:00:00,2025-02-26,19,51.8,0.0,reported_flagged_fallback,daily_total_supported_zero,False,False
2025-02-26 20:00:00,2025-02-26,20,50.0,0.0,reported_flagged_fallback,daily_total_supported_zero,False,False
2025-02-26 21:00:00,2025-02-26,21,50.9,0.0,time_interpolation,daily_total_supported_zero,True,False
2025-02-26 22:00:00,2025-02-26,22,51.8,0.0,reported_flagged_fallback,daily_total_supported_zero,False,False
2025-02-26 23:00:00,2025-02-26,23,50.9,0.0,time_interpolation,daily_total_supported_zero,True,False
2025-02-27 00:00:00,2025-02-27,0,50.0,0.0,reported_accepted,daily_total_supported_zero,False,False
2025-02-27 01:00:00,2025-02-27,1,50.0,0.0,time_interpolation,daily_total_supported_zero,True,False
2025-02-27 02:00:00,2025-02-27,2,50.0,0.0,reported_flagged_fallback,daily_total_supported_zero,False,False
2025-02-27 03:00:00,2025-02-27,3,46.4,0.0,reported_accepted,daily_total_supported_zero,False,False
2025-02-27 04:00:00,2025-02-27,4,45.5,0.0,time_interpolation,daily_total_supported_zero,True,False
2025-02-27 05:00:00,2025-02-27,5,44.6,0.0,reported_accepted,daily_total_supported_zero,False,False
2025-02-27 06:00:00,2025-02-27,6,44.6,0.0,reported_flagged_fallback,daily_total_supported_zero,False,False
2025-02-27 07:00:00,2025-02-27,7,44.6,0.0,reported_flagged_fallback,daily_total_supported_zero,False,False
2025-02-27 08:00:00,2025-02-27,8,44.6,0.0,time_interpolation,daily_total_supported_zero,True,False
2025-02-27 09:00:00,2025-02-27,9,44.6,0.002952755905511811,reported_flagged_fallback,daily_total_wet_hour_allocation,False,False
2025-02-27 10:00:00,2025-02-27,10,46.4,0.0,reported_flagged_fallback,daily_total_supported_zero,False,False
2025-02-27 11:00:00,2025-02-27,11,50.0,0.002952755905511811,reported_flagged_fallback,daily_total_wet_hour_allocation,False,False
2025-02-27 12:00:00,2025-02-27,12,51.8,0.002952755905511811,reported_flagged_fallback,daily_total_wet_hour_allocation,False,False
2025-02-27 13:00:00,2025-02-27,13,51.8,0.002952755905511811,reported_accepted,daily_total_wet_hour_allocation,False,False
2025-02-27 14:00:00,2025-02-27,14,53.6,0.0,reported_flagged_fallback,daily_total_supported_zero,False,False
2025-02-27 15:00:00,2025-02-27,15,53.6,0.0,reported_flagged_fallback,daily_total_supported_zero,False,False
2025-02-27 16:00:00,2025-02-27,16,53.6,0.0,reported_flagged_fallback,daily_total_supported_zero,False,False
2025-02-27 17:00:00,2025-02-27,17,53.6,0.0,reported_accepted,daily_total_supported_zero,False,False
2025-02-27 18:00:00,2025-02-27,18,53.6,0.0,reported_accepted,daily_total_supported_zero,False,False
2025-02-27 19:00:00,2025-02-27,19,52.7,0.0,time_interpolation,daily_total_supported_zero,True,False
2025-02-27 20:00:00,2025-02-27,20,51.8,0.0,reported_flagged_fallback,daily_total_supported_zero,False,False
2025-02-27 21:00:00,2025-02-27,21,51.8,0.0,reported_flagged_fallback,daily_total_supported_zero,False,False
2025-02-27 22:00:00,2025-02-27,22,48.2,0.0,reported_flagged_fallback,daily_total_supported_zero,False,False
2025-02-27 23:00:00,2025-02-27,23,46.4,0.0,reported_flagged_fallback,daily_total_supported_zero,False,False
2025-02-28 00:00:00,2025-02-28,0,44.6,0.0,reported_flagged_fallback,daily_total_supported_zero,False,False
2025-02-28 01:00:00,2025-02-28,1,44.6,0.0,reported_flagged_fallback,daily_total_supported_zero,False,False
2025-02-28 02:00:00,2025-02-28,2,44.6,0.0,reported_flagged_fallback,daily_total_supported_zero,False,False
2025-02-28 03:00:00,2025-02-28,3,42.8,0.0,reported_flagged_fallback,daily_total_supported_zero,False,False
2025-02-28 04:00:00,2025-02-28,4,42.8,0.0,reported_flagged_fallback,daily_total_supported_zero,False,False
2025-02-28 05:00:00,2025-02-28,5,42.8,0.0,reported_flagged_fallback,daily_total_supported_zero,False,False
2025-02-28 06:00:00,2025-02-28,6,42.8,0.0,reported_flagged_fallback,daily_total_supported_zero,False,False
2025-02-28 07:00:00,2025-02-28,7,42.8,0.0,reported_flagged_fallback,daily_total_supported_zero,False,False
2025-02-28 08:00:00,2025-02-28,8,42.8,0.0,reported_flagged_fallback,daily_total_supported_zero,False,False
2025-02-28 09:00:00,2025-02-28,9,44.6,0.0,reported_flagged_fallback,daily_total_supported_zero,False,False
2025-02-28 10:00:00,2025-02-28,10,46.4,0.0,reported_flagged_fallback,daily_total_supported_zero,False,False
2025-02-28 11:00:00,2025-02-28,11,48.2,0.0,reported_flagged_fallback,daily_total_supported_zero,False,False
2025-02-28 12:00:00,2025-02-28,12,48.2,0.0,time_interpolation,daily_total_supported_zero,True,False
2025-02-28 13:00:00,2025-02-28,13,48.2,0.0,reported_flagged_fallback,daily_total_supported_zero,False,False
2025-02-28 14:00:00,2025-02-28,14,50.0,0.0,reported_flagged_fallback,daily_total_supported_zero,False,False
2025-02-28 15:00:00,2025-02-28,15,50.0,0.0,reported_flagged_fallback,daily_total_supported_zero,False,False
2025-02-28 16:00:00,2025-02-28,16,48.2,0.0,reported_accepted,daily_total_supported_zero,False,False
2025-02-28 17:00:00,2025-02-28,17,46.4,0.0,reported_accepted,daily_total_supported_zero,False,False
2025-02-28 18:00:00,2025-02-28,18,46.4,0.0,reported_accepted,daily_total_supported_zero,False,False
2025-02-28 19:00:00,2025-02-28,19,46.4,0.0,reported_accepted,daily_total_supported_zero,False,False
2025-02-28 20:00:00,2025-02-28,20,46.4,0.0,reported_accepted,daily_total_supported_zero,False,False
2025-02-28 21:00:00,2025-02-28,21,48.2,0.0,reported_accepted,daily_total_supported_zero,False,False
2025-02-28 22:00:00,2025-02-28,22,46.4,0.0,reported_accepted,daily_total_supported_zero,False,False
2025-02-28 23:00:00,2025-02-28,23,46.4,0.0,reported_accepted,daily_total_supported_zero,False,False
2025-03-01 00:00:00,2025-03-01,0,46.04,0.0,reported_accepted,reported_accepted,False,False
2025-03-01 01:00:00,2025-03-01,1,44.6,0.0,reported_flagged_fallback,reported_accepted,False,False
2025-03-01 02:00:00,2025-03-01,2,44.96,0.0,reported_accepted,reported_accepted,False,False
2025-03-01 03:00:00,2025-03-01,3,46.04,0.0,reported_accepted,reported_accepted,False,False
2025-03-01 04:00:00,2025-03-01,4,46.4,0.0,reported_accepted,reported_accepted,False,False
2025-03-01 05:00:00,2025-03-01,5,46.04,0.0,reported_accepted,reported_accepted,False,False
2025-03-01 06:00:00,2025-03-01,6,46.94,0.0,reported_accepted,reported_accepted,False,False
2025-03-01 07:00:00,2025-03-01,7,48.02,0.0,reported_accepted,reported_accepted,False,False
2025-03-01 08:00:00,2025-03-01,8,48.92,0.0,reported_accepted,reported_accepted,False,False
2025-03-01 09:00:00,2025-03-01,9,51.98,0.0,reported_accepted,reported_accepted,False,False
2025-03-01 10:00:00,2025-03-01,10,55.04,0.0,reported_accepted,reported_accepted,False,False
2025-03-01 11:00:00,2025-03-01,11,60.08,0.0,reported_accepted,reported_accepted,False,False
2025-03-01 12:00:00,2025-03-01,12,64.4,0.0,reported_flagged_fallback,reported_accepted,False,False
2025-03-01 13:00:00,2025-03-01,13,60.980000000000004,0.0,reported_accepted,reported_accepted,False,False
2025-03-01 14:00:00,2025-03-01,14,51.8,0.0,reported_flagged_fallback,reported_accepted,False,False
2025-03-01 15:00:00,2025-03-01,15,48.2,0.0,reported_flagged_fallback,reported_accepted,False,False
2025-03-01 16:00:00,2025-03-01,16,44.6,0.0,reported_flagged_fallback,reported_accepted,False,False
2025-03-01 17:00:00,2025-03-01,17,42.08,0.0,reported_accepted,reported_accepted,False,False
2025-03-01 18:00:00,2025-03-01,18,37.4,0.0,reported_flagged_fallback,reported_accepted,False,False
2025-03-01 19:00:00,2025-03-01,19,35.6,0.0,reported_flagged_fallback,reported_accepted,False,False
2025-03-01 20:00:00,2025-03-01,20,33.8,0.0,reported_flagged_fallback,reported_accepted,False,False
2025-03-01 21:00:00,2025-03-01,21,30.2,0.0,reported_flagged_fallback,reported_accepted,False,False
2025-03-01 22:00:00,2025-03-01,22,28.94,0.0,reported_accepted,reported_accepted,False,False
2025-03-01 23:00:00,2025-03-01,23,28.4,0.0,reported_accepted,reported_accepted,False,False
2025-03-02 00:00:00,2025-03-02,0,26.060000000000002,0.0,reported_accepted,reported_accepted,False,False
2025-03-02 01:00:00,2025-03-02,1,24.08,0.0,reported_accepted,reported_accepted,False,False
2025-03-02 02:00:00,2025-03-02,2,23.0,0.0,reported_accepted,reported_accepted,False,False
2025-03-02 03:00:00,2025-03-02,3,21.2,0.0,reported_flagged_fallback,reported_accepted,False,False
2025-03-02 04:00:00,2025-03-02,4,21.2,0.0,reported_flagged_fallback,reported_accepted,False,False
2025-03-02 05:00:00,2025-03-02,5,21.02,0.0,reported_accepted,reported_accepted,False,False
2025-03-02 06:00:00,2025-03-02,6,19.939999999999998,0.0,reported_accepted,reported_accepted,False,False
2025-03-02 07:00:00,2025-03-02,7,19.939999999999998,0.0,reported_accepted,reported_accepted,False,False
2025-03-02 08:00:00,2025-03-02,8,21.2,0.0,reported_flagged_fallback,reported_accepted,False,False
2025-03-02 09:00:00,2025-03-02,9,23.0,0.0,reported_accepted,reported_accepted,False,False
2025-03-02 10:00:00,2025-03-02,10,26.060000000000002,0.0,reported_accepted,reported_accepted,False,False
2025-03-02 11:00:00,2025-03-02,11,28.94,0.0,reported_accepted,reported_accepted,False,False
2025-03-02 12:00:00,2025-03-02,12,30.92,0.0,reported_accepted,reported_accepted,False,False
2025-03-02 13:00:00,2025-03-02,13,32.0,0.0,reported_accepted,reported_accepted,False,False
2025-03-02 14:00:00,2025-03-02,14,32.0,0.0,reported_accepted,reported_accepted,False,False
2025-03-02 15:00:00,2025-03-02,15,33.08,0.0,reported_accepted,reported_accepted,False,False
2025-03-02 16:00:00,2025-03-02,16,30.92,0.0,reported_accepted,reported_accepted,False,False
2025-03-02 17:00:00,2025-03-02,17,30.02,0.0,reported_accepted,reported_accepted,False,False
2025-03-02 18:00:00,2025-03-02,18,30.2,0.0,reported_accepted,reported_accepted,False,False
2025-03-02 19:00:00,2025-03-02,19,26.96,0.0,reported_accepted,reported_accepted,False,False
2025-03-02 20:00:00,2025-03-02,20,24.08,0.0,reported_accepted,reported_accepted,False,False
2025-03-02 21:00:00,2025-03-02,21,24.08,0.0,reported_accepted,reported_accepted,False,False
2025-03-02 22:00:00,2025-03-02,22,23.0,0.0,reported_accepted,reported_accepted,False,False
2025-03-02 23:00:00,2025-03-02,23,23.0,0.0,reported_accepted,reported_accepted,False,False
2025-03-03 00:00:00,2025-03-03,0,23.0,0.0,reported_flagged_fallback,reported_accepted,False,False
2025-03-03 01:00:00,2025-03-03,1,23.0,0.0,reported_accepted,reported_accepted,False,False
2025-03-03 02:00:00,2025-03-03,2,23.0,0.0,reported_accepted,reported_accepted,False,False
2025-03-03 03:00:00,2025-03-03,3,23.0,0.0,reported_flagged_fallback,reported_accepted,False,False
2025-03-03 04:00:00,2025-03-03,4,23.0,0.0,reported_accepted,reported_accepted,False,False
2025-03-03 05:00:00,2025-03-03,5,23.0,0.0,reported_accepted,reported_accepted,False,False
2025-03-03 06:00:00,2025-03-03,6,23.0,0.0,reported_accepted,reported_accepted,False,False
2025-03-03 07:00:00,2025-03-03,7,24.08,0.0,reported_accepted,reported_accepted,False,False
2025-03-03 08:00:00,2025-03-03,8,26.060000000000002,0.0,reported_accepted,reported_accepted,False,False
2025-03-03 09:00:00,2025-03-03,9,28.04,0.0,reported_accepted,reported_accepted,False,False
2025-03-03 10:00:00,2025-03-03,10,30.02,0.0,reported_accepted,reported_accepted,False,False
2025-03-03 11:00:00,2025-03-03,11,30.2,0.0,reported_accepted,reported_accepted,False,False
2025-03-03 12:00:00,2025-03-03,12,33.98,0.0,reported_accepted,reported_accepted,False,False
2025-03-03 13:00:00,2025-03-03,13,35.6,0.0,reported_flagged_fallback,reported_accepted,False,False
2025-03-03 14:00:00,2025-03-03,14,37.04,0.0,reported_accepted,reported_accepted,False,False
2025-03-03 15:00:00,2025-03-03,15,37.94,0.0,reported_accepted,reported_accepted,False,False
2025-03-03 16:00:00,2025-03-03,16,37.94,0.0,reported_accepted,reported_accepted,False,False
2025-03-03 17:00:00,2025-03-03,17,37.04,0.0,reported_accepted,reported_accepted,False,False
2025-03-03 18:00:00,2025-03-03,18,35.06,0.0,reported_accepted,reported_accepted,False,False
2025-03-03 19:00:00,2025-03-03,19,33.98,0.0,reported_accepted,reported_accepted,False,False
2025-03-03 20:00:00,2025-03-03,20,35.96,0.0,reported_accepted,reported_accepted,False,False
2025-03-03 21:00:00,2025-03-03,21,35.96,0.0,reported_accepted,reported_accepted,False,False
2025-03-03 22:00:00,2025-03-03,22,35.96,0.0,reported_accepted,reported_accepted,False,False
2025-03-03 23:00:00,2025-03-03,23,35.96,0.0,reported_accepted,reported_accepted,False,False
2025-03-04 00:00:00,2025-03-04,0,35.96,0.0,reported_accepted,reported_accepted,False,False
2025-03-04 01:00:00,2025-03-04,1,33.98,0.0,reported_accepted,reported_accepted,False,False
2025-03-04 02:00:00,2025-03-04,2,33.98,0.0,reported_accepted,reported_accepted,False,False
2025-03-04 03:00:00,2025-03-04,3,33.98,0.0,reported_accepted,reported_accepted,False,False
2025-03-04 04:00:00,2025-03-04,4,35.06,0.0,reported_accepted,reported_accepted,False,False
2025-03-04 05:00:00,2025-03-04,5,35.96,0.0,reported_accepted,reported_accepted,False,False
2025-03-04 06:00:00,2025-03-04,6,35.96,0.0,reported_accepted,reported_accepted,False,False
2025-03-04 07:00:00,2025-03-04,7,37.94,0.0,reported_accepted,reported_accepted,False,False
2025-03-04 08:00:00,2025-03-04,8,41.0,0.0,reported_accepted,reported_accepted,False,False
2025-03-04 09:00:00,2025-03-04,9,42.980000000000004,0.0,reported_accepted,reported_accepted,False,False
2025-03-04 10:00:00,2025-03-04,10,44.96,0.0,reported_accepted,reported_accepted,False,False
2025-03-04 11:00:00,2025-03-04,11,48.92,0.0,reported_accepted,reported_accepted,False,False
2025-03-04 12:00:00,2025-03-04,12,50.0,0.0,reported_accepted,reported_accepted,False,False
2025-03-04 13:00:00,2025-03-04,13,50.0,0.0,reported_accepted,reported_accepted,False,False
2025-03-04 14:00:00,2025-03-04,14,51.98,0.0,reported_accepted,reported_accepted,False,False
2025-03-04 15:00:00,2025-03-04,15,51.08,0.0,reported_accepted,reported_accepted,False,False
2025-03-04 16:00:00,2025-03-04,16,50.0,0.0,reported_accepted,reported_accepted,False,False
2025-03-04 17:00:00,2025-03-04,17,48.92,0.0,reported_accepted,reported_accepted,False,False
2025-03-04 18:00:00,2025-03-04,18,48.02,0.0,reported_accepted,reported_accepted,False,False
2025-03-04 19:00:00,2025-03-04,19,50.0,0.0,reported_accepted,reported_accepted,False,False
2025-03-04 20:00:00,2025-03-04,20,48.02,0.0,reported_accepted,reported_accepted,False,False
2025-03-04 21:00:00,2025-03-04,21,46.94,0.0,reported_accepted,reported_accepted,False,False
2025-03-04 22:00:00,2025-03-04,22,46.04,0.0,reported_accepted,reported_accepted,False,False
2025-03-04 23:00:00,2025-03-04,23,44.96,0.0,reported_accepted,reported_accepted,False,False
2025-03-05 00:00:00,2025-03-05,0,42.08,0.0,reported_accepted,reported_accepted,False,False
2025-03-05 01:00:00,2025-03-05,1,44.96,0.0,reported_accepted,reported_accepted,False,False
2025-03-05 02:00:00,2025-03-05,2,46.94,0.0,reported_accepted,reported_accepted,False,False
2025-03-05 03:00:00,2025-03-05,3,48.02,0.0,reported_accepted,reported_accepted,False,False
2025-03-05 04:00:00,2025-03-05,4,48.92,0.0,reported_accepted,reported_accepted,False,False
2025-03-05 05:00:00,2025-03-05,5,48.92,0.0,reported_accepted,reported_accepted,False,False
2025-03-05 06:00:00,2025-03-05,6,48.92,0.0,reported_accepted,reported_accepted,False,False
2025-03-05 07:00:00,2025-03-05,7,51.08,0.0,reported_accepted,reported_accepted,False,False
2025-03-05 08:00:00,2025-03-05,8,51.08,0.0,reported_accepted,reported_accepted,False,False
2025-03-05 09:00:00,2025-03-05,9,51.98,0.0,reported_accepted,reported_accepted,False,False
2025-03-05 10:00:00,2025-03-05,10,53.96,0.0,reported_accepted,reported_accepted,False,False
2025-03-05 11:00:00,2025-03-05,11,53.06,0.0,reported_accepted,reported_accepted,False,False
2025-03-05 12:00:00,2025-03-05,12,53.96,0.0,reported_accepted,reported_accepted,False,False
2025-03-05 13:00:00,2025-03-05,13,51.98,0.0,reported_accepted,reported_accepted,False,False
2025-03-05 14:00:00,2025-03-05,14,53.96,0.0,reported_accepted,reported_accepted,False,False
2025-03-05 15:00:00,2025-03-05,15,51.98,0.011811023622047244,reported_accepted,reported_suspect_fallback,False,False
2025-03-05 16:00:00,2025-03-05,16,50.0,0.11811023622047245,reported_accepted,reported_accepted,False,False
2025-03-05 17:00:00,2025-03-05,17,50.0,0.24015748031496062,reported_accepted,reported_accepted,False,False
2025-03-05 18:00:00,2025-03-05,18,48.92,0.5984251968503937,reported_accepted,reported_accepted,False,False
2025-03-05 19:00:00,2025-03-05,19,50.0,0.01968503937007874,reported_accepted,reported_accepted,False,False
2025-03-05 20:00:00,2025-03-05,20,51.08,0.1889763779527559,reported_accepted,reported_accepted,False,False
2025-03-05 21:00:00,2025-03-05,21,53.96,0.05905511811023623,reported_accepted,reported_accepted,False,False
2025-03-05 22:00:00,2025-03-05,22,53.06,0.2992125984251969,reported_accepted,reported_accepted,False,False
2025-03-05 23:00:00,2025-03-05,23,53.06,0.16929133858267717,reported_accepted,reported_accepted,False,False
2025-03-06 00:00:00,2025-03-06,0,53.06,0.0,reported_accepted,reported_accepted,False,False
2025-03-06 01:00:00,2025-03-06,1,51.98,0.0,reported_accepted,reported_accepted,False,False
2025-03-06 02:00:00,2025-03-06,2,51.98,0.0,reported_accepted,reported_accepted,False,False
2025-03-06 03:00:00,2025-03-06,3,53.96,0.0,reported_accepted,reported_accepted,False,False
2025-03-06 04:00:00,2025-03-06,4,53.96,0.0,reported_accepted,reported_accepted,False,False
2025-03-06 05:00:00,2025-03-06,5,53.96,0.0,reported_accepted,reported_accepted,False,False
2025-03-06 06:00:00,2025-03-06,6,51.98,0.0,reported_accepted,reported_accepted,False,False
2025-03-06 07:00:00,2025-03-06,7,51.98,0.0,reported_accepted,reported_accepted,False,False
2025-03-06 08:00:00,2025-03-06,8,51.08,0.0,reported_accepted,reported_accepted,False,False
2025-03-06 09:00:00,2025-03-06,9,51.08,0.0,reported_accepted,reported_accepted,False,False
2025-03-06 10:00:00,2025-03-06,10,51.08,0.0,reported_accepted,reported_accepted,False,False
2025-03-06 11:00:00,2025-03-06,11,51.98,0.0,reported_accepted,reported_accepted,False,False
2025-03-06 12:00:00,2025-03-06,12,50.0,0.0,reported_accepted,reported_accepted,False,False
2025-03-06 13:00:00,2025-03-06,13,51.08,0.0,reported_accepted,reported_accepted,False,False
2025-03-06 14:00:00,2025-03-06,14,50.0,0.0,reported_accepted,reported_accepted,False,False
2025-03-06 15:00:00,2025-03-06,15,48.02,0.0,reported_accepted,reported_accepted,False,False
2025-03-06 16:00:00,2025-03-06,16,46.94,0.0,reported_accepted,reported_accepted,False,False
2025-03-06 17:00:00,2025-03-06,17,44.96,0.0,reported_accepted,reported_accepted,False,False
2025-03-06 18:00:00,2025-03-06,18,42.980000000000004,0.0,reported_accepted,reported_accepted,False,False
2025-03-06 19:00:00,2025-03-06,19,39.92,0.0,reported_accepted,reported_accepted,False,False
2025-03-06 20:00:00,2025-03-06,20,37.04,0.0,reported_accepted,reported_accepted,False,False
2025-03-06 21:00:00,2025-03-06,21,35.96,0.0,reported_accepted,reported_accepted,False,False
2025-03-06 22:00:00,2025-03-06,22,35.96,0.0,reported_accepted,reported_accepted,False,False
2025-03-06 23:00:00,2025-03-06,23,35.96,0.0,reported_accepted,reported_accepted,False,False
2025-03-07 00:00:00,2025-03-07,0,35.96,0.0,reported_accepted,reported_accepted,False,False
2025-03-07 01:00:00,2025-03-07,1,35.96,0.0,reported_accepted,reported_accepted,False,False
2025-03-07 02:00:00,2025-03-07,2,35.96,0.0,reported_accepted,reported_accepted,False,False
2025-03-07 03:00:00,2025-03-07,3,35.96,0.0,reported_accepted,reported_accepted,False,False
2025-03-07 04:00:00,2025-03-07,4,35.06,0.0,reported_accepted,reported_accepted,False,False
2025-03-07 05:00:00,2025-03-07,5,35.06,0.0,reported_accepted,reported_accepted,False,False
2025-03-07 06:00:00,2025-03-07,6,35.06,0.0,reported_accepted,reported_accepted,False,False
2025-03-07 07:00:00,2025-03-07,7,35.06,0.0,reported_accepted,reported_accepted,False,False
2025-03-07 08:00:00,2025-03-07,8,37.04,0.0,reported_accepted,reported_accepted,False,False
2025-03-07 09:00:00,2025-03-07,9,39.92,0.0,reported_accepted,reported_accepted,False,False
2025-03-07 10:00:00,2025-03-07,10,42.08,0.0,reported_accepted,reported_accepted,False,False
2025-03-07 11:00:00,2025-03-07,11,44.06,0.0,reported_accepted,reported_accepted,False,False
2025-03-07 12:00:00,2025-03-07,12,46.04,0.0,reported_accepted,reported_accepted,False,False
2025-03-07 13:00:00,2025-03-07,13,48.02,0.0,reported_accepted,reported_accepted,False,False
2025-03-07 14:00:00,2025-03-07,14,48.02,0.0,reported_accepted,reported_accepted,False,False
2025-03-07 15:00:00,2025-03-07,15,48.92,0.0,reported_accepted,reported_accepted,False,False
2025-03-07 16:00:00,2025-03-07,16,48.92,0.0,reported_accepted,reported_accepted,False,False
2025-03-07 17:00:00,2025-03-07,17,48.02,0.0,reported_accepted,reported_accepted,False,False
2025-03-07 18:00:00,2025-03-07,18,48.02,0.0,reported_accepted,reported_accepted,False,False
2025-03-07 19:00:00,2025-03-07,19,46.04,0.0,reported_accepted,reported_accepted,False,False
2025-03-07 20:00:00,2025-03-07,20,46.04,0.0,reported_accepted,reported_accepted,False,False
2025-03-07 21:00:00,2025-03-07,21,44.96,0.0,reported_accepted,reported_accepted,False,False
2025-03-07 22:00:00,2025-03-07,22,44.96,0.0,reported_accepted,reported_accepted,False,False
2025-03-07 23:00:00,2025-03-07,23,44.06,0.0,reported_accepted,reported_accepted,False,False
2025-03-08 00:00:00,2025-03-08,0,44.06,0.0,reported_accepted,reported_accepted,False,False
2025-03-08 01:00:00,2025-03-08,1,42.980000000000004,0.0,reported_accepted,reported_accepted,False,False
2025-03-08 02:00:00,2025-03-08,2,42.08,0.0,reported_accepted,reported_accepted,False,False
2025-03-08 03:00:00,2025-03-08,3,41.0,0.0,reported_accepted,reported_accepted,False,False
2025-03-08 04:00:00,2025-03-08,4,39.92,0.0,reported_accepted,reported_accepted,False,False
2025-03-08 05:00:00,2025-03-08,5,39.02,0.0,reported_accepted,reported_accepted,False,False
2025-03-08 06:00:00,2025-03-08,6,39.92,0.0,reported_accepted,reported_accepted,False,False
2025-03-08 07:00:00,2025-03-08,7,41.0,0.0,reported_accepted,reported_accepted,False,False
2025-03-08 08:00:00,2025-03-08,8,42.08,0.0,reported_accepted,reported_accepted,False,False
2025-03-08 09:00:00,2025-03-08,9,42.980000000000004,0.0,reported_accepted,reported_accepted,False,False
2025-03-08 10:00:00,2025-03-08,10,41.0,0.0,reported_accepted,reported_accepted,False,False
2025-03-08 11:00:00,2025-03-08,11,42.980000000000004,0.0,reported_accepted,reported_accepted,False,False
2025-03-08 12:00:00,2025-03-08,12,42.980000000000004,0.0,reported_accepted,reported_accepted,False,False
2025-03-08 13:00:00,2025-03-08,13,42.980000000000004,0.0,reported_accepted,reported_accepted,False,False
2025-03-08 14:00:00,2025-03-08,14,44.06,0.0,reported_accepted,reported_accepted,False,False
2025-03-08 15:00:00,2025-03-08,15,42.980000000000004,0.0,reported_accepted,reported_accepted,False,False
2025-03-08 16:00:00,2025-03-08,16,42.08,0.0,reported_accepted,reported_accepted,False,False
2025-03-08 17:00:00,2025-03-08,17,41.0,0.0,reported_accepted,reported_accepted,False,False
2025-03-08 18:00:00,2025-03-08,18,39.92,0.0,reported_accepted,reported_accepted,False,False
2025-03-08 19:00:00,2025-03-08,19,39.02,0.0,reported_accepted,reported_accepted,False,False
2025-03-08 20:00:00,2025-03-08,20,39.02,0.0,reported_accepted,reported_accepted,False,False
2025-03-08 21:00:00,2025-03-08,21,37.04,0.0,reported_accepted,reported_accepted,False,False
2025-03-08 22:00:00,2025-03-08,22,37.04,0.0,reported_accepted,reported_accepted,False,False
2025-03-08 23:00:00,2025-03-08,23,35.96,0.0,reported_accepted,reported_accepted,False,False
2025-03-09 00:00:00,2025-03-09,0,35.06,0.0,reported_accepted,reported_accepted,False,False
2025-03-09 01:00:00,2025-03-09,1,35.06,0.0,reported_accepted,reported_accepted,False,False
2025-03-09 02:00:00,2025-03-09,2,34.519999999999996,0.0,time_interpolation,daily_total_supported_zero,True,True
2025-03-09 03:00:00,2025-03-09,3,33.98,0.0,reported_accepted,reported_accepted,False,False
2025-03-09 04:00:00,2025-03-09,4,33.08,0.0,reported_accepted,reported_accepted,False,False
2025-03-09 05:00:00,2025-03-09,5,33.08,0.0,reported_accepted,reported_accepted,False,False
2025-03-09 06:00:00,2025-03-09,6,32.0,0.0,reported_accepted,reported_accepted,False,False
2025-03-09 07:00:00,2025-03-09,7,33.08,0.0,reported_accepted,reported_accepted,False,False
2025-03-09 08:00:00,2025-03-09,8,33.98,0.0,reported_accepted,reported_accepted,False,False
2025-03-09 09:00:00,2025-03-09,9,35.96,0.0,reported_accepted,reported_accepted,False,False
2025-03-09 10:00:00,2025-03-09,10,39.02,0.0,reported_accepted,reported_accepted,False,False
2025-03-09 11:00:00,2025-03-09,11,41.0,0.0,reported_accepted,reported_accepted,False,False
2025-03-09 12:00:00,2025-03-09,12,44.06,0.0,reported_accepted,reported_accepted,False,False
2025-03-09 13:00:00,2025-03-09,13,46.94,0.0,reported_accepted,reported_accepted,False,False
2025-03-09 14:00:00,2025-03-09,14,50.0,0.0,reported_accepted,reported_accepted,False,False
2025-03-09 15:00:00,2025-03-09,15,51.08,0.0,reported_accepted,reported_accepted,False,False
2025-03-09 16:00:00,2025-03-09,16,53.06,0.0,reported_accepted,reported_accepted,False,False
2025-03-09 17:00:00,2025-03-09,17,53.06,0.0,reported_accepted,reported_accepted,False,False
2025-03-09 18:00:00,2025-03-09,18,51.08,0.0,reported_accepted,reported_accepted,False,False
2025-03-09 19:00:00,2025-03-09,19,51.08,0.0,reported_accepted,reported_accepted,False,False
2025-03-09 20:00:00,2025-03-09,20,51.08,0.0,reported_accepted,reported_accepted,False,False
2025-03-09 21:00:00,2025-03-09,21,50.0,0.0,reported_accepted,reported_accepted,False,False
2025-03-09 22:00:00,2025-03-09,22,50.0,0.0,reported_accepted,reported_accepted,False,False
2025-03-09 23:00:00,2025-03-09,23,48.92,0.0,reported_accepted,reported_accepted,False,False
2025-03-10 00:00:00,2025-03-10,0,48.92,0.0,reported_accepted,reported_accepted,False,False
2025-03-10 01:00:00,2025-03-10,1,48.02,0.0,reported_accepted,reported_accepted,False,False
2025-03-10 02:00:00,2025-03-10,2,48.92,0.0,reported_accepted,reported_accepted,False,False
2025-03-10 03:00:00,2025-03-10,3,48.02,0.0,reported_accepted,reported_accepted,False,False
2025-03-10 04:00:00,2025-03-10,4,48.02,0.0,reported_accepted,reported_accepted,False,False
2025-03-10 05:00:00,2025-03-10,5,46.94,0.0,reported_accepted,reported_accepted,False,False
2025-03-10 06:00:00,2025-03-10,6,46.04,0.0,reported_accepted,reported_accepted,False,False
2025-03-10 07:00:00,2025-03-10,7,46.04,0.0,reported_accepted,reported_accepted,False,False
2025-03-10 08:00:00,2025-03-10,8,48.02,0.0,reported_accepted,reported_accepted,False,False
2025-03-10 09:00:00,2025-03-10,9,51.08,0.0,reported_accepted,reported_accepted,False,False
2025-03-10 10:00:00,2025-03-10,10,53.96,0.0,reported_accepted,reported_accepted,False,False
2025-03-10 11:00:00,2025-03-10,11,57.92,0.0,reported_accepted,reported_accepted,False,False
2025-03-10 12:00:00,2025-03-10,12,60.980000000000004,0.0,reported_accepted,reported_accepted,False,False
2025-03-10 13:00:00,2025-03-10,13,62.959999999999994,0.0,reported_accepted,reported_accepted,False,False
2025-03-10 14:00:00,2025-03-10,14,64.94,0.0,reported_accepted,reported_accepted,False,False
2025-03-10 15:00:00,2025-03-10,15,66.02,0.0,reported_accepted,reported_accepted,False,False
2025-03-10 16:00:00,2025-03-10,16,60.08,0.0,reported_accepted,reported_accepted,False,False
2025-03-10 17:00:00,2025-03-10,17,57.02,0.0,reported_accepted,reported_accepted,False,False
2025-03-10 18:00:00,2025-03-10,18,57.02,0.0,reported_accepted,reported_accepted,False,False
2025-03-10 19:00:00,2025-03-10,19,57.02,0.0,reported_accepted,reported_accepted,False,False
2025-03-10 20:00:00,2025-03-10,20,53.96,0.0,reported_accepted,reported_accepted,False,False
2025-03-10 21:00:00,2025-03-10,21,53.96,0.0,reported_accepted,reported_accepted,False,False
2025-03-10 22:00:00,2025-03-10,22,53.06,0.0,reported_accepted,reported_accepted,False,False
2025-03-10 23:00:00,2025-03-10,23,55.94,0.0,reported_accepted,reported_accepted,False,False
2025-03-11 00:00:00,2025-03-11,0,53.06,0.0,reported_accepted,reported_accepted,False,False
2025-03-11 01:00:00,2025-03-11,1,53.06,0.0,reported_accepted,reported_accepted,False,False
2025-03-11 02:00:00,2025-03-11,2,51.08,0.0,reported_accepted,reported_accepted,False,False
2025-03-11 03:00:00,2025-03-11,3,51.08,0.0,reported_accepted,reported_accepted,False,False
2025-03-11 04:00:00,2025-03-11,4,46.94,0.0,reported_accepted,reported_accepted,False,False
2025-03-11 05:00:00,2025-03-11,5,46.94,0.0,reported_accepted,reported_accepted,False,False
2025-03-11 06:00:00,2025-03-11,6,46.94,0.0,reported_accepted,reported_accepted,False,False
2025-03-11 07:00:00,2025-03-11,7,46.94,0.0,reported_accepted,reported_accepted,False,False
2025-03-11 08:00:00,2025-03-11,8,50.0,0.0,reported_accepted,reported_accepted,False,False
2025-03-11 09:00:00,2025-03-11,9,53.06,0.0,reported_accepted,reported_accepted,False,False
2025-03-11 10:00:00,2025-03-11,10,59.0,0.0,reported_accepted,reported_accepted,False,False
2025-03-11 11:00:00,2025-03-11,11,60.08,0.0,reported_accepted,reported_accepted,False,False
2025-03-11 12:00:00,2025-03-11,12,62.959999999999994,0.0,reported_accepted,reported_accepted,False,False
2025-03-11 13:00:00,2025-03-11,13,62.959999999999994,0.0,reported_accepted,reported_accepted,False,False
2025-03-11 14:00:00,2025-03-11,14,62.959999999999994,0.0,reported_accepted,reported_accepted,False,False
2025-03-11 15:00:00,2025-03-11,15,60.980000000000004,0.0,reported_accepted,reported_accepted,False,False
2025-03-11 16:00:00,2025-03-11,16,57.92,0.0,reported_accepted,reported_accepted,False,False
2025-03-11 17:00:00,2025-03-11,17,57.92,0.0,reported_accepted,reported_accepted,False,False
2025-03-11 18:00:00,2025-03-11,18,55.94,0.0,reported_accepted,reported_accepted,False,False
2025-03-11 19:00:00,2025-03-11,19,55.94,0.0,reported_accepted,reported_accepted,False,False
2025-03-11 20:00:00,2025-03-11,20,55.94,0.0,reported_accepted,reported_accepted,False,False
2025-03-11 21:00:00,2025-03-11,21,55.04,0.0,reported_accepted,reported_accepted,False,False
2025-03-11 22:00:00,2025-03-11,22,55.94,0.0,reported_accepted,reported_accepted,False,False
2025-03-11 23:00:00,2025-03-11,23,53.96,0.0,reported_accepted,reported_accepted,False,False
2025-03-12 00:00:00,2025-03-12,0,53.96,0.0,reported_accepted,reported_accepted,False,False
2025-03-12 01:00:00,2025-03-12,1,53.96,0.0,reported_accepted,reported_accepted,False,False
2025-03-12 02:00:00,2025-03-12,2,53.06,0.0,reported_accepted,reported_accepted,False,False
2025-03-12 03:00:00,2025-03-12,3,51.08,0.0,reported_accepted,reported_accepted,False,False
2025-03-12 04:00:00,2025-03-12,4,48.92,0.0,reported_accepted,reported_accepted,False,False
2025-03-12 05:00:00,2025-03-12,5,48.02,0.0,reported_accepted,reported_accepted,False,False
2025-03-12 06:00:00,2025-03-12,6,46.04,0.0,reported_accepted,reported_accepted,False,False
2025-03-12 07:00:00,2025-03-12,7,44.06,0.0,reported_accepted,reported_accepted,False,False
2025-03-12 08:00:00,2025-03-12,8,42.980000000000004,0.0,reported_accepted,reported_accepted,False,False
2025-03-12 09:00:00,2025-03-12,9,44.06,0.0,reported_accepted,reported_accepted,False,False
2025-03-12 10:00:00,2025-03-12,10,46.94,0.0,reported_accepted,reported_accepted,False,False
2025-03-12 11:00:00,2025-03-12,11,48.92,0.0,reported_accepted,reported_accepted,False,False
2025-03-12 12:00:00,2025-03-12,12,48.92,0.0,reported_accepted,reported_accepted,False,False
2025-03-12 13:00:00,2025-03-12,13,51.08,0.0,reported_accepted,reported_accepted,False,False
2025-03-12 14:00:00,2025-03-12,14,53.06,0.0,reported_accepted,reported_accepted,False,False
2025-03-12 15:00:00,2025-03-12,15,53.96,0.0,reported_accepted,reported_accepted,False,False
2025-03-12 16:00:00,2025-03-12,16,53.06,0.0,reported_accepted,reported_accepted,False,False
2025-03-12 17:00:00,2025-03-12,17,53.06,0.0,reported_accepted,reported_accepted,False,False
2025-03-12 18:00:00,2025-03-12,18,48.92,0.0,reported_accepted,reported_accepted,False,False
2025-03-12 19:00:00,2025-03-12,19,44.96,0.0,reported_accepted,reported_accepted,False,False
2025-03-12 20:00:00,2025-03-12,20,44.96,0.0,reported_accepted,reported_accepted,False,False
2025-03-12 21:00:00,2025-03-12,21,44.06,0.0,reported_accepted,reported_accepted,False,False
2025-03-12 22:00:00,2025-03-12,22,44.06,0.0,reported_accepted,reported_accepted,False,False
2025-03-12 23:00:00,2025-03-12,23,42.980000000000004,0.0,reported_accepted,reported_accepted,False,False
2025-03-13 00:00:00,2025-03-13,0,42.980000000000004,0.0,reported_accepted,reported_accepted,False,False
2025-03-13 01:00:00,2025-03-13,1,42.08,0.0,reported_accepted,daily_total_supported_zero,False,False
2025-03-13 02:00:00,2025-03-13,2,41.0,0.0,reported_accepted,daily_total_supported_zero,False,False
2025-03-13 03:00:00,2025-03-13,3,39.92,0.0,reported_accepted,daily_total_supported_zero,False,False
2025-03-13 04:00:00,2025-03-13,4,39.92,0.0,reported_accepted,daily_total_supported_zero,False,False
2025-03-13 05:00:00,2025-03-13,5,39.02,0.0,reported_accepted,daily_total_supported_zero,False,False
2025-03-13 06:00:00,2025-03-13,6,39.02,0.0,reported_accepted,daily_total_supported_zero,False,False
2025-03-13 07:00:00,2025-03-13,7,39.02,0.0,reported_accepted,daily_total_supported_zero,False,False
2025-03-13 08:00:00,2025-03-13,8,41.0,0.0,reported_accepted,daily_total_supported_zero,False,False
2025-03-13 09:00:00,2025-03-13,9,42.980000000000004,0.0,reported_accepted,daily_total_supported_zero,False,False
2025-03-13 10:00:00,2025-03-13,10,44.96,0.0,reported_accepted,daily_total_supported_zero,False,False
2025-03-13 11:00:00,2025-03-13,11,46.94,0.0,reported_accepted,reported_accepted,False,False
2025-03-13 12:00:00,2025-03-13,12,48.02,0.0,reported_accepted,reported_accepted,False,False
2025-03-13 13:00:00,2025-03-13,13,48.02,0.0,reported_accepted,reported_accepted,False,False
2025-03-13 14:00:00,2025-03-13,14,48.92,0.0,reported_accepted,reported_accepted,False,False
2025-03-13 15:00:00,2025-03-13,15,48.92,0.0,reported_accepted,reported_accepted,False,False
2025-03-13 16:00:00,2025-03-13,16,46.04,0.0,reported_accepted,reported_accepted,False,False
2025-03-13 17:00:00,2025-03-13,17,46.04,0.0,reported_accepted,reported_accepted,False,False
2025-03-13 18:00:00,2025-03-13,18,44.06,0.0,reported_accepted,reported_accepted,False,False
2025-03-13 19:00:00,2025-03-13,19,42.980000000000004,0.0,reported_accepted,reported_accepted,False,False
2025-03-13 20:00:00,2025-03-13,20,41.0,0.0,reported_accepted,reported_accepted,False,False
2025-03-13 21:00:00,2025-03-13,21,41.0,0.0,reported_accepted,reported_accepted,False,False
2025-03-13 22:00:00,2025-03-13,22,41.0,0.0,reported_accepted,reported_accepted,False,False
2025-03-13 23:00:00,2025-03-13,23,41.0,0.0,reported_accepted,reported_accepted,False,False
2025-03-14 00:00:00,2025-03-14,0,41.0,0.0,reported_accepted,reported_accepted,False,False
2025-03-14 01:00:00,2025-03-14,1,41.0,0.0,reported_accepted,reported_accepted,False,False
2025-03-14 02:00:00,2025-03-14,2,41.0,0.0,reported_accepted,reported_accepted,False,False
2025-03-14 03:00:00,2025-03-14,3,41.0,0.0,reported_accepted,reported_accepted,False,False
2025-03-14 04:00:00,2025-03-14,4,42.08,0.0,reported_accepted,reported_accepted,False,False
2025-03-14 05:00:00,2025-03-14,5,42.08,0.0,reported_accepted,reported_accepted,False,False
2025-03-14 06:00:00,2025-03-14,6,42.980000000000004,0.0,reported_accepted,reported_accepted,False,False
2025-03-14 07:00:00,2025-03-14,7,42.980000000000004,0.0,reported_accepted,reported_accepted,False,False
2025-03-14 08:00:00,2025-03-14,8,44.06,0.0,reported_accepted,reported_accepted,False,False
2025-03-14 09:00:00,2025-03-14,9,46.04,0.0,reported_accepted,reported_accepted,False,False
2025-03-14 10:00:00,2025-03-14,10,48.02,0.0,reported_accepted,reported_accepted,False,False
2025-03-14 11:00:00,2025-03-14,11,50.0,0.0,reported_accepted,reported_accepted,False,False
2025-03-14 12:00:00,2025-03-14,12,53.06,0.0,reported_accepted,reported_accepted,False,False
2025-03-14 13:00:00,2025-03-14,13,55.94,0.0,reported_accepted,reported_accepted,False,False
2025-03-14 14:00:00,2025-03-14,14,53.96,0.0,reported_accepted,reported_accepted,False,False
2025-03-14 15:00:00,2025-03-14,15,51.98,0.0,reported_accepted,reported_accepted,False,False
2025-03-14 16:00:00,2025-03-14,16,51.08,0.0,reported_accepted,reported_accepted,False,False
2025-03-14 17:00:00,2025-03-14,17,50.0,0.0,reported_accepted,reported_accepted,False,False
2025-03-14 18:00:00,2025-03-14,18,48.02,0.0,reported_accepted,reported_accepted,False,False
2025-03-14 19:00:00,2025-03-14,19,46.94,0.0,reported_accepted,reported_accepted,False,False
2025-03-14 20:00:00,2025-03-14,20,44.06,0.0,reported_accepted,reported_accepted,False,False
2025-03-14 21:00:00,2025-03-14,21,42.08,0.0,reported_accepted,reported_accepted,False,False
2025-03-14 22:00:00,2025-03-14,22,42.08,0.0,reported_accepted,reported_accepted,False,False
2025-03-14 23:00:00,2025-03-14,23,41.0,0.0,reported_accepted,reported_accepted,False,False
2025-03-15 00:00:00,2025-03-15,0,42.08,0.0,reported_accepted,reported_accepted,False,False
2025-03-15 01:00:00,2025-03-15,1,42.08,0.0,reported_accepted,reported_accepted,False,False
2025-03-15 02:00:00,2025-03-15,2,42.08,0.0,reported_accepted,reported_accepted,False,False
2025-03-15 03:00:00,2025-03-15,3,42.08,0.0,reported_accepted,reported_accepted,False,False
2025-03-15 04:00:00,2025-03-15,4,42.08,0.0,reported_accepted,reported_accepted,False,False
2025-03-15 05:00:00,2025-03-15,5,42.08,0.0,reported_accepted,reported_accepted,False,False
2025-03-15 06:00:00,2025-03-15,6,42.08,0.0,reported_accepted,reported_accepted,False,False
2025-03-15 07:00:00,2025-03-15,7,42.08,0.0,reported_accepted,reported_accepted,False,False
2025-03-15 08:00:00,2025-03-15,8,42.08,0.0,reported_accepted,reported_accepted,False,False
2025-03-15 09:00:00,2025-03-15,9,42.980000000000004,0.0,reported_accepted,reported_accepted,False,False
2025-03-15 10:00:00,2025-03-15,10,42.980000000000004,0.0,reported_accepted,reported_accepted,False,False
2025-03-15 11:00:00,2025-03-15,11,44.06,0.0,reported_accepted,reported_accepted,False,False
2025-03-15 12:00:00,2025-03-15,12,48.02,0.0,reported_accepted,reported_accepted,False,False
2025-03-15 13:00:00,2025-03-15,13,48.02,0.0,reported_accepted,reported_accepted,False,False
2025-03-15 14:00:00,2025-03-15,14,46.94,0.0,reported_accepted,reported_accepted,False,False
2025-03-15 15:00:00,2025-03-15,15,46.94,0.0,reported_accepted,reported_accepted,False,False
2025-03-15 16:00:00,2025-03-15,16,48.02,0.0,reported_accepted,reported_accepted,False,False
2025-03-15 17:00:00,2025-03-15,17,48.02,0.0,reported_accepted,reported_accepted,False,False
2025-03-15 18:00:00,2025-03-15,18,46.94,0.0,reported_accepted,reported_accepted,False,False
2025-03-15 19:00:00,2025-03-15,19,46.94,0.0,reported_accepted,reported_accepted,False,False
2025-03-15 20:00:00,2025-03-15,20,46.94,0.0,reported_accepted,reported_accepted,False,False
2025-03-15 21:00:00,2025-03-15,21,46.94,0.0,reported_accepted,reported_accepted,False,False
2025-03-15 22:00:00,2025-03-15,22,46.94,0.0,reported_accepted,reported_accepted,False,False
2025-03-15 23:00:00,2025-03-15,23,46.94,0.0,reported_accepted,reported_accepted,False,False
2025-03-16 00:00:00,2025-03-16,0,48.02,0.0,reported_accepted,reported_accepted,False,False
2025-03-16 01:00:00,2025-03-16,1,48.02,0.0,reported_accepted,reported_accepted,False,False
2025-03-16 02:00:00,2025-03-16,2,46.94,0.0,reported_accepted,reported_accepted,False,False
2025-03-16 03:00:00,2025-03-16,3,46.94,0.0,reported_accepted,reported_accepted,False,False
2025-03-16 04:00:00,2025-03-16,4,51.08,0.0,reported_accepted,reported_accepted,False,False
2025-03-16 05:00:00,2025-03-16,5,48.92,0.0,reported_accepted,reported_accepted,False,False
2025-03-16 06:00:00,2025-03-16,6,48.92,0.0,reported_accepted,reported_accepted,False,False
2025-03-16 07:00:00,2025-03-16,7,50.0,0.0,reported_accepted,reported_accepted,False,False
2025-03-16 08:00:00,2025-03-16,8,53.96,0.0,reported_accepted,reported_accepted,False,False
2025-03-16 09:00:00,2025-03-16,9,55.04,0.0,reported_accepted,reported_accepted,False,False
2025-03-16 10:00:00,2025-03-16,10,57.02,0.011811023622047244,reported_accepted,reported_accepted,False,False
2025-03-16 11:00:00,2025-03-16,11,57.92,0.0,reported_accepted,reported_accepted,False,False
2025-03-16 12:00:00,2025-03-16,12,57.92,0.0,reported_accepted,reported_accepted,False,False
2025-03-16 13:00:00,2025-03-16,13,60.08,0.0,reported_accepted,reported_accepted,False,False
2025-03-16 14:00:00,2025-03-16,14,60.980000000000004,0.0,reported_accepted,reported_accepted,False,False
2025-03-16 15:00:00,2025-03-16,15,57.92,0.0,reported_accepted,reported_accepted,False,False
2025-03-16 16:00:00,2025-03-16,16,57.02,0.0,reported_accepted,reported_accepted,False,False
2025-03-16 17:00:00,2025-03-16,17,57.02,0.0,reported_accepted,reported_accepted,False,False
2025-03-16 18:00:00,2025-03-16,18,55.94,0.0,reported_accepted,reported_accepted,False,False
2025-03-16 19:00:00,2025-03-16,19,55.94,0.0,reported_accepted,reported_accepted,False,False
2025-03-16 20:00:00,2025-03-16,20,57.02,0.0,reported_accepted,reported_accepted,False,False
2025-03-16 21:00:00,2025-03-16,21,59.0,0.0,reported_accepted,reported_accepted,False,False
2025-03-16 22:00:00,2025-03-16,22,57.02,0.0,reported_accepted,reported_accepted,False,False
2025-03-16 23:00:00,2025-03-16,23,57.92,0.0,reported_accepted,reported_accepted,False,False
2025-03-17 00:00:00,2025-03-17,0,57.92,0.0,reported_accepted,reported_accepted,False,False
2025-03-17 01:00:00,2025-03-17,1,57.02,0.03937007874015748,reported_accepted,reported_accepted,False,False
2025-03-17 02:00:00,2025-03-17,2,55.94,0.2283464566929134,reported_accepted,reported_accepted,False,False
2025-03-17 03:00:00,2025-03-17,3,55.04,0.14960629921259844,reported_accepted,reported_accepted,False,False
2025-03-17 04:00:00,2025-03-17,4,55.04,0.07874015748031496,reported_accepted,reported_accepted,False,False
2025-03-17 05:00:00,2025-03-17,5,55.04,0.14173228346456693,reported_accepted,reported_accepted,False,False
2025-03-17 06:00:00,2025-03-17,6,55.04,0.11811023622047245,reported_accepted,reported_accepted,False,False
2025-03-17 07:00:00,2025-03-17,7,53.96,0.0,reported_accepted,reported_accepted,False,False
2025-03-17 08:00:00,2025-03-17,8,55.94,0.0,reported_accepted,reported_accepted,False,False
2025-03-17 09:00:00,2025-03-17,9,55.94,0.0,reported_accepted,reported_accepted,False,False
2025-03-17 10:00:00,2025-03-17,10,57.02,0.0,reported_accepted,reported_accepted,False,False
2025-03-17 11:00:00,2025-03-17,11,57.92,0.011811023622047244,reported_accepted,reported_accepted,False,False
2025-03-17 12:00:00,2025-03-17,12,53.96,0.0,reported_accepted,reported_accepted,False,False
2025-03-17 13:00:00,2025-03-17,13,53.96,0.0,reported_accepted,reported_accepted,False,False
2025-03-17 14:00:00,2025-03-17,14,51.08,0.0,reported_accepted,reported_accepted,False,False
2025-03-17 15:00:00,2025-03-17,15,51.08,0.0,reported_accepted,reported_accepted,False,False
2025-03-17 16:00:00,2025-03-17,16,50.0,0.0,reported_accepted,reported_accepted,False,False
2025-03-17 17:00:00,2025-03-17,17,50.0,0.0,reported_accepted,reported_accepted,False,False
2025-03-17 18:00:00,2025-03-17,18,48.92,0.0,reported_accepted,reported_accepted,False,False
2025-03-17 19:00:00,2025-03-17,19,46.04,0.0,reported_accepted,reported_accepted,False,False
2025-03-17 20:00:00,2025-03-17,20,42.980000000000004,0.0,reported_accepted,reported_accepted,False,False
2025-03-17 21:00:00,2025-03-17,21,41.0,0.0,reported_accepted,reported_accepted,False,False
2025-03-17 22:00:00,2025-03-17,22,39.92,0.0,reported_accepted,reported_accepted,False,False
2025-03-17 23:00:00,2025-03-17,23,37.94,0.0,reported_accepted,reported_accepted,False,False
2025-03-18 00:00:00,2025-03-18,0,37.04,0.0,reported_accepted,reported_accepted,False,False
2025-03-18 01:00:00,2025-03-18,1,37.04,0.0,reported_accepted,reported_accepted,False,False
2025-03-18 02:00:00,2025-03-18,2,37.04,0.0,reported_accepted,reported_accepted,False,False
2025-03-18 03:00:00,2025-03-18,3,37.04,0.0,reported_accepted,reported_accepted,False,False
2025-03-18 04:00:00,2025-03-18,4,35.96,0.0,reported_accepted,reported_accepted,False,False
2025-03-18 05:00:00,2025-03-18,5,35.96,0.0,reported_accepted,reported_accepted,False,False
2025-03-18 06:00:00,2025-03-18,6,35.06,0.0,reported_accepted,reported_accepted,False,False
2025-03-18 07:00:00,2025-03-18,7,35.06,0.0,reported_accepted,reported_accepted,False,False
2025-03-18 08:00:00,2025-03-18,8,39.2,0.0,reported_flagged_fallback,reported_accepted,False,False
2025-03-18 09:00:00,2025-03-18,9,41.0,0.0,reported_flagged_fallback,reported_accepted,False,False
2025-03-18 10:00:00,2025-03-18,10,44.6,0.0,reported_flagged_fallback,reported_accepted,False,False
2025-03-18 11:00:00,2025-03-18,11,48.02,0.0,reported_accepted,reported_accepted,False,False
2025-03-18 12:00:00,2025-03-18,12,51.98,0.0,reported_accepted,reported_accepted,False,False
2025-03-18 13:00:00,2025-03-18,13,53.96,0.0,reported_accepted,reported_accepted,False,False
2025-03-18 14:00:00,2025-03-18,14,55.94,0.0,reported_accepted,reported_accepted,False,False
2025-03-18 15:00:00,2025-03-18,15,57.92,0.0,reported_accepted,reported_accepted,False,False
2025-03-18 16:00:00,2025-03-18,16,60.08,0.0,reported_accepted,reported_accepted,False,False
2025-03-18 17:00:00,2025-03-18,17,60.980000000000004,0.0,reported_accepted,reported_accepted,False,False
2025-03-18 18:00:00,2025-03-18,18,59.0,0.0,reported_accepted,reported_accepted,False,False
2025-03-18 19:00:00,2025-03-18,19,55.04,0.0,reported_accepted,reported_accepted,False,False
2025-03-18 20:00:00,2025-03-18,20,55.04,0.0,reported_accepted,reported_accepted,False,False
2025-03-18 21:00:00,2025-03-18,21,55.04,0.0,reported_accepted,reported_accepted,False,False
2025-03-18 22:00:00,2025-03-18,22,53.06,0.0,reported_accepted,reported_accepted,False,False
2025-03-18 23:00:00,2025-03-18,23,53.06,0.0,reported_accepted,reported_accepted,False,False
2025-03-19 00:00:00,2025-03-19,0,50.0,0.0,reported_accepted,reported_accepted,False,False
2025-03-19 01:00:00,2025-03-19,1,50.0,0.0,reported_accepted,reported_accepted,False,False
2025-03-19 02:00:00,2025-03-19,2,48.02,0.0,reported_accepted,reported_accepted,False,False
2025-03-19 03:00:00,2025-03-19,3,46.04,0.0,reported_accepted,reported_accepted,False,False
2025-03-19 04:00:00,2025-03-19,4,44.96,0.0,reported_accepted,reported_accepted,False,False
2025-03-19 05:00:00,2025-03-19,5,44.96,0.0,reported_accepted,reported_accepted,False,False
2025-03-19 06:00:00,2025-03-19,6,44.06,0.0,reported_accepted,reported_accepted,False,False
2025-03-19 07:00:00,2025-03-19,7,44.96,0.0,reported_accepted,reported_accepted,False,False
2025-03-19 08:00:00,2025-03-19,8,46.94,0.0,reported_accepted,reported_accepted,False,False
2025-03-19 09:00:00,2025-03-19,9,51.08,0.0,reported_accepted,reported_accepted,False,False
2025-03-19 10:00:00,2025-03-19,10,53.96,0.0,reported_accepted,reported_accepted,False,False
2025-03-19 11:00:00,2025-03-19,11,57.02,0.0,reported_accepted,reported_accepted,False,False
2025-03-19 12:00:00,2025-03-19,12,59.0,0.0,reported_accepted,reported_accepted,False,False
2025-03-19 13:00:00,2025-03-19,13,60.980000000000004,0.0,reported_accepted,reported_accepted,False,False
2025-03-19 14:00:00,2025-03-19,14,62.059999999999995,0.0,reported_accepted,reported_accepted,False,False
2025-03-19 15:00:00,2025-03-19,15,60.980000000000004,0.0,reported_accepted,reported_accepted,False,False
2025-03-19 16:00:00,2025-03-19,16,60.08,0.0,reported_accepted,reported_accepted,False,False
2025-03-19 17:00:00,2025-03-19,17,55.94,0.0,reported_accepted,reported_accepted,False,False
2025-03-19 18:00:00,2025-03-19,18,53.06,0.0,reported_accepted,reported_accepted,False,False
2025-03-19 19:00:00,2025-03-19,19,51.98,0.0,reported_accepted,reported_accepted,False,False
2025-03-19 20:00:00,2025-03-19,20,51.08,0.0,reported_accepted,reported_accepted,False,False
2025-03-19 21:00:00,2025-03-19,21,48.92,0.0,reported_accepted,reported_accepted,False,False
2025-03-19 22:00:00,2025-03-19,22,48.02,0.0,reported_accepted,reported_accepted,False,False
2025-03-19 23:00:00,2025-03-19,23,46.94,0.0,reported_accepted,reported_accepted,False,False
2025-03-20 00:00:00,2025-03-20,0,44.96,0.0,reported_accepted,reported_accepted,False,False
2025-03-20 01:00:00,2025-03-20,1,44.06,0.0,reported_accepted,reported_accepted,False,False
2025-03-20 02:00:00,2025-03-20,2,42.980000000000004,0.0,reported_accepted,reported_accepted,False,False
2025-03-20 03:00:00,2025-03-20,3,42.980000000000004,0.0,reported_accepted,reported_accepted,False,False
2025-03-20 04:00:00,2025-03-20,4,42.08,0.0,reported_accepted,reported_accepted,False,False
2025-03-20 05:00:00,2025-03-20,5,42.980000000000004,0.0,reported_accepted,reported_accepted,False,False
2025-03-20 06:00:00,2025-03-20,6,42.980000000000004,0.0,reported_accepted,reported_accepted,False,False
2025-03-20 07:00:00,2025-03-20,7,42.980000000000004,0.0,reported_accepted,reported_accepted,False,False
2025-03-20 08:00:00,2025-03-20,8,44.06,0.0,reported_accepted,reported_accepted,False,False
2025-03-20 09:00:00,2025-03-20,9,46.04,0.0,reported_accepted,reported_accepted,False,False
2025-03-20 10:00:00,2025-03-20,10,46.04,0.0,reported_accepted,reported_accepted,False,False
2025-03-20 11:00:00,2025-03-20,11,46.94,0.0,reported_accepted,reported_accepted,False,False
2025-03-20 12:00:00,2025-03-20,12,48.02,0.0,reported_accepted,reported_accepted,False,False
2025-03-20 13:00:00,2025-03-20,13,48.02,0.0,reported_accepted,reported_accepted,False,False
2025-03-20 14:00:00,2025-03-20,14,50.0,0.0,reported_accepted,reported_accepted,False,False
2025-03-20 15:00:00,2025-03-20,15,50.0,0.0,reported_accepted,reported_accepted,False,False
2025-03-20 16:00:00,2025-03-20,16,50.0,0.0,reported_accepted,reported_accepted,False,False
2025-03-20 17:00:00,2025-03-20,17,50.0,0.0,reported_accepted,reported_accepted,False,False
2025-03-20 18:00:00,2025-03-20,18,48.92,0.0,reported_accepted,reported_accepted,False,False
2025-03-20 19:00:00,2025-03-20,19,48.92,0.0,reported_accepted,reported_accepted,False,False
2025-03-20 20:00:00,2025-03-20,20,48.92,0.05118110236220473,reported_accepted,reported_accepted,False,False
2025-03-20 21:00:00,2025-03-20,21,50.0,0.2913385826771654,reported_accepted,reported_accepted,False,False
2025-03-20 22:00:00,2025-03-20,22,48.92,0.31102362204724415,reported_accepted,reported_accepted,False,False
2025-03-20 23:00:00,2025-03-20,23,48.92,0.2992125984251969,reported_accepted,reported_accepted,False,False
2025-03-21 00:00:00,2025-03-21,0,48.92,0.11023622047244094,reported_accepted,reported_accepted,False,False
2025-03-21 01:00:00,2025-03-21,1,48.02,0.03149606299212599,reported_accepted,reported_accepted,False,False
2025-03-21 02:00:00,2025-03-21,2,46.94,0.0,reported_accepted,reported_accepted,False,False
2025-03-21 03:00:00,2025-03-21,3,46.94,0.0,reported_accepted,reported_accepted,False,False
2025-03-21 04:00:00,2025-03-21,4,46.04,0.0,reported_accepted,reported_accepted,False,False
2025-03-21 05:00:00,2025-03-21,5,42.08,0.0,reported_accepted,reported_accepted,False,False
2025-03-21 06:00:00,2025-03-21,6,39.02,0.0,reported_accepted,reported_accepted,False,False
2025-03-21 07:00:00,2025-03-21,7,37.94,0.0,reported_accepted,reported_accepted,False,False
2025-03-21 08:00:00,2025-03-21,8,37.94,0.0,reported_accepted,reported_accepted,False,False
2025-03-21 09:00:00,2025-03-21,9,39.02,0.0,reported_accepted,reported_accepted,False,False
2025-03-21 10:00:00,2025-03-21,10,41.0,0.0,reported_accepted,reported_accepted,False,False
2025-03-21 11:00:00,2025-03-21,11,42.980000000000004,0.0,reported_accepted,reported_accepted,False,False
2025-03-21 12:00:00,2025-03-21,12,46.04,0.0,reported_accepted,reported_accepted,False,False
2025-03-21 13:00:00,2025-03-21,13,46.94,0.0,reported_accepted,reported_accepted,False,False
2025-03-21 14:00:00,2025-03-21,14,48.92,0.0,reported_accepted,reported_accepted,False,False
2025-03-21 15:00:00,2025-03-21,15,50.0,0.0,reported_accepted,reported_accepted,False,False
2025-03-21 16:00:00,2025-03-21,16,50.0,0.0,reported_accepted,reported_accepted,False,False
2025-03-21 17:00:00,2025-03-21,17,50.0,0.0,reported_accepted,reported_accepted,False,False
2025-03-21 18:00:00,2025-03-21,18,48.92,0.0,reported_accepted,reported_accepted,False,False
2025-03-21 19:00:00,2025-03-21,19,48.02,0.0,reported_accepted,reported_accepted,False,False
2025-03-21 20:00:00,2025-03-21,20,46.94,0.0,reported_accepted,reported_accepted,False,False
2025-03-21 21:00:00,2025-03-21,21,46.04,0.0,reported_accepted,reported_accepted,False,False
2025-03-21 22:00:00,2025-03-21,22,46.04,0.0,reported_accepted,reported_accepted,False,False
2025-03-21 23:00:00,2025-03-21,23,44.96,0.0,reported_accepted,reported_accepted,False,False
2025-03-22 00:00:00,2025-03-22,0,44.06,0.0,reported_accepted,reported_accepted,False,False
2025-03-22 01:00:00,2025-03-22,1,44.96,0.0,reported_accepted,reported_accepted,False,False
2025-03-22 02:00:00,2025-03-22,2,44.96,0.0,reported_accepted,reported_accepted,False,False
2025-03-22 03:00:00,2025-03-22,3,44.96,0.0,reported_accepted,reported_accepted,False,False
2025-03-22 04:00:00,2025-03-22,4,44.96,0.0,reported_accepted,reported_accepted,False,False
2025-03-22 05:00:00,2025-03-22,5,46.04,0.0,reported_accepted,reported_accepted,False,False
2025-03-22 06:00:00,2025-03-22,6,46.04,0.0,reported_accepted,reported_accepted,False,False
2025-03-22 07:00:00,2025-03-22,7,46.94,0.0,reported_accepted,reported_accepted,False,False
2025-03-22 08:00:00,2025-03-22,8,48.02,0.0,reported_accepted,reported_accepted,False,False
2025-03-22 09:00:00,2025-03-22,9,51.98,0.0,reported_accepted,reported_accepted,False,False
2025-03-22 10:00:00,2025-03-22,10,55.94,0.0,reported_accepted,reported_accepted,False,False
2025-03-22 11:00:00,2025-03-22,11,59.0,0.0,reported_accepted,reported_accepted,False,False
2025-03-22 12:00:00,2025-03-22,12,59.0,0.0,reported_accepted,reported_accepted,False,False
2025-03-22 13:00:00,2025-03-22,13,62.959999999999994,0.0,reported_accepted,reported_accepted,False,False
2025-03-22 14:00:00,2025-03-22,14,60.08,0.0,reported_accepted,reported_accepted,False,False
2025-03-22 15:00:00,2025-03-22,15,57.92,0.0,reported_accepted,reported_accepted,False,False
2025-03-22 16:00:00,2025-03-22,16,57.92,0.0,reported_accepted,reported_accepted,False,False
2025-03-22 17:00:00,2025-03-22,17,59.0,0.0,reported_accepted,reported_accepted,False,False
2025-03-22 18:00:00,2025-03-22,18,59.0,0.0,reported_accepted,reported_accepted,False,False
2025-03-22 19:00:00,2025-03-22,19,55.04,0.0,reported_accepted,reported_accepted,False,False
2025-03-22 20:00:00,2025-03-22,20,50.0,0.0,reported_accepted,reported_accepted,False,False
2025-03-22 21:00:00,2025-03-22,21,46.94,0.0,reported_accepted,reported_accepted,False,False
2025-03-22 22:00:00,2025-03-22,22,44.96,0.0,reported_accepted,reported_accepted,False,False
2025-03-22 23:00:00,2025-03-22,23,44.06,0.0,reported_accepted,reported_accepted,False,False
2025-03-23 00:00:00,2025-03-23,0,39.92,0.0,reported_accepted,reported_accepted,False,False
2025-03-23 01:00:00,2025-03-23,1,37.94,0.0,reported_accepted,reported_accepted,False,False
2025-03-23 02:00:00,2025-03-23,2,35.96,0.0,reported_accepted,reported_accepted,False,False
2025-03-23 03:00:00,2025-03-23,3,33.98,0.0,reported_accepted,reported_accepted,False,False
2025-03-23 04:00:00,2025-03-23,4,33.08,0.0,reported_accepted,reported_accepted,False,False
2025-03-23 05:00:00,2025-03-23,5,32.0,0.0,reported_accepted,reported_accepted,False,False
2025-03-23 06:00:00,2025-03-23,6,30.92,0.0,reported_accepted,reported_accepted,False,False
2025-03-23 07:00:00,2025-03-23,7,30.92,0.0,reported_accepted,reported_accepted,False,False
2025-03-23 08:00:00,2025-03-23,8,32.0,0.0,reported_accepted,reported_accepted,False,False
2025-03-23 09:00:00,2025-03-23,9,33.98,0.0,reported_accepted,reported_accepted,False,False
2025-03-23 10:00:00,2025-03-23,10,35.06,0.0,reported_accepted,reported_accepted,False,False
2025-03-23 11:00:00,2025-03-23,11,37.94,0.0,reported_accepted,reported_accepted,False,False
2025-03-23 12:00:00,2025-03-23,12,41.0,0.0,reported_accepted,reported_accepted,False,False
2025-03-23 13:00:00,2025-03-23,13,42.980000000000004,0.0,reported_accepted,reported_accepted,False,False
2025-03-23 14:00:00,2025-03-23,14,44.96,0.0,reported_accepted,reported_accepted,False,False
2025-03-23 15:00:00,2025-03-23,15,46.04,0.0,reported_accepted,reported_accepted,False,False
2025-03-23 16:00:00,2025-03-23,16,48.02,0.0,reported_accepted,reported_accepted,False,False
2025-03-23 17:00:00,2025-03-23,17,48.02,0.0,reported_accepted,reported_accepted,False,False
2025-03-23 18:00:00,2025-03-23,18,44.96,0.0,reported_accepted,reported_accepted,False,False
2025-03-23 19:00:00,2025-03-23,19,42.980000000000004,0.0,reported_accepted,reported_accepted,False,False
2025-03-23 20:00:00,2025-03-23,20,42.08,0.0,reported_accepted,reported_accepted,False,False
2025-03-23 21:00:00,2025-03-23,21,42.08,0.0,reported_accepted,reported_accepted,False,False
2025-03-23 22:00:00,2025-03-23,22,42.08,0.0,reported_accepted,reported_accepted,False,False
2025-03-23 23:00:00,2025-03-23,23,42.08,0.0,reported_accepted,reported_accepted,False,False
2025-03-24 00:00:00,2025-03-24,0,42.08,0.0,reported_accepted,reported_accepted,False,False
2025-03-24 01:00:00,2025-03-24,1,42.980000000000004,0.0,reported_accepted,reported_accepted,False,False
2025-03-24 02:00:00,2025-03-24,2,42.08,0.0,reported_accepted,reported_accepted,False,False
2025-03-24 03:00:00,2025-03-24,3,39.92,0.01968503937007874,reported_accepted,reported_accepted,False,False
2025-03-24 04:00:00,2025-03-24,4,39.92,0.0,reported_accepted,reported_accepted,False,False
2025-03-24 05:00:00,2025-03-24,5,39.02,0.01968503937007874,reported_accepted,reported_accepted,False,False
2025-03-24 06:00:00,2025-03-24,6,39.02,0.03937007874015748,reported_accepted,reported_accepted,False,False
2025-03-24 07:00:00,2025-03-24,7,39.92,0.0,reported_accepted,reported_accepted,False,False
2025-03-24 08:00:00,2025-03-24,8,41.0,0.011811023622047244,reported_accepted,reported_accepted,False,False
2025-03-24 09:00:00,2025-03-24,9,42.08,0.01968503937007874,reported_accepted,reported_accepted,False,False
2025-03-24 10:00:00,2025-03-24,10,42.980000000000004,0.05118110236220473,reported_accepted,reported_accepted,False,False
2025-03-24 11:00:00,2025-03-24,11,44.96,0.03149606299212599,reported_accepted,reported_accepted,False,False
2025-03-24 12:00:00,2025-03-24,12,46.94,0.01968503937007874,reported_accepted,reported_accepted,False,False
2025-03-24 13:00:00,2025-03-24,13,46.94,0.07874015748031496,reported_accepted,reported_accepted,False,False
2025-03-24 14:00:00,2025-03-24,14,46.04,0.07086614173228346,reported_accepted,reported_accepted,False,False
2025-03-24 15:00:00,2025-03-24,15,46.04,0.05905511811023623,reported_accepted,reported_accepted,False,False
2025-03-24 16:00:00,2025-03-24,16,46.04,0.05905511811023623,reported_accepted,reported_accepted,False,False
2025-03-24 17:00:00,2025-03-24,17,48.02,0.0,reported_accepted,reported_accepted,False,False
2025-03-24 18:00:00,2025-03-24,18,48.92,0.0,reported_accepted,reported_accepted,False,False
2025-03-24 19:00:00,2025-03-24,19,48.92,0.0,reported_accepted,reported_accepted,False,False
2025-03-24 20:00:00,2025-03-24,20,48.02,0.0,reported_accepted,reported_accepted,False,False
2025-03-24 21:00:00,2025-03-24,21,48.92,0.0,reported_accepted,reported_accepted,False,False
2025-03-24 22:00:00,2025-03-24,22,48.92,0.0,reported_accepted,reported_accepted,False,False
2025-03-24 23:00:00,2025-03-24,23,48.92,0.0,reported_accepted,reported_accepted,False,False
2025-03-25 00:00:00,2025-03-25,0,48.92,0.0,reported_accepted,reported_accepted,False,False
2025-03-25 01:00:00,2025-03-25,1,50.0,0.0,reported_accepted,reported_accepted,False,False
2025-03-25 02:00:00,2025-03-25,2,48.92,0.0,reported_accepted,reported_accepted,False,False
2025-03-25 03:00:00,2025-03-25,3,48.02,0.0,reported_accepted,reported_accepted,False,False
2025-03-25 04:00:00,2025-03-25,4,48.02,0.0,reported_accepted,reported_accepted,False,False
2025-03-25 05:00:00,2025-03-25,5,48.02,0.0,reported_accepted,reported_accepted,False,False
2025-03-25 06:00:00,2025-03-25,6,46.94,0.0,reported_accepted,reported_accepted,False,False
2025-03-25 07:00:00,2025-03-25,7,46.94,0.0,reported_accepted,reported_accepted,False,False
2025-03-25 08:00:00,2025-03-25,8,48.02,0.0,reported_accepted,reported_accepted,False,False
2025-03-25 09:00:00,2025-03-25,9,50.0,0.0,reported_accepted,reported_accepted,False,False
2025-03-25 10:00:00,2025-03-25,10,51.08,0.0,reported_accepted,reported_accepted,False,False
2025-03-25 11:00:00,2025-03-25,11,53.06,0.0,reported_accepted,reported_accepted,False,False
2025-03-25 12:00:00,2025-03-25,12,53.96,0.0,reported_accepted,reported_accepted,False,False
2025-03-25 13:00:00,2025-03-25,13,55.94,0.0,reported_accepted,reported_accepted,False,False
2025-03-25 14:00:00,2025-03-25,14,57.02,0.0,reported_accepted,reported_accepted,False,False
2025-03-25 15:00:00,2025-03-25,15,57.02,0.0,reported_accepted,reported_accepted,False,False
2025-03-25 16:00:00,2025-03-25,16,57.02,0.0,reported_accepted,reported_accepted,False,False
2025-03-25 17:00:00,2025-03-25,17,57.02,0.0,reported_accepted,reported_accepted,False,False
2025-03-25 18:00:00,2025-03-25,18,55.94,0.0,reported_accepted,reported_accepted,False,False
2025-03-25 19:00:00,2025-03-25,19,55.04,0.0,reported_accepted,reported_accepted,False,False
2025-03-25 20:00:00,2025-03-25,20,55.04,0.0,reported_accepted,reported_accepted,False,False
2025-03-25 21:00:00,2025-03-25,21,53.96,0.0,reported_accepted,reported_accepted,False,False
2025-03-25 22:00:00,2025-03-25,22,53.96,0.0,reported_accepted,reported_accepted,False,False
2025-03-25 23:00:00,2025-03-25,23,53.96,0.0,reported_accepted,reported_accepted,False,False
2025-03-26 00:00:00,2025-03-26,0,50.0,0.0,reported_accepted,reported_accepted,False,False
2025-03-26 01:00:00,2025-03-26,1,50.0,0.0,reported_accepted,daily_total_supported_zero,False,False
2025-03-26 02:00:00,2025-03-26,2,46.04,0.0,reported_accepted,daily_total_supported_zero,False,False
2025-03-26 03:00:00,2025-03-26,3,44.06,0.0,reported_accepted,daily_total_supported_zero,False,False
2025-03-26 04:00:00,2025-03-26,4,42.980000000000004,0.0,reported_accepted,daily_total_supported_zero,False,False
2025-03-26 05:00:00,2025-03-26,5,41.0,0.0,reported_accepted,daily_total_supported_zero,False,False
2025-03-26 06:00:00,2025-03-26,6,41.0,0.0,reported_accepted,daily_total_supported_zero,False,False
2025-03-26 07:00:00,2025-03-26,7,42.08,0.0,reported_accepted,daily_total_supported_zero,False,False
2025-03-26 08:00:00,2025-03-26,8,44.06,0.0,reported_accepted,daily_total_supported_zero,False,False
2025-03-26 09:00:00,2025-03-26,9,44.06,0.0,reported_accepted,daily_total_supported_zero,False,False
2025-03-26 10:00:00,2025-03-26,10,46.04,0.0,reported_accepted,daily_total_supported_zero,False,False
2025-03-26 11:00:00,2025-03-26,11,46.04,0.0,reported_accepted,daily_total_supported_zero,False,False
2025-03-26 12:00:00,2025-03-26,12,50.0,0.0,reported_accepted,daily_total_supported_zero,False,False
2025-03-26 13:00:00,2025-03-26,13,46.94,0.0,reported_accepted,reported_accepted,False,False
2025-03-26 14:00:00,2025-03-26,14,48.02,0.0,reported_accepted,reported_accepted,False,False
2025-03-26 15:00:00,2025-03-26,15,48.02,0.0,reported_accepted,daily_total_supported_zero,False,False
2025-03-26 16:00:00,2025-03-26,16,46.94,0.0,reported_accepted,daily_total_supported_zero,False,False
2025-03-26 17:00:00,2025-03-26,17,46.94,0.0,reported_accepted,daily_total_supported_zero,False,False
2025-03-26 18:00:00,2025-03-26,18,45.769999999999996,0.0,time_interpolation,daily_total_supported_zero,True,False
2025-03-26 19:00:00,2025-03-26,19,44.6,0.0,reported_accepted,daily_total_supported_zero,False,False
2025-03-26 20:00:00,2025-03-26,20,41.0,0.0,reported_flagged_fallback,daily_total_supported_zero,False,False
2025-03-26 21:00:00,2025-03-26,21,40.1,0.0,time_interpolation,daily_total_supported_zero,True,False
2025-03-26 22:00:00,2025-03-26,22,39.2,0.0,reported_flagged_fallback,daily_total_supported_zero,False,False
2025-03-26 23:00:00,2025-03-26,23,39.2,0.0,reported_accepted,daily_total_supported_zero,False,False
2025-03-27 00:00:00,2025-03-27,0,37.4,0.0,reported_flagged_fallback,daily_total_supported_zero,False,False
2025-03-27 01:00:00,2025-03-27,1,35.6,0.0,reported_flagged_fallback,reported_accepted,False,False
2025-03-27 02:00:00,2025-03-27,2,35.6,0.0,reported_flagged_fallback,reported_accepted,False,False
2025-03-27 03:00:00,2025-03-27,3,35.6,0.0,reported_flagged_fallback,reported_accepted,False,False
2025-03-27 04:00:00,2025-03-27,4,33.8,0.0,reported_flagged_fallback,reported_accepted,False,False
2025-03-27 05:00:00,2025-03-27,5,33.8,0.0,reported_flagged_fallback,reported_accepted,False,False
2025-03-27 06:00:00,2025-03-27,6,33.8,0.0,reported_flagged_fallback,reported_accepted,False,False
2025-03-27 07:00:00,2025-03-27,7,33.8,0.0,reported_flagged_fallback,reported_accepted,False,False
2025-03-27 08:00:00,2025-03-27,8,35.96,0.0,reported_accepted,reported_accepted,False,False
2025-03-27 09:00:00,2025-03-27,9,37.94,0.0,reported_accepted,reported_accepted,False,False
2025-03-27 10:00:00,2025-03-27,10,39.92,0.0,reported_accepted,reported_accepted,False,False
2025-03-27 11:00:00,2025-03-27,11,42.980000000000004,0.0,reported_accepted,reported_accepted,False,False
2025-03-27 12:00:00,2025-03-27,12,46.04,0.0,reported_accepted,reported_accepted,False,False
2025-03-27 13:00:00,2025-03-27,13,48.02,0.0,reported_accepted,reported_accepted,False,False
2025-03-27 14:00:00,2025-03-27,14,50.0,0.0,reported_accepted,reported_accepted,False,False
2025-03-27 15:00:00,2025-03-27,15,51.08,0.0,reported_accepted,reported_accepted,False,False
2025-03-27 16:00:00,2025-03-27,16,51.98,0.0,reported_accepted,reported_accepted,False,False
2025-03-27 17:00:00,2025-03-27,17,51.08,0.0,reported_accepted,reported_accepted,False,False
2025-03-27 18:00:00,2025-03-27,18,51.08,0.0,reported_accepted,reported_accepted,False,False
2025-03-27 19:00:00,2025-03-27,19,48.92,0.0,reported_accepted,reported_accepted,False,False
2025-03-27 20:00:00,2025-03-27,20,50.0,0.0,reported_accepted,reported_accepted,False,False
2025-03-27 21:00:00,2025-03-27,21,48.92,0.0,reported_accepted,reported_accepted,False,False
2025-03-27 22:00:00,2025-03-27,22,48.92,0.0,reported_accepted,reported_accepted,False,False
2025-03-27 23:00:00,2025-03-27,23,48.02,0.0,reported_accepted,reported_accepted,False,False
2025-03-28 00:00:00,2025-03-28,0,48.02,0.0,reported_accepted,reported_accepted,False,False
2025-03-28 01:00:00,2025-03-28,1,48.02,0.0,reported_accepted,reported_accepted,False,False
2025-03-28 02:00:00,2025-03-28,2,48.02,0.0,reported_accepted,reported_accepted,False,False
2025-03-28 03:00:00,2025-03-28,3,48.02,0.0,reported_accepted,reported_accepted,False,False
2025-03-28 04:00:00,2025-03-28,4,48.02,0.0,reported_accepted,reported_accepted,False,False
2025-03-28 05:00:00,2025-03-28,5,46.94,0.0,reported_accepted,reported_accepted,False,False
2025-03-28 06:00:00,2025-03-28,6,46.04,0.0,reported_accepted,reported_accepted,False,False
2025-03-28 07:00:00,2025-03-28,7,46.94,0.0,reported_accepted,reported_accepted,False,False
2025-03-28 08:00:00,2025-03-28,8,48.02,0.0,reported_accepted,reported_accepted,False,False
2025-03-28 09:00:00,2025-03-28,9,51.08,0.0,reported_accepted,reported_accepted,False,False
2025-03-28 10:00:00,2025-03-28,10,55.04,0.0,reported_accepted,reported_accepted,False,False
2025-03-28 11:00:00,2025-03-28,11,59.0,0.0,reported_accepted,reported_accepted,False,False
2025-03-28 12:00:00,2025-03-28,12,57.92,0.0,reported_accepted,reported_accepted,False,False
2025-03-28 13:00:00,2025-03-28,13,60.08,0.0,reported_accepted,reported_accepted,False,False
2025-03-28 14:00:00,2025-03-28,14,60.980000000000004,0.0,reported_accepted,reported_accepted,False,False
2025-03-28 15:00:00,2025-03-28,15,62.059999999999995,0.0,reported_accepted,reported_accepted,False,False
2025-03-28 16:00:00,2025-03-28,16,60.980000000000004,0.0,reported_accepted,reported_accepted,False,False
2025-03-28 17:00:00,2025-03-28,17,59.0,0.0,reported_accepted,reported_accepted,False,False
2025-03-28 18:00:00,2025-03-28,18,55.94,0.0,reported_accepted,reported_accepted,False,False
2025-03-28 19:00:00,2025-03-28,19,55.94,0.0,reported_accepted,reported_accepted,False,False
2025-03-28 20:00:00,2025-03-28,20,55.04,0.011811023622047244,reported_accepted,reported_accepted,False,False
2025-03-28 21:00:00,2025-03-28,21,55.04,0.011811023622047244,reported_accepted,reported_accepted,False,False
2025-03-28 22:00:00,2025-03-28,22,55.94,0.0,reported_accepted,reported_accepted,False,False
2025-03-28 23:00:00,2025-03-28,23,55.04,0.0,reported_accepted,reported_accepted,False,False
2025-03-29 00:00:00,2025-03-29,0,53.96,0.011811023622047244,reported_accepted,reported_accepted,False,False
2025-03-29 01:00:00,2025-03-29,1,55.04,0.0,reported_accepted,reported_accepted,False,False
2025-03-29 02:00:00,2025-03-29,2,57.02,0.0,reported_accepted,reported_accepted,False,False
2025-03-29 03:00:00,2025-03-29,3,55.94,0.0,reported_accepted,reported_accepted,False,False
2025-03-29 04:00:00,2025-03-29,4,57.02,0.0,reported_accepted,reported_accepted,False,False
2025-03-29 05:00:00,2025-03-29,5,59.0,0.0,reported_accepted,reported_accepted,False,False
2025-03-29 06:00:00,2025-03-29,6,59.0,0.0,reported_accepted,reported_accepted,False,False
2025-03-29 07:00:00,2025-03-29,7,60.08,0.0,reported_accepted,reported_accepted,False,False
2025-03-29 08:00:00,2025-03-29,8,62.059999999999995,0.0,reported_accepted,reported_accepted,False,False
2025-03-29 09:00:00,2025-03-29,9,64.94,0.0,reported_accepted,reported_accepted,False,False
2025-03-29 10:00:00,2025-03-29,10,69.98,0.0,reported_accepted,reported_accepted,False,False
2025-03-29 11:00:00,2025-03-29,11,75.02,0.0,reported_accepted,reported_accepted,False,False
2025-03-29 12:00:00,2025-03-29,12,78.08,0.0,reported_accepted,reported_accepted,False,False
2025-03-29 13:00:00,2025-03-29,13,80.96,0.0,reported_accepted,reported_accepted,False,False
2025-03-29 14:00:00,2025-03-29,14,78.98,0.0,reported_accepted,reported_accepted,False,False
2025-03-29 15:00:00,2025-03-29,15,78.08,0.0,reported_accepted,reported_accepted,False,False
2025-03-29 16:00:00,2025-03-29,16,78.98,0.0,reported_accepted,reported_accepted,False,False
2025-03-29 17:00:00,2025-03-29,17,64.49000000000001,0.0,time_interpolation,reported_accepted,True,False
2025-03-29 18:00:00,2025-03-29,18,50.0,0.0,reported_accepted,reported_accepted,False,False
2025-03-29 19:00:00,2025-03-29,19,50.0,0.0,reported_accepted,reported_accepted,False,False
2025-03-29 20:00:00,2025-03-29,20,48.02,0.0,reported_accepted,reported_accepted,False,False
2025-03-29 21:00:00,2025-03-29,21,48.02,0.0,reported_accepted,reported_accepted,False,False
2025-03-29 22:00:00,2025-03-29,22,46.94,0.0,reported_accepted,reported_accepted,False,False
2025-03-29 23:00:00,2025-03-29,23,46.04,0.0,reported_accepted,reported_accepted,False,False
2025-03-30 00:00:00,2025-03-30,0,44.06,0.0,reported_accepted,reported_accepted,False,False
2025-03-30 01:00:00,2025-03-30,1,42.980000000000004,0.0,reported_accepted,reported_accepted,False,False
2025-03-30 02:00:00,2025-03-30,2,42.980000000000004,0.0,reported_accepted,reported_accepted,False,False
2025-03-30 03:00:00,2025-03-30,3,42.08,0.0,reported_accepted,reported_accepted,False,False
2025-03-30 04:00:00,2025-03-30,4,42.08,0.0,reported_accepted,reported_accepted,False,False
2025-03-30 05:00:00,2025-03-30,5,42.08,0.0,reported_accepted,reported_accepted,False,False
2025-03-30 06:00:00,2025-03-30,6,42.980000000000004,0.0,reported_accepted,reported_accepted,False,False
2025-03-30 07:00:00,2025-03-30,7,42.980000000000004,0.0,reported_accepted,reported_accepted,False,False
2025-03-30 08:00:00,2025-03-30,8,44.06,0.0,reported_accepted,reported_accepted,False,False
2025-03-30 09:00:00,2025-03-30,9,44.96,0.0,reported_accepted,reported_accepted,False,False
2025-03-30 10:00:00,2025-03-30,10,44.96,0.0,reported_accepted,reported_accepted,False,False
2025-03-30 11:00:00,2025-03-30,11,44.96,0.0,reported_accepted,reported_accepted,False,False
2025-03-30 12:00:00,2025-03-30,12,46.04,0.0,reported_accepted,reported_accepted,False,False
2025-03-30 13:00:00,2025-03-30,13,46.04,0.0,reported_accepted,reported_accepted,False,False
2025-03-30 14:00:00,2025-03-30,14,46.04,0.0,reported_accepted,reported_accepted,False,False
2025-03-30 15:00:00,2025-03-30,15,48.02,0.0,reported_accepted,reported_accepted,False,False
2025-03-30 16:00:00,2025-03-30,16,46.04,0.0,reported_accepted,reported_accepted,False,False
2025-03-30 17:00:00,2025-03-30,17,46.04,0.0,reported_accepted,reported_accepted,False,False
2025-03-30 18:00:00,2025-03-30,18,46.04,0.0,reported_accepted,reported_accepted,False,False
2025-03-30 19:00:00,2025-03-30,19,44.96,0.0,reported_accepted,reported_accepted,False,False
2025-03-30 20:00:00,2025-03-30,20,44.96,0.0,reported_accepted,reported_accepted,False,False
2025-03-30 21:00:00,2025-03-30,21,46.04,0.0,reported_accepted,reported_accepted,False,False
2025-03-30 22:00:00,2025-03-30,22,44.96,0.03937007874015748,reported_accepted,reported_suspect_fallback,False,False
2025-03-30 23:00:00,2025-03-30,23,44.96,0.0,reported_accepted,reported_accepted,False,False
2025-03-31 00:00:00,2025-03-31,0,44.96,0.0,reported_accepted,reported_accepted,False,False
2025-03-31 01:00:00,2025-03-31,1,44.96,0.0,reported_accepted,reported_accepted,False,False
2025-03-31 02:00:00,2025-03-31,2,44.96,0.0,reported_accepted,reported_accepted,False,False
2025-03-31 03:00:00,2025-03-31,3,44.96,0.0,reported_accepted,reported_accepted,False,False
2025-03-31 04:00:00,2025-03-31,4,46.04,0.0,reported_accepted,reported_accepted,False,False
2025-03-31 05:00:00,2025-03-31,5,46.04,0.0,reported_accepted,reported_accepted,False,False
2025-03-31 06:00:00,2025-03-31,6,46.94,0.0,reported_accepted,reported_accepted,False,False
2025-03-31 07:00:00,2025-03-31,7,48.92,0.0,reported_accepted,reported_accepted,False,False
2025-03-31 08:00:00,2025-03-31,8,51.98,0.0,reported_accepted,reported_accepted,False,False
2025-03-31 09:00:00,2025-03-31,9,59.0,0.0,reported_accepted,reported_accepted,False,False
2025-03-31 10:00:00,2025-03-31,10,62.059999999999995,0.0,reported_accepted,reported_accepted,False,False
2025-03-31 11:00:00,2025-03-31,11,62.959999999999994,0.0,reported_accepted,reported_accepted,False,False
2025-03-31 12:00:00,2025-03-31,12,66.02,0.0,reported_accepted,reported_accepted,False,False
2025-03-31 13:00:00,2025-03-31,13,71.06,0.0,reported_accepted,reported_accepted,False,False
2025-03-31 14:00:00,2025-03-31,14,69.98,0.0,reported_accepted,reported_accepted,False,False
2025-03-31 15:00:00,2025-03-31,15,69.98,0.0,reported_accepted,reported_accepted,False,False
2025-03-31 16:00:00,2025-03-31,16,71.06,0.0,reported_accepted,reported_accepted,False,False
2025-03-31 17:00:00,2025-03-31,17,68.0,0.01968503937007874,reported_accepted,reported_accepted,False,False
2025-03-31 18:00:00,2025-03-31,18,62.959999999999994,0.05905511811023623,reported_accepted,reported_accepted,False,False
2025-03-31 19:00:00,2025-03-31,19,60.08,0.03149606299212599,reported_accepted,reported_accepted,False,False
2025-03-31 20:00:00,2025-03-31,20,59.0,0.0,reported_accepted,reported_accepted,False,False
2025-03-31 21:00:00,2025-03-31,21,60.08,0.7401574803149606,reported_accepted,reported_accepted,False,False
2025-03-31 22:00:00,2025-03-31,22,59.0,0.20866141732283466,reported_accepted,reported_accepted,False,False
2025-03-31 23:00:00,2025-03-31,23,59.0,0.07874015748031496,reported_accepted,reported_accepted,False,False
